2026-03-22T00:01:29.3547381Z State: Starting, Action: EstablishingSiteNetworks, LastError: ContainerTimeout, LastErrorTimestamp: 03/21/2026 23:58:03, LastErrorDetails: Container did not start within expected time limit of 230s. Please inspect your container logs for more details., Details: Site is blocked due to multiple, consecutive cold start failures. Site scheduled to be unblocked at 03/22/2026 00:00:05, DetailsLevel: WARN
2026-03-22T00:01:34.1095393Z State: Starting, Action: StartingSiteContainers, LastError: ContainerTimeout, LastErrorTimestamp: 03/21/2026 23:58:03, LastErrorDetails: Container did not start within expected time limit of 230s. Please inspect your container logs for more details., Details: Site is blocked due to multiple, consecutive cold start failures. Site scheduled to be unblocked at 03/22/2026 00:00:05, DetailsLevel: WARN
2026-03-22T00:01:34.1098053Z Container start method called.
2026-03-22T00:01:34.1099219Z State: Starting, Action: PullingImage, LastError: ContainerTimeout, LastErrorTimestamp: 03/21/2026 23:58:03, LastErrorDetails: Container did not start within expected time limit of 230s. Please inspect your container logs for more details., Details: Pulling image 10.1.0.4:13209/appsvc/node:20-lts_20260115.4.tuxprod for card-social-api., DetailsLevel: INFO
2026-03-22T00:01:34.1100419Z Establishing network.
2026-03-22T00:01:34.1101895Z Pulling image: appsvc/node:20-lts_20260115.4.tuxprod.
2026-03-22T00:01:57.4630463Z Container is starting.
2026-03-22T00:01:57.4648190Z State: Starting, Action: MountingVolumes, LastError: ContainerTimeout, LastErrorTimestamp: 03/21/2026 23:58:03, LastErrorDetails: Container did not start within expected time limit of 230s. Please inspect your container logs for more details., Details: Mounting volumes for card-social-api., DetailsLevel: INFO
2026-03-22T00:01:57.4650437Z Establishing user namespace if not established already.
2026-03-22T00:01:57.4655211Z Establishing network if not established already.
2026-03-22T00:01:57.4732787Z Mounting volumes.
2026-03-22T00:01:57.4735788Z Nested mountpoint 
2026-03-22T00:01:57.6077486Z Nested mountpoint volatile/logs
2026-03-22T00:01:57.6795126Z Nested mountpoint 
2026-03-22T00:01:57.6983939Z Nested mountpoint 
2026-03-22T00:01:57.7168893Z Nested mountpoint 
2026-03-22T00:01:58.2049887Z State: Starting, Action: CreatingContainer, LastError: ContainerTimeout, LastErrorTimestamp: 03/21/2026 23:58:03, LastErrorDetails: Container did not start within expected time limit of 230s. Please inspect your container logs for more details., Details: Finished pulling container image and mounting volumes for card-social-api. Allocatinng the rest of the container resources to finish container creation., DetailsLevel: INFO
2026-03-22T00:01:58.2051744Z Creating container.
2026-03-22T00:01:58.2053139Z Creating pipes for streaming container io.
2026-03-22T00:01:58.2054405Z Creating stdout named pipe at /podr/container/pipe/faeccd0b1481_card-social-api/stdout_9e0409811ca74404ba3669c550268305.
2026-03-22T00:01:58.2067462Z Successfully created stdout named pipe at: /podr/container/pipe/faeccd0b1481_card-social-api/stdout_9e0409811ca74404ba3669c550268305.
2026-03-22T00:01:58.2069437Z Opening named pipe /podr/container/pipe/faeccd0b1481_card-social-api/stdout_9e0409811ca74404ba3669c550268305 for reading in non-blocking mode.
2026-03-22T00:01:58.2071595Z Successfully opened named pipe: /podr/container/pipe/faeccd0b1481_card-social-api/stdout_9e0409811ca74404ba3669c550268305.
2026-03-22T00:01:58.2082362Z Successfully removed non-blocking flag from /podr/container/pipe/faeccd0b1481_card-social-api/stdout_9e0409811ca74404ba3669c550268305.
2026-03-22T00:01:58.2247427Z Creating stderr named pipe at /podr/container/pipe/faeccd0b1481_card-social-api/stderr_feb15dc96aa2489e8882fc56efddd525.
2026-03-22T00:01:58.2262077Z Successfully created stderr named pipe at: /podr/container/pipe/faeccd0b1481_card-social-api/stderr_feb15dc96aa2489e8882fc56efddd525.
2026-03-22T00:01:58.2264661Z Opening named pipe /podr/container/pipe/faeccd0b1481_card-social-api/stderr_feb15dc96aa2489e8882fc56efddd525 for reading in non-blocking mode.
2026-03-22T00:01:58.2267048Z Successfully opened named pipe: /podr/container/pipe/faeccd0b1481_card-social-api/stderr_feb15dc96aa2489e8882fc56efddd525.
2026-03-22T00:01:58.2271014Z Successfully removed non-blocking flag from /podr/container/pipe/faeccd0b1481_card-social-api/stderr_feb15dc96aa2489e8882fc56efddd525.
2026-03-22T00:01:58.2279115Z Creating container with image: appsvc/node:20-lts_20260115.4.tuxprod from registry: 10.1.0.5:13209 and fully qualified image name: 10.1.0.5:13209/appsvc/node:20-lts_20260115.4.tuxprod
2026-03-22T00:01:59.5322528Z Starting container: faeccd0b1481_card-social-api.
2026-03-22T00:01:59.8002589Z Starting watchers and probes.
2026-03-22T00:01:59.8013046Z Starting metrics collection.
2026-03-22T00:01:59.8100434Z Container is running.
2026-03-22T00:01:59.8108001Z State: Starting, Action: CreatingContainer, LastError: ContainerTimeout, LastErrorTimestamp: 03/21/2026 23:58:03, LastErrorDetails: Container did not start within expected time limit of 230s. Please inspect your container logs for more details., Details: Container card-social-api successfully created and is running., DetailsLevel: INFO
2026-03-22T00:01:59.8997965Z Container start method finished after 25787 ms.
2026-03-22T00:01:59.9082751Z State: Starting, Action: InitiatingSiteWarmUpProbe, LastError: ContainerTimeout, LastErrorTimestamp: 03/21/2026 23:58:03, LastErrorDetails: Container did not start within expected time limit of 230s. Please inspect your container logs for more details., Details: Container card-social-api successfully created and is running., DetailsLevel: INFO
2026-03-22T00:01:59.9091854Z State: Starting, Action: WaitingForSiteWarmUpProbeSuccess, LastError: ContainerTimeout, LastErrorTimestamp: 03/21/2026 23:58:03, LastErrorDetails: Container did not start within expected time limit of 230s. Please inspect your container logs for more details., Details: Pinging warmup path to ensure container is ready to receive requests., DetailsLevel: INFO
2026-03-22T00:02:53.3916846Z Container has finished running with exit code: 1.
2026-03-22T00:02:53.3923713Z Container is terminating. Grace period: 5 seconds.
2026-03-22T00:02:53.3994925Z Stop and delete container. Retry count = 0
2026-03-22T00:02:53.3996952Z Stopping container: faeccd0b1481_card-social-api.
2026-03-22T00:02:53.5190359Z Deleting container: faeccd0b1481_card-social-api. Retry count = 0
2026-03-22T00:02:53.9677361Z Container spec TerminationMessagePolicy  path 
2026-03-22T00:02:53.9679469Z Container is terminated. Total time elapsed: 575 ms.
2026-03-22T00:02:53.9683646Z Site container: card-social-api terminated during site startup.
2026-03-22T00:02:53.9770356Z State: Stopping, Action: CancellingStartup, LastError: ContainerTimeout, LastErrorTimestamp: 03/21/2026 23:58:03, LastErrorDetails: Container did not start within expected time limit of 230s. Please inspect your container logs for more details., Details: Site container: card-social-api terminated during site startup. Cancelling site startup., DetailsLevel: ERR
2026-03-22T00:02:54.1171948Z Site startup probe failed after 54.2000825 seconds.
2026-03-22T00:02:54.7602007Z State: Stopping, Action: CancellingStartup, LastError: ContainerTimeout, LastErrorTimestamp: 03/22/2026 00:02:54, LastErrorDetails: Container did not start within expected time limit of 230s. Please inspect your container logs for more details., Details: Site container: card-social-api terminated during site startup. Cancelling site startup., DetailsLevel: ERR
2026-03-22T00:02:54.7730487Z Failed to start site. Revert by stopping site.
2026-03-22T00:02:54.7733509Z State: Stopping, Action: StoppingSite, LastError: ContainerTimeout, LastErrorTimestamp: 03/22/2026 00:02:54, LastErrorDetails: Container did not start within expected time limit of 230s. Please inspect your container logs for more details., Details: Site container: card-social-api terminated during site startup. Cancelling site startup., DetailsLevel: ERR
2026-03-22T00:02:54.7915170Z State: Stopping, Action: StoppingSiteContainers, LastError: ContainerTimeout, LastErrorTimestamp: 03/22/2026 00:02:54, LastErrorDetails: Container did not start within expected time limit of 230s. Please inspect your container logs for more details., Details: Site container: card-social-api terminated during site startup. Cancelling site startup., DetailsLevel: ERR
2026-03-22T00:02:54.7915672Z Site: card-social-api stopped.
2026-03-22T00:02:54.8032974Z State: Stopping, Action: UnmountingVolumes, LastError: ContainerTimeout, LastErrorTimestamp: 03/22/2026 00:02:54, LastErrorDetails: Container did not start within expected time limit of 230s. Please inspect your container logs for more details., Details: Site container: card-social-api terminated during site startup. Cancelling site startup., DetailsLevel: ERR
2026-03-22T00:02:55.3108280Z State: Stopping, Action: StoppingSiteNetworks, LastError: ContainerTimeout, LastErrorTimestamp: 03/22/2026 00:02:54, LastErrorDetails: Container did not start within expected time limit of 230s. Please inspect your container logs for more details., Details: Site container: card-social-api terminated during site startup. Cancelling site startup., DetailsLevel: ERR
2026-03-22T00:02:55.6734222Z State: Stopped, Action: None, LastError: ContainerTimeout, LastErrorTimestamp: 03/22/2026 00:02:54, LastErrorDetails: Container did not start within expected time limit of 230s. Please inspect your container logs for more details., Details: Site stopped at 03/22/2026 00:02:55 (UTC), DetailsLevel: ERR
2026-03-22T00:02:56.1005459Z State: Stopped, Action: None, LastError: ContainerTimeout, LastErrorTimestamp: 03/22/2026 00:02:54, LastErrorDetails: Container did not start within expected time limit of 230s. Please inspect your container logs for more details., Details: Site stopped at 03/22/2026 00:02:55 (UTC), DetailsLevel: ERR
2026-03-22T00:02:56.4319499Z State: Starting, Action: EstablishingSiteNetworks, LastError: ContainerTimeout, LastErrorTimestamp: 03/22/2026 00:02:54, LastErrorDetails: Container did not start within expected time limit of 230s. Please inspect your container logs for more details., Details: Site stopped at 03/22/2026 00:02:55 (UTC), DetailsLevel: ERR
2026-03-22T00:03:00.3328309Z State: Starting, Action: StartingSiteContainers, LastError: ContainerTimeout, LastErrorTimestamp: 03/22/2026 00:02:54, LastErrorDetails: Container did not start within expected time limit of 230s. Please inspect your container logs for more details., Details: Site stopped at 03/22/2026 00:02:55 (UTC), DetailsLevel: ERR
2026-03-22T00:03:00.3329629Z Container start method called.
2026-03-22T00:03:00.3330172Z State: Starting, Action: PullingImage, LastError: ContainerTimeout, LastErrorTimestamp: 03/22/2026 00:02:54, LastErrorDetails: Container did not start within expected time limit of 230s. Please inspect your container logs for more details., Details: Pulling image 10.1.0.5:13209/appsvc/node:20-lts_20260115.4.tuxprod for card-social-api., DetailsLevel: INFO
2026-03-22T00:03:00.3412414Z Establishing network.
2026-03-22T00:03:00.3414916Z Pulling image: appsvc/node:20-lts_20260115.4.tuxprod.
2026-03-22T00:03:26.5570398Z Container is starting.
2026-03-22T00:03:26.5576532Z State: Starting, Action: MountingVolumes, LastError: ContainerTimeout, LastErrorTimestamp: 03/22/2026 00:02:54, LastErrorDetails: Container did not start within expected time limit of 230s. Please inspect your container logs for more details., Details: Mounting volumes for card-social-api., DetailsLevel: INFO
2026-03-22T00:03:26.5585113Z Establishing user namespace if not established already.
2026-03-22T00:03:26.5597095Z Establishing network if not established already.
2026-03-22T00:03:26.5671859Z Mounting volumes.
2026-03-22T00:03:26.5682230Z Nested mountpoint 
2026-03-22T00:03:26.6589026Z Nested mountpoint volatile/logs
2026-03-22T00:03:26.7350212Z Nested mountpoint 
2026-03-22T00:03:26.7370954Z Nested mountpoint 
2026-03-22T00:03:26.8214255Z Nested mountpoint 
2026-03-22T00:03:27.2483002Z State: Starting, Action: CreatingContainer, LastError: ContainerTimeout, LastErrorTimestamp: 03/22/2026 00:02:54, LastErrorDetails: Container did not start within expected time limit of 230s. Please inspect your container logs for more details., Details: Finished pulling container image and mounting volumes for card-social-api. Allocatinng the rest of the container resources to finish container creation., DetailsLevel: INFO
2026-03-22T00:03:27.2559971Z Creating container.
2026-03-22T00:03:27.2571921Z Creating pipes for streaming container io.
2026-03-22T00:03:27.2580892Z Creating stdout named pipe at /podr/container/pipe/55b02b2706e9_card-social-api/stdout_afcc2cc0d46b4af499ada1a8ecf2bac4.
2026-03-22T00:03:27.2879534Z Successfully created stdout named pipe at: /podr/container/pipe/55b02b2706e9_card-social-api/stdout_afcc2cc0d46b4af499ada1a8ecf2bac4.
2026-03-22T00:03:27.2967237Z Opening named pipe /podr/container/pipe/55b02b2706e9_card-social-api/stdout_afcc2cc0d46b4af499ada1a8ecf2bac4 for reading in non-blocking mode.
2026-03-22T00:03:27.3034610Z Successfully opened named pipe: /podr/container/pipe/55b02b2706e9_card-social-api/stdout_afcc2cc0d46b4af499ada1a8ecf2bac4.
2026-03-22T00:03:27.3038958Z Successfully removed non-blocking flag from /podr/container/pipe/55b02b2706e9_card-social-api/stdout_afcc2cc0d46b4af499ada1a8ecf2bac4.
2026-03-22T00:03:27.3047351Z Creating stderr named pipe at /podr/container/pipe/55b02b2706e9_card-social-api/stderr_027e0a05786346afb6419918e5005e45.
2026-03-22T00:03:27.3049561Z Successfully created stderr named pipe at: /podr/container/pipe/55b02b2706e9_card-social-api/stderr_027e0a05786346afb6419918e5005e45.
2026-03-22T00:03:27.3051304Z Opening named pipe /podr/container/pipe/55b02b2706e9_card-social-api/stderr_027e0a05786346afb6419918e5005e45 for reading in non-blocking mode.
2026-03-22T00:03:27.3052673Z Successfully opened named pipe: /podr/container/pipe/55b02b2706e9_card-social-api/stderr_027e0a05786346afb6419918e5005e45.
2026-03-22T00:03:27.3054294Z Successfully removed non-blocking flag from /podr/container/pipe/55b02b2706e9_card-social-api/stderr_027e0a05786346afb6419918e5005e45.
2026-03-22T00:03:27.3231056Z Creating container with image: appsvc/node:20-lts_20260115.4.tuxprod from registry: 10.1.0.5:13209 and fully qualified image name: 10.1.0.5:13209/appsvc/node:20-lts_20260115.4.tuxprod
2026-03-22T00:03:28.3904419Z Starting container: 55b02b2706e9_card-social-api.
2026-03-22T00:03:28.5289401Z Starting watchers and probes.
2026-03-22T00:03:28.5582630Z Starting metrics collection.
2026-03-22T00:03:28.5584469Z Container is running.
2026-03-22T00:03:28.5585334Z State: Starting, Action: CreatingContainer, LastError: ContainerTimeout, LastErrorTimestamp: 03/22/2026 00:02:54, LastErrorDetails: Container did not start within expected time limit of 230s. Please inspect your container logs for more details., Details: Container card-social-api successfully created and is running., DetailsLevel: INFO
2026-03-22T00:03:28.8085636Z Container start method finished after 28475 ms.
2026-03-22T00:03:28.8088041Z State: Starting, Action: InitiatingSiteWarmUpProbe, LastError: ContainerTimeout, LastErrorTimestamp: 03/22/2026 00:02:54, LastErrorDetails: Container did not start within expected time limit of 230s. Please inspect your container logs for more details., Details: Container card-social-api successfully created and is running., DetailsLevel: INFO
2026-03-22T00:03:28.8088341Z State: Starting, Action: WaitingForSiteWarmUpProbeSuccess, LastError: ContainerTimeout, LastErrorTimestamp: 03/22/2026 00:02:54, LastErrorDetails: Container did not start within expected time limit of 230s. Please inspect your container logs for more details., Details: Pinging warmup path to ensure container is ready to receive requests., DetailsLevel: INFO
2026-03-22T00:04:16.2495617Z Container has finished running with exit code: 1.
2026-03-22T00:04:16.2497112Z Container is terminating. Grace period: 5 seconds.
2026-03-22T00:04:16.2598013Z Stop and delete container. Retry count = 0
2026-03-22T00:04:16.2602142Z Stopping container: 55b02b2706e9_card-social-api.
2026-03-22T00:04:16.3490669Z Deleting container: 55b02b2706e9_card-social-api. Retry count = 0
2026-03-22T00:04:16.8201527Z Container spec TerminationMessagePolicy  path 
2026-03-22T00:04:16.8381983Z Container is terminated. Total time elapsed: 571 ms.
2026-03-22T00:04:16.8486905Z Site container: card-social-api terminated during site startup.
2026-03-22T00:04:16.8684539Z State: Stopping, Action: CancellingStartup, LastError: ContainerTimeout, LastErrorTimestamp: 03/22/2026 00:02:54, LastErrorDetails: Container did not start within expected time limit of 230s. Please inspect your container logs for more details., Details: Site container: card-social-api terminated during site startup. Cancelling site startup., DetailsLevel: ERR
2026-03-22T00:04:16.9394471Z Site startup probe failed after 48.121047 seconds.
2026-03-22T00:04:17.4707204Z State: Stopping, Action: CancellingStartup, LastError: ContainerTimeout, LastErrorTimestamp: 03/22/2026 00:04:17, LastErrorDetails: Container did not start within expected time limit of 230s. Please inspect your container logs for more details., Details: Site container: card-social-api terminated during site startup. Cancelling site startup., DetailsLevel: ERR
2026-03-22T00:04:17.4993057Z Failed to start site. Revert by stopping site.
2026-03-22T00:04:17.5188601Z State: Stopping, Action: StoppingSite, LastError: ContainerTimeout, LastErrorTimestamp: 03/22/2026 00:04:17, LastErrorDetails: Container did not start within expected time limit of 230s. Please inspect your container logs for more details., Details: Site container: card-social-api terminated during site startup. Cancelling site startup., DetailsLevel: ERR
2026-03-22T00:04:17.5211225Z State: Stopping, Action: StoppingSiteContainers, LastError: ContainerTimeout, LastErrorTimestamp: 03/22/2026 00:04:17, LastErrorDetails: Container did not start within expected time limit of 230s. Please inspect your container logs for more details., Details: Site container: card-social-api terminated during site startup. Cancelling site startup., DetailsLevel: ERR
2026-03-22T00:04:17.5211502Z Site: card-social-api stopped.
2026-03-22T00:04:17.5412166Z State: Stopping, Action: UnmountingVolumes, LastError: ContainerTimeout, LastErrorTimestamp: 03/22/2026 00:04:17, LastErrorDetails: Container did not start within expected time limit of 230s. Please inspect your container logs for more details., Details: Site container: card-social-api terminated during site startup. Cancelling site startup., DetailsLevel: ERR
2026-03-22T00:04:18.0563590Z State: Stopping, Action: StoppingSiteNetworks, LastError: ContainerTimeout, LastErrorTimestamp: 03/22/2026 00:04:17, LastErrorDetails: Container did not start within expected time limit of 230s. Please inspect your container logs for more details., Details: Site container: card-social-api terminated during site startup. Cancelling site startup., DetailsLevel: ERR
2026-03-22T00:04:18.3824125Z Site: card-social-api will be blocked for 1 minutes till 03/22/2026 00:05:18
2026-03-22T00:04:18.3827006Z State: Blocked, Action: StoppingSiteNetworks, LastError: ContainerTimeout, LastErrorTimestamp: 03/22/2026 00:04:17, LastErrorDetails: Container did not start within expected time limit of 230s. Please inspect your container logs for more details., Details: Site: card-social-api will be blocked for 1 minutes till 03/22/2026 00:05:18, DetailsLevel: WARN
2026-03-22T00:04:18.3987951Z State: Stopped, Action: None, LastError: ContainerTimeout, LastErrorTimestamp: 03/22/2026 00:04:17, LastErrorDetails: Container did not start within expected time limit of 230s. Please inspect your container logs for more details., Details: Site stopped at 03/22/2026 00:04:18 (UTC), DetailsLevel: WARN
2026-03-22T00:04:18.5527082Z State: Stopped, Action: None, LastError: ContainerTimeout, LastErrorTimestamp: 03/22/2026 00:04:17, LastErrorDetails: Container did not start within expected time limit of 230s. Please inspect your container logs for more details., Details: Site stopped at 03/22/2026 00:04:18 (UTC), DetailsLevel: WARN
2026-03-22T00:04:19.0529201Z State: Blocked, Action: None, LastError: ContainerTimeout, LastErrorTimestamp: 03/22/2026 00:04:17, LastErrorDetails: Container did not start within expected time limit of 230s. Please inspect your container logs for more details., Details: Site is blocked due to multiple, consecutive cold start failures. Site scheduled to be unblocked at 03/22/2026 00:05:18, DetailsLevel: WARN
2026-03-22T00:04:19.0598038Z Start site prohibitted because the site is being blocked.
2026-03-22T00:05:18.3868539Z Site: card-social-api is unblocked.
2026-03-22T00:09:12.7055442Z State: Starting, Action: EstablishingSiteNetworks, LastError: ContainerTimeout, LastErrorTimestamp: 03/22/2026 00:04:17, LastErrorDetails: Container did not start within expected time limit of 230s. Please inspect your container logs for more details., Details: Site is blocked due to multiple, consecutive cold start failures. Site scheduled to be unblocked at 03/22/2026 00:05:18, DetailsLevel: WARN
2026-03-22T00:09:15.4603667Z State: Starting, Action: StartingSiteContainers, LastError: ContainerTimeout, LastErrorTimestamp: 03/22/2026 00:04:17, LastErrorDetails: Container did not start within expected time limit of 230s. Please inspect your container logs for more details., Details: Site is blocked due to multiple, consecutive cold start failures. Site scheduled to be unblocked at 03/22/2026 00:05:18, DetailsLevel: WARN
2026-03-22T00:09:15.4605194Z Container start method called.
2026-03-22T00:09:15.4605761Z State: Starting, Action: PullingImage, LastError: ContainerTimeout, LastErrorTimestamp: 03/22/2026 00:04:17, LastErrorDetails: Container did not start within expected time limit of 230s. Please inspect your container logs for more details., Details: Pulling image 10.1.0.5:13209/appsvc/node:20-lts_20260115.4.tuxprod for card-social-api., DetailsLevel: INFO
2026-03-22T00:09:15.4606793Z Establishing network.
2026-03-22T00:09:15.4607891Z Pulling image: appsvc/node:20-lts_20260115.4.tuxprod.
2026-03-22T00:09:38.1255290Z Container is starting.
2026-03-22T00:09:38.1272579Z State: Starting, Action: MountingVolumes, LastError: ContainerTimeout, LastErrorTimestamp: 03/22/2026 00:04:17, LastErrorDetails: Container did not start within expected time limit of 230s. Please inspect your container logs for more details., Details: Mounting volumes for card-social-api., DetailsLevel: INFO
2026-03-22T00:09:38.1357249Z Establishing user namespace if not established already.
2026-03-22T00:09:38.1364456Z Establishing network if not established already.
2026-03-22T00:09:38.1431824Z Mounting volumes.
2026-03-22T00:09:38.1438573Z Nested mountpoint 
2026-03-22T00:09:38.2031686Z Nested mountpoint volatile/logs
2026-03-22T00:09:38.2329965Z Nested mountpoint 
2026-03-22T00:09:38.2916880Z Nested mountpoint 
2026-03-22T00:09:38.4636347Z Nested mountpoint 
2026-03-22T00:09:39.0638002Z State: Starting, Action: CreatingContainer, LastError: ContainerTimeout, LastErrorTimestamp: 03/22/2026 00:04:17, LastErrorDetails: Container did not start within expected time limit of 230s. Please inspect your container logs for more details., Details: Finished pulling container image and mounting volumes for card-social-api. Allocatinng the rest of the container resources to finish container creation., DetailsLevel: INFO
2026-03-22T00:09:39.0639420Z Creating container.
2026-03-22T00:09:39.0708460Z Creating pipes for streaming container io.
2026-03-22T00:09:39.0713156Z Creating stdout named pipe at /podr/container/pipe/16707931a6e3_card-social-api/stdout_1b8526dd7991481b926778ac5835fe95.
2026-03-22T00:09:39.0825701Z Successfully created stdout named pipe at: /podr/container/pipe/16707931a6e3_card-social-api/stdout_1b8526dd7991481b926778ac5835fe95.
2026-03-22T00:09:39.0836864Z Opening named pipe /podr/container/pipe/16707931a6e3_card-social-api/stdout_1b8526dd7991481b926778ac5835fe95 for reading in non-blocking mode.
2026-03-22T00:09:39.0845228Z Successfully opened named pipe: /podr/container/pipe/16707931a6e3_card-social-api/stdout_1b8526dd7991481b926778ac5835fe95.
2026-03-22T00:09:39.0906838Z Successfully removed non-blocking flag from /podr/container/pipe/16707931a6e3_card-social-api/stdout_1b8526dd7991481b926778ac5835fe95.
2026-03-22T00:09:39.0910076Z Creating stderr named pipe at /podr/container/pipe/16707931a6e3_card-social-api/stderr_a7241b99d6ea4e39a1549f0be7cf5b35.
2026-03-22T00:09:39.0912401Z Successfully created stderr named pipe at: /podr/container/pipe/16707931a6e3_card-social-api/stderr_a7241b99d6ea4e39a1549f0be7cf5b35.
2026-03-22T00:09:39.0913457Z Opening named pipe /podr/container/pipe/16707931a6e3_card-social-api/stderr_a7241b99d6ea4e39a1549f0be7cf5b35 for reading in non-blocking mode.
2026-03-22T00:09:39.0915271Z Successfully opened named pipe: /podr/container/pipe/16707931a6e3_card-social-api/stderr_a7241b99d6ea4e39a1549f0be7cf5b35.
2026-03-22T00:09:39.0916261Z Successfully removed non-blocking flag from /podr/container/pipe/16707931a6e3_card-social-api/stderr_a7241b99d6ea4e39a1549f0be7cf5b35.
2026-03-22T00:09:39.0917921Z Creating container with image: appsvc/node:20-lts_20260115.4.tuxprod from registry: 10.1.0.5:13209 and fully qualified image name: 10.1.0.5:13209/appsvc/node:20-lts_20260115.4.tuxprod
2026-03-22T00:09:39.7861870Z Starting container: 16707931a6e3_card-social-api.
2026-03-22T00:09:39.8736791Z Starting watchers and probes.
2026-03-22T00:09:39.9159129Z Starting metrics collection.
2026-03-22T00:09:39.9233258Z Container is running.
2026-03-22T00:09:39.9234605Z State: Starting, Action: CreatingContainer, LastError: ContainerTimeout, LastErrorTimestamp: 03/22/2026 00:04:17, LastErrorDetails: Container did not start within expected time limit of 230s. Please inspect your container logs for more details., Details: Container card-social-api successfully created and is running., DetailsLevel: INFO
2026-03-22T00:09:40.2512088Z Container start method finished after 24790 ms.
2026-03-22T00:09:40.2706241Z State: Starting, Action: InitiatingSiteWarmUpProbe, LastError: ContainerTimeout, LastErrorTimestamp: 03/22/2026 00:04:17, LastErrorDetails: Container did not start within expected time limit of 230s. Please inspect your container logs for more details., Details: Container card-social-api successfully created and is running., DetailsLevel: INFO
2026-03-22T00:09:40.2706881Z State: Starting, Action: WaitingForSiteWarmUpProbeSuccess, LastError: ContainerTimeout, LastErrorTimestamp: 03/22/2026 00:04:17, LastErrorDetails: Container did not start within expected time limit of 230s. Please inspect your container logs for more details., Details: Pinging warmup path to ensure container is ready to receive requests., DetailsLevel: INFO
2026-03-22T00:10:16.4016400Z Container has finished running with exit code: 1.
2026-03-22T00:10:16.4018231Z Container is terminating. Grace period: 5 seconds.
2026-03-22T00:10:16.4026954Z Stop and delete container. Retry count = 0
2026-03-22T00:10:16.4033428Z Stopping container: 16707931a6e3_card-social-api.
2026-03-22T00:10:16.5326056Z Deleting container: 16707931a6e3_card-social-api. Retry count = 0
2026-03-22T00:10:16.8128075Z Container spec TerminationMessagePolicy  path 
2026-03-22T00:10:16.8137863Z Container is terminated. Total time elapsed: 411 ms.
2026-03-22T00:10:16.8145908Z Site container: card-social-api terminated during site startup.
2026-03-22T00:10:16.8157042Z State: Stopping, Action: CancellingStartup, LastError: ContainerTimeout, LastErrorTimestamp: 03/22/2026 00:04:17, LastErrorDetails: Container did not start within expected time limit of 230s. Please inspect your container logs for more details., Details: Site container: card-social-api terminated during site startup. Cancelling site startup., DetailsLevel: ERR
2026-03-22T00:10:16.8744219Z Site startup probe failed after 36.5853806 seconds.
2026-03-22T00:10:17.2726952Z State: Stopping, Action: CancellingStartup, LastError: ContainerTimeout, LastErrorTimestamp: 03/22/2026 00:10:17, LastErrorDetails: Container did not start within expected time limit of 230s. Please inspect your container logs for more details., Details: Site container: card-social-api terminated during site startup. Cancelling site startup., DetailsLevel: ERR
2026-03-22T00:10:17.3150600Z Failed to start site. Revert by stopping site.
2026-03-22T00:10:17.3343705Z State: Stopping, Action: StoppingSite, LastError: ContainerTimeout, LastErrorTimestamp: 03/22/2026 00:10:17, LastErrorDetails: Container did not start within expected time limit of 230s. Please inspect your container logs for more details., Details: Site container: card-social-api terminated during site startup. Cancelling site startup., DetailsLevel: ERR
2026-03-22T00:10:17.3543769Z State: Stopping, Action: StoppingSiteContainers, LastError: ContainerTimeout, LastErrorTimestamp: 03/22/2026 00:10:17, LastErrorDetails: Container did not start within expected time limit of 230s. Please inspect your container logs for more details., Details: Site container: card-social-api terminated during site startup. Cancelling site startup., DetailsLevel: ERR
2026-03-22T00:10:17.3544151Z Site: card-social-api stopped.
2026-03-22T00:10:17.3623873Z State: Stopping, Action: UnmountingVolumes, LastError: ContainerTimeout, LastErrorTimestamp: 03/22/2026 00:10:17, LastErrorDetails: Container did not start within expected time limit of 230s. Please inspect your container logs for more details., Details: Site container: card-social-api terminated during site startup. Cancelling site startup., DetailsLevel: ERR
2026-03-22T00:10:17.7834430Z State: Stopping, Action: StoppingSiteNetworks, LastError: ContainerTimeout, LastErrorTimestamp: 03/22/2026 00:10:17, LastErrorDetails: Container did not start within expected time limit of 230s. Please inspect your container logs for more details., Details: Site container: card-social-api terminated during site startup. Cancelling site startup., DetailsLevel: ERR
2026-03-22T00:10:18.1973030Z Site: card-social-api will be blocked for 1 minutes till 03/22/2026 00:11:18
2026-03-22T00:10:18.1984981Z State: Blocked, Action: StoppingSiteNetworks, LastError: ContainerTimeout, LastErrorTimestamp: 03/22/2026 00:10:17, LastErrorDetails: Container did not start within expected time limit of 230s. Please inspect your container logs for more details., Details: Site: card-social-api will be blocked for 1 minutes till 03/22/2026 00:11:18, DetailsLevel: WARN
2026-03-22T00:10:18.2058012Z State: Stopped, Action: None, LastError: ContainerTimeout, LastErrorTimestamp: 03/22/2026 00:10:17, LastErrorDetails: Container did not start within expected time limit of 230s. Please inspect your container logs for more details., Details: Site stopped at 03/22/2026 00:10:18 (UTC), DetailsLevel: WARN
2026-03-22T00:10:18.4110225Z State: Stopped, Action: None, LastError: ContainerTimeout, LastErrorTimestamp: 03/22/2026 00:10:17, LastErrorDetails: Container did not start within expected time limit of 230s. Please inspect your container logs for more details., Details: Site stopped at 03/22/2026 00:10:18 (UTC), DetailsLevel: WARN
2026-03-22T00:10:18.6022564Z State: Blocked, Action: None, LastError: ContainerTimeout, LastErrorTimestamp: 03/22/2026 00:10:17, LastErrorDetails: Container did not start within expected time limit of 230s. Please inspect your container logs for more details., Details: Site is blocked due to multiple, consecutive cold start failures. Site scheduled to be unblocked at 03/22/2026 00:11:18, DetailsLevel: WARN
2026-03-22T00:10:18.6025819Z Start site prohibitted because the site is being blocked.
2026-03-22T00:11:18.2031271Z Site: card-social-api is unblocked.
2026-03-22T00:12:38.2938553Z State: Starting, Action: EstablishingSiteNetworks, LastError: ContainerTimeout, LastErrorTimestamp: 03/22/2026 00:10:17, LastErrorDetails: Container did not start within expected time limit of 230s. Please inspect your container logs for more details., Details: Site is blocked due to multiple, consecutive cold start failures. Site scheduled to be unblocked at 03/22/2026 00:11:18, DetailsLevel: WARN
2026-03-22T00:12:40.6580067Z State: Starting, Action: StartingSiteContainers, LastError: ContainerTimeout, LastErrorTimestamp: 03/22/2026 00:10:17, LastErrorDetails: Container did not start within expected time limit of 230s. Please inspect your container logs for more details., Details: Site is blocked due to multiple, consecutive cold start failures. Site scheduled to be unblocked at 03/22/2026 00:11:18, DetailsLevel: WARN
2026-03-22T00:12:40.6581461Z Container start method called.
2026-03-22T00:12:40.6582000Z State: Starting, Action: PullingImage, LastError: ContainerTimeout, LastErrorTimestamp: 03/22/2026 00:10:17, LastErrorDetails: Container did not start within expected time limit of 230s. Please inspect your container logs for more details., Details: Pulling image 10.1.0.5:13209/appsvc/node:20-lts_20260115.4.tuxprod for card-social-api., DetailsLevel: INFO
2026-03-22T00:12:40.6583164Z Establishing network.
2026-03-22T00:12:40.6584337Z Pulling image: appsvc/node:20-lts_20260115.4.tuxprod.
2026-03-22T00:13:03.8604662Z Container is starting.
2026-03-22T00:13:03.8940275Z State: Starting, Action: MountingVolumes, LastError: ContainerTimeout, LastErrorTimestamp: 03/22/2026 00:10:17, LastErrorDetails: Container did not start within expected time limit of 230s. Please inspect your container logs for more details., Details: Mounting volumes for card-social-api., DetailsLevel: INFO
2026-03-22T00:13:03.8949915Z Establishing user namespace if not established already.
2026-03-22T00:13:03.8963546Z Establishing network if not established already.
2026-03-22T00:13:03.8973612Z Mounting volumes.
2026-03-22T00:13:03.8984402Z Nested mountpoint 
2026-03-22T00:13:03.9171644Z Nested mountpoint volatile/logs
2026-03-22T00:13:03.9371974Z Nested mountpoint 
2026-03-22T00:13:03.9382174Z Nested mountpoint 
2026-03-22T00:13:03.9565038Z Nested mountpoint 
2026-03-22T00:13:04.2789169Z State: Starting, Action: CreatingContainer, LastError: ContainerTimeout, LastErrorTimestamp: 03/22/2026 00:10:17, LastErrorDetails: Container did not start within expected time limit of 230s. Please inspect your container logs for more details., Details: Finished pulling container image and mounting volumes for card-social-api. Allocatinng the rest of the container resources to finish container creation., DetailsLevel: INFO
2026-03-22T00:13:04.2795979Z Creating container.
2026-03-22T00:13:04.2801920Z Creating pipes for streaming container io.
2026-03-22T00:13:04.2810842Z Creating stdout named pipe at /podr/container/pipe/fbb3985b33ca_card-social-api/stdout_b12862b5156f4a7d8799cfe34dba406e.
2026-03-22T00:13:04.4073056Z Successfully created stdout named pipe at: /podr/container/pipe/fbb3985b33ca_card-social-api/stdout_b12862b5156f4a7d8799cfe34dba406e.
2026-03-22T00:13:04.4082268Z Opening named pipe /podr/container/pipe/fbb3985b33ca_card-social-api/stdout_b12862b5156f4a7d8799cfe34dba406e for reading in non-blocking mode.
2026-03-22T00:13:04.4087208Z Successfully opened named pipe: /podr/container/pipe/fbb3985b33ca_card-social-api/stdout_b12862b5156f4a7d8799cfe34dba406e.
2026-03-22T00:13:04.4140783Z Successfully removed non-blocking flag from /podr/container/pipe/fbb3985b33ca_card-social-api/stdout_b12862b5156f4a7d8799cfe34dba406e.
2026-03-22T00:13:04.4163359Z Creating stderr named pipe at /podr/container/pipe/fbb3985b33ca_card-social-api/stderr_f255f39f87014090ac35053f19df327f.
2026-03-22T00:13:04.4174904Z Successfully created stderr named pipe at: /podr/container/pipe/fbb3985b33ca_card-social-api/stderr_f255f39f87014090ac35053f19df327f.
2026-03-22T00:13:04.4176364Z Opening named pipe /podr/container/pipe/fbb3985b33ca_card-social-api/stderr_f255f39f87014090ac35053f19df327f for reading in non-blocking mode.
2026-03-22T00:13:04.4178065Z Successfully opened named pipe: /podr/container/pipe/fbb3985b33ca_card-social-api/stderr_f255f39f87014090ac35053f19df327f.
2026-03-22T00:13:04.4339517Z Successfully removed non-blocking flag from /podr/container/pipe/fbb3985b33ca_card-social-api/stderr_f255f39f87014090ac35053f19df327f.
2026-03-22T00:13:04.4433050Z Creating container with image: appsvc/node:20-lts_20260115.4.tuxprod from registry: 10.1.0.5:13209 and fully qualified image name: 10.1.0.5:13209/appsvc/node:20-lts_20260115.4.tuxprod
2026-03-22T00:13:05.3176566Z Starting container: fbb3985b33ca_card-social-api.
2026-03-22T00:13:05.3930692Z Starting watchers and probes.
2026-03-22T00:13:05.4005225Z Starting metrics collection.
2026-03-22T00:13:05.4007822Z Container is running.
2026-03-22T00:13:05.4009097Z State: Starting, Action: CreatingContainer, LastError: ContainerTimeout, LastErrorTimestamp: 03/22/2026 00:10:17, LastErrorDetails: Container did not start within expected time limit of 230s. Please inspect your container logs for more details., Details: Container card-social-api successfully created and is running., DetailsLevel: INFO
2026-03-22T00:13:05.6567970Z Container start method finished after 24998 ms.
2026-03-22T00:13:05.6981208Z State: Starting, Action: InitiatingSiteWarmUpProbe, LastError: ContainerTimeout, LastErrorTimestamp: 03/22/2026 00:10:17, LastErrorDetails: Container did not start within expected time limit of 230s. Please inspect your container logs for more details., Details: Container card-social-api successfully created and is running., DetailsLevel: INFO
2026-03-22T00:13:05.6981611Z State: Starting, Action: WaitingForSiteWarmUpProbeSuccess, LastError: ContainerTimeout, LastErrorTimestamp: 03/22/2026 00:10:17, LastErrorDetails: Container did not start within expected time limit of 230s. Please inspect your container logs for more details., Details: Pinging warmup path to ensure container is ready to receive requests., DetailsLevel: INFO
2026-03-22T00:13:40.1826808Z Container has finished running with exit code: 1.
2026-03-22T00:13:40.1829096Z Container is terminating. Grace period: 5 seconds.
2026-03-22T00:13:40.1832583Z Stop and delete container. Retry count = 0
2026-03-22T00:13:40.1833552Z Stopping container: fbb3985b33ca_card-social-api.
2026-03-22T00:13:40.2592945Z Deleting container: fbb3985b33ca_card-social-api. Retry count = 0
2026-03-22T00:13:40.4759160Z Container spec TerminationMessagePolicy  path 
2026-03-22T00:13:40.4787390Z Container is terminated. Total time elapsed: 294 ms.
2026-03-22T00:13:40.4792515Z Site container: card-social-api terminated during site startup.
2026-03-22T00:13:40.4857155Z State: Stopping, Action: CancellingStartup, LastError: ContainerTimeout, LastErrorTimestamp: 03/22/2026 00:10:17, LastErrorDetails: Container did not start within expected time limit of 230s. Please inspect your container logs for more details., Details: Site container: card-social-api terminated during site startup. Cancelling site startup., DetailsLevel: ERR
2026-03-22T00:13:40.5659077Z Site startup probe failed after 34.8499134 seconds.
2026-03-22T00:13:41.0385618Z State: Stopping, Action: CancellingStartup, LastError: ContainerTimeout, LastErrorTimestamp: 03/22/2026 00:13:41, LastErrorDetails: Container did not start within expected time limit of 230s. Please inspect your container logs for more details., Details: Site container: card-social-api terminated during site startup. Cancelling site startup., DetailsLevel: ERR
2026-03-22T00:13:41.0800766Z Failed to start site. Revert by stopping site.
2026-03-22T00:13:41.1157396Z State: Stopping, Action: StoppingSite, LastError: ContainerTimeout, LastErrorTimestamp: 03/22/2026 00:13:41, LastErrorDetails: Container did not start within expected time limit of 230s. Please inspect your container logs for more details., Details: Site container: card-social-api terminated during site startup. Cancelling site startup., DetailsLevel: ERR
2026-03-22T00:13:41.1252083Z State: Stopping, Action: StoppingSiteContainers, LastError: ContainerTimeout, LastErrorTimestamp: 03/22/2026 00:13:41, LastErrorDetails: Container did not start within expected time limit of 230s. Please inspect your container logs for more details., Details: Site container: card-social-api terminated during site startup. Cancelling site startup., DetailsLevel: ERR
2026-03-22T00:13:41.1252516Z Site: card-social-api stopped.
2026-03-22T00:13:41.1533091Z State: Stopping, Action: UnmountingVolumes, LastError: ContainerTimeout, LastErrorTimestamp: 03/22/2026 00:13:41, LastErrorDetails: Container did not start within expected time limit of 230s. Please inspect your container logs for more details., Details: Site container: card-social-api terminated during site startup. Cancelling site startup., DetailsLevel: ERR
2026-03-22T00:13:41.5768249Z State: Stopping, Action: StoppingSiteNetworks, LastError: ContainerTimeout, LastErrorTimestamp: 03/22/2026 00:13:41, LastErrorDetails: Container did not start within expected time limit of 230s. Please inspect your container logs for more details., Details: Site container: card-social-api terminated during site startup. Cancelling site startup., DetailsLevel: ERR
2026-03-22T00:13:41.9556222Z Site: card-social-api will be blocked for 2 minutes till 03/22/2026 00:15:41
2026-03-22T00:13:41.9559806Z State: Blocked, Action: StoppingSiteNetworks, LastError: ContainerTimeout, LastErrorTimestamp: 03/22/2026 00:13:41, LastErrorDetails: Container did not start within expected time limit of 230s. Please inspect your container logs for more details., Details: Site: card-social-api will be blocked for 2 minutes till 03/22/2026 00:15:41, DetailsLevel: WARN
2026-03-22T00:13:41.9564982Z State: Stopped, Action: None, LastError: ContainerTimeout, LastErrorTimestamp: 03/22/2026 00:13:41, LastErrorDetails: Container did not start within expected time limit of 230s. Please inspect your container logs for more details., Details: Site stopped at 03/22/2026 00:13:41 (UTC), DetailsLevel: WARN
2026-03-22T00:13:42.1148636Z State: Stopped, Action: None, LastError: ContainerTimeout, LastErrorTimestamp: 03/22/2026 00:13:41, LastErrorDetails: Container did not start within expected time limit of 230s. Please inspect your container logs for more details., Details: Site stopped at 03/22/2026 00:13:41 (UTC), DetailsLevel: WARN
2026-03-22T00:13:42.4587297Z State: Blocked, Action: None, LastError: ContainerTimeout, LastErrorTimestamp: 03/22/2026 00:13:41, LastErrorDetails: Container did not start within expected time limit of 230s. Please inspect your container logs for more details., Details: Site is blocked due to multiple, consecutive cold start failures. Site scheduled to be unblocked at 03/22/2026 00:15:41, DetailsLevel: WARN
2026-03-22T00:13:42.4588371Z Start site prohibitted because the site is being blocked.
2026-03-22T00:15:41.9498943Z Site: card-social-api is unblocked.
2026-03-22T00:15:57.8463037Z State: Starting, Action: EstablishingSiteNetworks, LastError: ContainerTimeout, LastErrorTimestamp: 03/22/2026 00:13:41, LastErrorDetails: Container did not start within expected time limit of 230s. Please inspect your container logs for more details., Details: Site is blocked due to multiple, consecutive cold start failures. Site scheduled to be unblocked at 03/22/2026 00:15:41, DetailsLevel: WARN
2026-03-22T00:16:00.9308117Z State: Starting, Action: StartingSiteContainers, LastError: ContainerTimeout, LastErrorTimestamp: 03/22/2026 00:13:41, LastErrorDetails: Container did not start within expected time limit of 230s. Please inspect your container logs for more details., Details: Site is blocked due to multiple, consecutive cold start failures. Site scheduled to be unblocked at 03/22/2026 00:15:41, DetailsLevel: WARN
2026-03-22T00:16:00.9317097Z Container start method called.
2026-03-22T00:16:00.9318218Z State: Starting, Action: PullingImage, LastError: ContainerTimeout, LastErrorTimestamp: 03/22/2026 00:13:41, LastErrorDetails: Container did not start within expected time limit of 230s. Please inspect your container logs for more details., Details: Pulling image 10.1.0.5:13209/appsvc/node:20-lts_20260115.4.tuxprod for card-social-api., DetailsLevel: INFO
2026-03-22T00:16:00.9403432Z Establishing network.
2026-03-22T00:16:00.9406220Z Pulling image: appsvc/node:20-lts_20260115.4.tuxprod.
2026-03-22T00:16:25.4629183Z Container is starting.
2026-03-22T00:16:25.4637992Z State: Starting, Action: MountingVolumes, LastError: ContainerTimeout, LastErrorTimestamp: 03/22/2026 00:13:41, LastErrorDetails: Container did not start within expected time limit of 230s. Please inspect your container logs for more details., Details: Mounting volumes for card-social-api., DetailsLevel: INFO
2026-03-22T00:16:25.4643679Z Establishing user namespace if not established already.
2026-03-22T00:16:25.4648423Z Establishing network if not established already.
2026-03-22T00:16:25.4846581Z Mounting volumes.
2026-03-22T00:16:25.5615045Z Nested mountpoint 
2026-03-22T00:16:25.6014918Z Nested mountpoint volatile/logs
2026-03-22T00:16:25.6297320Z Nested mountpoint 
2026-03-22T00:16:25.6727862Z Nested mountpoint 
2026-03-22T00:16:25.7323079Z Nested mountpoint 
2026-03-22T00:16:26.3711168Z State: Starting, Action: CreatingContainer, LastError: ContainerTimeout, LastErrorTimestamp: 03/22/2026 00:13:41, LastErrorDetails: Container did not start within expected time limit of 230s. Please inspect your container logs for more details., Details: Finished pulling container image and mounting volumes for card-social-api. Allocatinng the rest of the container resources to finish container creation., DetailsLevel: INFO
2026-03-22T00:16:26.3713099Z Creating container.
2026-03-22T00:16:26.3714523Z Creating pipes for streaming container io.
2026-03-22T00:16:26.3742145Z Creating stdout named pipe at /podr/container/pipe/1dcf033e781b_card-social-api/stdout_9d9ddd7be6ce4f9082f77c46301d864d.
2026-03-22T00:16:26.3745032Z Successfully created stdout named pipe at: /podr/container/pipe/1dcf033e781b_card-social-api/stdout_9d9ddd7be6ce4f9082f77c46301d864d.
2026-03-22T00:16:26.3825593Z Opening named pipe /podr/container/pipe/1dcf033e781b_card-social-api/stdout_9d9ddd7be6ce4f9082f77c46301d864d for reading in non-blocking mode.
2026-03-22T00:16:26.3904470Z Successfully opened named pipe: /podr/container/pipe/1dcf033e781b_card-social-api/stdout_9d9ddd7be6ce4f9082f77c46301d864d.
2026-03-22T00:16:26.3912999Z Successfully removed non-blocking flag from /podr/container/pipe/1dcf033e781b_card-social-api/stdout_9d9ddd7be6ce4f9082f77c46301d864d.
2026-03-22T00:16:26.3929100Z Creating stderr named pipe at /podr/container/pipe/1dcf033e781b_card-social-api/stderr_dee0757e53b3404e838872803d15cfa2.
2026-03-22T00:16:26.4004962Z Successfully created stderr named pipe at: /podr/container/pipe/1dcf033e781b_card-social-api/stderr_dee0757e53b3404e838872803d15cfa2.
2026-03-22T00:16:26.4006820Z Opening named pipe /podr/container/pipe/1dcf033e781b_card-social-api/stderr_dee0757e53b3404e838872803d15cfa2 for reading in non-blocking mode.
2026-03-22T00:16:26.4016698Z Successfully opened named pipe: /podr/container/pipe/1dcf033e781b_card-social-api/stderr_dee0757e53b3404e838872803d15cfa2.
2026-03-22T00:16:26.4018819Z Successfully removed non-blocking flag from /podr/container/pipe/1dcf033e781b_card-social-api/stderr_dee0757e53b3404e838872803d15cfa2.
2026-03-22T00:16:26.4128933Z Creating container with image: appsvc/node:20-lts_20260115.4.tuxprod from registry: 10.1.0.5:13209 and fully qualified image name: 10.1.0.5:13209/appsvc/node:20-lts_20260115.4.tuxprod
2026-03-22T00:16:27.4541678Z Starting container: 1dcf033e781b_card-social-api.
2026-03-22T00:16:27.6135073Z Starting watchers and probes.
2026-03-22T00:16:27.6205835Z Starting metrics collection.
2026-03-22T00:16:27.6209912Z Container is running.
2026-03-22T00:16:27.6219467Z State: Starting, Action: CreatingContainer, LastError: ContainerTimeout, LastErrorTimestamp: 03/22/2026 00:13:41, LastErrorDetails: Container did not start within expected time limit of 230s. Please inspect your container logs for more details., Details: Container card-social-api successfully created and is running., DetailsLevel: INFO
2026-03-22T00:16:27.7418711Z Container start method finished after 26809 ms.
2026-03-22T00:16:27.7431735Z State: Starting, Action: InitiatingSiteWarmUpProbe, LastError: ContainerTimeout, LastErrorTimestamp: 03/22/2026 00:13:41, LastErrorDetails: Container did not start within expected time limit of 230s. Please inspect your container logs for more details., Details: Container card-social-api successfully created and is running., DetailsLevel: INFO
2026-03-22T00:16:27.7507427Z State: Starting, Action: WaitingForSiteWarmUpProbeSuccess, LastError: ContainerTimeout, LastErrorTimestamp: 03/22/2026 00:13:41, LastErrorDetails: Container did not start within expected time limit of 230s. Please inspect your container logs for more details., Details: Pinging warmup path to ensure container is ready to receive requests., DetailsLevel: INFO
2026-03-22T00:17:01.0141400Z Container has finished running with exit code: 1.
2026-03-22T00:17:01.0204825Z Container is terminating. Grace period: 5 seconds.
2026-03-22T00:17:01.0210426Z Stop and delete container. Retry count = 0
2026-03-22T00:17:01.0211601Z Stopping container: 1dcf033e781b_card-social-api.
2026-03-22T00:17:01.0801832Z Deleting container: 1dcf033e781b_card-social-api. Retry count = 0
2026-03-22T00:17:01.4052067Z Container spec TerminationMessagePolicy  path 
2026-03-22T00:17:01.4056311Z Container is terminated. Total time elapsed: 384 ms.
2026-03-22T00:17:01.4062824Z Site container: card-social-api terminated during site startup.
2026-03-22T00:17:01.4063986Z State: Stopping, Action: CancellingStartup, LastError: ContainerTimeout, LastErrorTimestamp: 03/22/2026 00:13:41, LastErrorDetails: Container did not start within expected time limit of 230s. Please inspect your container logs for more details., Details: Site container: card-social-api terminated during site startup. Cancelling site startup., DetailsLevel: ERR
2026-03-22T00:17:01.4553422Z Site startup probe failed after 33.7035695 seconds.
2026-03-22T00:17:02.4205920Z State: Stopping, Action: CancellingStartup, LastError: ContainerTimeout, LastErrorTimestamp: 03/22/2026 00:17:02, LastErrorDetails: Container did not start within expected time limit of 230s. Please inspect your container logs for more details., Details: Site container: card-social-api terminated during site startup. Cancelling site startup., DetailsLevel: ERR
2026-03-22T00:17:02.5077974Z Failed to start site. Revert by stopping site.
2026-03-22T00:17:02.5259096Z State: Stopping, Action: StoppingSite, LastError: ContainerTimeout, LastErrorTimestamp: 03/22/2026 00:17:02, LastErrorDetails: Container did not start within expected time limit of 230s. Please inspect your container logs for more details., Details: Site container: card-social-api terminated during site startup. Cancelling site startup., DetailsLevel: ERR
2026-03-22T00:17:02.5353597Z State: Stopping, Action: StoppingSiteContainers, LastError: ContainerTimeout, LastErrorTimestamp: 03/22/2026 00:17:02, LastErrorDetails: Container did not start within expected time limit of 230s. Please inspect your container logs for more details., Details: Site container: card-social-api terminated during site startup. Cancelling site startup., DetailsLevel: ERR
2026-03-22T00:17:02.5353885Z Site: card-social-api stopped.
2026-03-22T00:17:02.5630356Z State: Stopping, Action: UnmountingVolumes, LastError: ContainerTimeout, LastErrorTimestamp: 03/22/2026 00:17:02, LastErrorDetails: Container did not start within expected time limit of 230s. Please inspect your container logs for more details., Details: Site container: card-social-api terminated during site startup. Cancelling site startup., DetailsLevel: ERR
2026-03-22T00:17:03.2424491Z State: Stopping, Action: StoppingSiteNetworks, LastError: ContainerTimeout, LastErrorTimestamp: 03/22/2026 00:17:02, LastErrorDetails: Container did not start within expected time limit of 230s. Please inspect your container logs for more details., Details: Site container: card-social-api terminated during site startup. Cancelling site startup., DetailsLevel: ERR
2026-03-22T00:17:03.9387247Z Site: card-social-api will be blocked for 2 minutes till 03/22/2026 00:19:03
2026-03-22T00:17:03.9389922Z State: Blocked, Action: StoppingSiteNetworks, LastError: ContainerTimeout, LastErrorTimestamp: 03/22/2026 00:17:02, LastErrorDetails: Container did not start within expected time limit of 230s. Please inspect your container logs for more details., Details: Site: card-social-api will be blocked for 2 minutes till 03/22/2026 00:19:03, DetailsLevel: WARN
2026-03-22T00:17:03.9393237Z State: Stopped, Action: None, LastError: ContainerTimeout, LastErrorTimestamp: 03/22/2026 00:17:02, LastErrorDetails: Container did not start within expected time limit of 230s. Please inspect your container logs for more details., Details: Site stopped at 03/22/2026 00:17:03 (UTC), DetailsLevel: WARN
2026-03-22T00:17:04.2216740Z State: Stopped, Action: None, LastError: ContainerTimeout, LastErrorTimestamp: 03/22/2026 00:17:02, LastErrorDetails: Container did not start within expected time limit of 230s. Please inspect your container logs for more details., Details: Site stopped at 03/22/2026 00:17:03 (UTC), DetailsLevel: WARN
2026-03-22T00:17:04.4988125Z State: Blocked, Action: None, LastError: ContainerTimeout, LastErrorTimestamp: 03/22/2026 00:17:02, LastErrorDetails: Container did not start within expected time limit of 230s. Please inspect your container logs for more details., Details: Site is blocked due to multiple, consecutive cold start failures. Site scheduled to be unblocked at 03/22/2026 00:19:03, DetailsLevel: WARN
2026-03-22T00:17:04.4988955Z Start site prohibitted because the site is being blocked.
2026-03-22T00:18:56.7170584Z State: Blocked, Action: None, LastError: ContainerTimeout, LastErrorTimestamp: 03/22/2026 00:17:02, LastErrorDetails: Container did not start within expected time limit of 230s. Please inspect your container logs for more details., Details: Site is blocked due to multiple, consecutive cold start failures. Site scheduled to be unblocked at 03/22/2026 00:19:03, DetailsLevel: WARN
2026-03-22T00:18:56.7170974Z Start site prohibitted because the site is being blocked.
2026-03-22T00:18:56.9925433Z State: Blocked, Action: None, LastError: ContainerTimeout, LastErrorTimestamp: 03/22/2026 00:17:02, LastErrorDetails: Container did not start within expected time limit of 230s. Please inspect your container logs for more details., Details: Site is blocked due to multiple, consecutive cold start failures. Site scheduled to be unblocked at 03/22/2026 00:19:03, DetailsLevel: WARN
2026-03-22T00:18:56.9926199Z Start site prohibitted because the site is being blocked.
2026-03-22T00:19:03.9411186Z Site: card-social-api is unblocked.
2026-03-22T00:19:40.9512888Z State: Starting, Action: EstablishingSiteNetworks, LastError: ContainerTimeout, LastErrorTimestamp: 03/22/2026 00:17:02, LastErrorDetails: Container did not start within expected time limit of 230s. Please inspect your container logs for more details., Details: Site is blocked due to multiple, consecutive cold start failures. Site scheduled to be unblocked at 03/22/2026 00:19:03, DetailsLevel: WARN
2026-03-22T00:19:43.6855678Z State: Starting, Action: StartingSiteContainers, LastError: ContainerTimeout, LastErrorTimestamp: 03/22/2026 00:17:02, LastErrorDetails: Container did not start within expected time limit of 230s. Please inspect your container logs for more details., Details: Site is blocked due to multiple, consecutive cold start failures. Site scheduled to be unblocked at 03/22/2026 00:19:03, DetailsLevel: WARN
2026-03-22T00:19:43.6857125Z Container start method called.
2026-03-22T00:19:43.6857640Z State: Starting, Action: PullingImage, LastError: ContainerTimeout, LastErrorTimestamp: 03/22/2026 00:17:02, LastErrorDetails: Container did not start within expected time limit of 230s. Please inspect your container logs for more details., Details: Pulling image 10.1.0.5:13209/appsvc/node:20-lts_20260115.4.tuxprod for card-social-api., DetailsLevel: INFO
2026-03-22T00:19:43.6858698Z Establishing network.
2026-03-22T00:19:43.6937272Z Pulling image: appsvc/node:20-lts_20260115.4.tuxprod.
2026-03-22T00:20:07.8113865Z Container is starting.
2026-03-22T00:20:07.8197515Z State: Starting, Action: MountingVolumes, LastError: ContainerTimeout, LastErrorTimestamp: 03/22/2026 00:17:02, LastErrorDetails: Container did not start within expected time limit of 230s. Please inspect your container logs for more details., Details: Mounting volumes for card-social-api., DetailsLevel: INFO
2026-03-22T00:20:07.8202845Z Establishing user namespace if not established already.
2026-03-22T00:20:07.8208186Z Establishing network if not established already.
2026-03-22T00:20:07.8210723Z Mounting volumes.
2026-03-22T00:20:07.8217446Z Nested mountpoint 
2026-03-22T00:20:07.9326500Z Nested mountpoint volatile/logs
2026-03-22T00:20:07.9926686Z Nested mountpoint 
2026-03-22T00:20:08.1188921Z Nested mountpoint 
2026-03-22T00:20:08.1196100Z Nested mountpoint 
2026-03-22T00:20:08.5278804Z State: Starting, Action: CreatingContainer, LastError: ContainerTimeout, LastErrorTimestamp: 03/22/2026 00:17:02, LastErrorDetails: Container did not start within expected time limit of 230s. Please inspect your container logs for more details., Details: Finished pulling container image and mounting volumes for card-social-api. Allocatinng the rest of the container resources to finish container creation., DetailsLevel: INFO
2026-03-22T00:20:08.5282598Z Creating container.
2026-03-22T00:20:08.5287230Z Creating pipes for streaming container io.
2026-03-22T00:20:08.5291500Z Creating stdout named pipe at /podr/container/pipe/487cc52b0098_card-social-api/stdout_ebb2dc35f79948aa9302421de3f0852d.
2026-03-22T00:20:08.5298491Z Successfully created stdout named pipe at: /podr/container/pipe/487cc52b0098_card-social-api/stdout_ebb2dc35f79948aa9302421de3f0852d.
2026-03-22T00:20:08.5299829Z Opening named pipe /podr/container/pipe/487cc52b0098_card-social-api/stdout_ebb2dc35f79948aa9302421de3f0852d for reading in non-blocking mode.
2026-03-22T00:20:08.5303791Z Successfully opened named pipe: /podr/container/pipe/487cc52b0098_card-social-api/stdout_ebb2dc35f79948aa9302421de3f0852d.
2026-03-22T00:20:08.5304973Z Successfully removed non-blocking flag from /podr/container/pipe/487cc52b0098_card-social-api/stdout_ebb2dc35f79948aa9302421de3f0852d.
2026-03-22T00:20:08.5473757Z Creating stderr named pipe at /podr/container/pipe/487cc52b0098_card-social-api/stderr_cfb175e9606b4288ab77a66be9d93079.
2026-03-22T00:20:08.5476732Z Successfully created stderr named pipe at: /podr/container/pipe/487cc52b0098_card-social-api/stderr_cfb175e9606b4288ab77a66be9d93079.
2026-03-22T00:20:08.5484011Z Opening named pipe /podr/container/pipe/487cc52b0098_card-social-api/stderr_cfb175e9606b4288ab77a66be9d93079 for reading in non-blocking mode.
2026-03-22T00:20:08.5487366Z Successfully opened named pipe: /podr/container/pipe/487cc52b0098_card-social-api/stderr_cfb175e9606b4288ab77a66be9d93079.
2026-03-22T00:20:08.5489530Z Successfully removed non-blocking flag from /podr/container/pipe/487cc52b0098_card-social-api/stderr_cfb175e9606b4288ab77a66be9d93079.
2026-03-22T00:20:08.5493185Z Creating container with image: appsvc/node:20-lts_20260115.4.tuxprod from registry: 10.1.0.5:13209 and fully qualified image name: 10.1.0.5:13209/appsvc/node:20-lts_20260115.4.tuxprod
2026-03-22T00:20:09.0491787Z Starting container: 487cc52b0098_card-social-api.
2026-03-22T00:20:09.1594748Z Starting watchers and probes.
2026-03-22T00:20:09.1673335Z Starting metrics collection.
2026-03-22T00:20:09.1689826Z Container is running.
2026-03-22T00:20:09.1777282Z State: Starting, Action: CreatingContainer, LastError: ContainerTimeout, LastErrorTimestamp: 03/22/2026 00:17:02, LastErrorDetails: Container did not start within expected time limit of 230s. Please inspect your container logs for more details., Details: Container card-social-api successfully created and is running., DetailsLevel: INFO
2026-03-22T00:20:09.3778942Z Container start method finished after 25682 ms.
2026-03-22T00:20:09.3973363Z State: Starting, Action: InitiatingSiteWarmUpProbe, LastError: ContainerTimeout, LastErrorTimestamp: 03/22/2026 00:17:02, LastErrorDetails: Container did not start within expected time limit of 230s. Please inspect your container logs for more details., Details: Container card-social-api successfully created and is running., DetailsLevel: INFO
2026-03-22T00:20:09.3986036Z State: Starting, Action: WaitingForSiteWarmUpProbeSuccess, LastError: ContainerTimeout, LastErrorTimestamp: 03/22/2026 00:17:02, LastErrorDetails: Container did not start within expected time limit of 230s. Please inspect your container logs for more details., Details: Pinging warmup path to ensure container is ready to receive requests., DetailsLevel: INFO
2026-03-22T00:20:43.4953087Z Container has finished running with exit code: 1.
2026-03-22T00:20:43.4954764Z Container is terminating. Grace period: 5 seconds.
2026-03-22T00:20:43.5221308Z Stop and delete container. Retry count = 0
2026-03-22T00:20:43.5353171Z Stopping container: 487cc52b0098_card-social-api.
2026-03-22T00:20:43.6182750Z Deleting container: 487cc52b0098_card-social-api. Retry count = 0
2026-03-22T00:20:44.0193783Z Container spec TerminationMessagePolicy  path 
2026-03-22T00:20:44.0204563Z Container is terminated. Total time elapsed: 524 ms.
2026-03-22T00:20:44.0215561Z Site container: card-social-api terminated during site startup.
2026-03-22T00:20:44.0226011Z State: Stopping, Action: CancellingStartup, LastError: ContainerTimeout, LastErrorTimestamp: 03/22/2026 00:17:02, LastErrorDetails: Container did not start within expected time limit of 230s. Please inspect your container logs for more details., Details: Site container: card-social-api terminated during site startup. Cancelling site startup., DetailsLevel: ERR
2026-03-22T00:20:44.0593549Z Site startup probe failed after 34.6427625 seconds.
2026-03-22T00:20:44.5811825Z State: Stopping, Action: CancellingStartup, LastError: ContainerTimeout, LastErrorTimestamp: 03/22/2026 00:20:44, LastErrorDetails: Container did not start within expected time limit of 230s. Please inspect your container logs for more details., Details: Site container: card-social-api terminated during site startup. Cancelling site startup., DetailsLevel: ERR
2026-03-22T00:20:44.5927142Z Failed to start site. Revert by stopping site.
2026-03-22T00:20:44.5929923Z State: Stopping, Action: StoppingSite, LastError: ContainerTimeout, LastErrorTimestamp: 03/22/2026 00:20:44, LastErrorDetails: Container did not start within expected time limit of 230s. Please inspect your container logs for more details., Details: Site container: card-social-api terminated during site startup. Cancelling site startup., DetailsLevel: ERR
2026-03-22T00:20:44.6021584Z State: Stopping, Action: StoppingSiteContainers, LastError: ContainerTimeout, LastErrorTimestamp: 03/22/2026 00:20:44, LastErrorDetails: Container did not start within expected time limit of 230s. Please inspect your container logs for more details., Details: Site container: card-social-api terminated during site startup. Cancelling site startup., DetailsLevel: ERR
2026-03-22T00:20:44.6021818Z Site: card-social-api stopped.
2026-03-22T00:20:44.6123310Z State: Stopping, Action: UnmountingVolumes, LastError: ContainerTimeout, LastErrorTimestamp: 03/22/2026 00:20:44, LastErrorDetails: Container did not start within expected time limit of 230s. Please inspect your container logs for more details., Details: Site container: card-social-api terminated during site startup. Cancelling site startup., DetailsLevel: ERR
2026-03-22T00:20:45.1513225Z State: Stopping, Action: StoppingSiteNetworks, LastError: ContainerTimeout, LastErrorTimestamp: 03/22/2026 00:20:44, LastErrorDetails: Container did not start within expected time limit of 230s. Please inspect your container logs for more details., Details: Site container: card-social-api terminated during site startup. Cancelling site startup., DetailsLevel: ERR
2026-03-22T00:20:45.4597363Z Site: card-social-api will be blocked for 2 minutes till 03/22/2026 00:22:45
2026-03-22T00:20:45.4599008Z State: Blocked, Action: StoppingSiteNetworks, LastError: ContainerTimeout, LastErrorTimestamp: 03/22/2026 00:20:44, LastErrorDetails: Container did not start within expected time limit of 230s. Please inspect your container logs for more details., Details: Site: card-social-api will be blocked for 2 minutes till 03/22/2026 00:22:45, DetailsLevel: WARN
2026-03-22T00:20:45.4661139Z State: Stopped, Action: None, LastError: ContainerTimeout, LastErrorTimestamp: 03/22/2026 00:20:44, LastErrorDetails: Container did not start within expected time limit of 230s. Please inspect your container logs for more details., Details: Site stopped at 03/22/2026 00:20:45 (UTC), DetailsLevel: WARN
2026-03-22T00:20:45.6501939Z State: Stopped, Action: None, LastError: ContainerTimeout, LastErrorTimestamp: 03/22/2026 00:20:44, LastErrorDetails: Container did not start within expected time limit of 230s. Please inspect your container logs for more details., Details: Site stopped at 03/22/2026 00:20:45 (UTC), DetailsLevel: WARN
2026-03-22T00:20:47.3407130Z State: Blocked, Action: None, LastError: ContainerTimeout, LastErrorTimestamp: 03/22/2026 00:20:44, LastErrorDetails: Container did not start within expected time limit of 230s. Please inspect your container logs for more details., Details: Site is blocked due to multiple, consecutive cold start failures. Site scheduled to be unblocked at 03/22/2026 00:22:45, DetailsLevel: WARN
2026-03-22T00:20:47.3410400Z Start site prohibitted because the site is being blocked.
2026-03-22T00:20:47.5703443Z State: Blocked, Action: None, LastError: ContainerTimeout, LastErrorTimestamp: 03/22/2026 00:20:44, LastErrorDetails: Container did not start within expected time limit of 230s. Please inspect your container logs for more details., Details: Site is blocked due to multiple, consecutive cold start failures. Site scheduled to be unblocked at 03/22/2026 00:22:45, DetailsLevel: WARN
2026-03-22T00:20:47.5704321Z Start site prohibitted because the site is being blocked.
2026-03-22T00:22:45.4615809Z Site: card-social-api is unblocked.
2026-03-22T00:23:09.7433360Z State: Starting, Action: EstablishingSiteNetworks, LastError: ContainerTimeout, LastErrorTimestamp: 03/22/2026 00:20:44, LastErrorDetails: Container did not start within expected time limit of 230s. Please inspect your container logs for more details., Details: Site is blocked due to multiple, consecutive cold start failures. Site scheduled to be unblocked at 03/22/2026 00:22:45, DetailsLevel: WARN
2026-03-22T00:23:13.1077245Z State: Starting, Action: StartingSiteContainers, LastError: ContainerTimeout, LastErrorTimestamp: 03/22/2026 00:20:44, LastErrorDetails: Container did not start within expected time limit of 230s. Please inspect your container logs for more details., Details: Site is blocked due to multiple, consecutive cold start failures. Site scheduled to be unblocked at 03/22/2026 00:22:45, DetailsLevel: WARN
2026-03-22T00:23:13.1079280Z Container start method called.
2026-03-22T00:23:13.1079899Z State: Starting, Action: PullingImage, LastError: ContainerTimeout, LastErrorTimestamp: 03/22/2026 00:20:44, LastErrorDetails: Container did not start within expected time limit of 230s. Please inspect your container logs for more details., Details: Pulling image 10.1.0.5:13209/appsvc/node:20-lts_20260115.4.tuxprod for card-social-api., DetailsLevel: INFO
2026-03-22T00:23:13.1165874Z Establishing network.
2026-03-22T00:23:13.1167580Z Pulling image: appsvc/node:20-lts_20260115.4.tuxprod.
2026-03-22T00:23:35.6438013Z Container is starting.
2026-03-22T00:23:35.6641874Z State: Starting, Action: MountingVolumes, LastError: ContainerTimeout, LastErrorTimestamp: 03/22/2026 00:20:44, LastErrorDetails: Container did not start within expected time limit of 230s. Please inspect your container logs for more details., Details: Mounting volumes for card-social-api., DetailsLevel: INFO
2026-03-22T00:23:35.6654593Z Establishing user namespace if not established already.
2026-03-22T00:23:35.6664124Z Establishing network if not established already.
2026-03-22T00:23:35.6727956Z Mounting volumes.
2026-03-22T00:23:35.6730452Z Nested mountpoint 
2026-03-22T00:23:35.6848091Z Nested mountpoint volatile/logs
2026-03-22T00:23:35.7054973Z Nested mountpoint 
2026-03-22T00:23:35.7630109Z Nested mountpoint 
2026-03-22T00:23:35.8050710Z Nested mountpoint 
2026-03-22T00:23:36.1670828Z State: Starting, Action: CreatingContainer, LastError: ContainerTimeout, LastErrorTimestamp: 03/22/2026 00:20:44, LastErrorDetails: Container did not start within expected time limit of 230s. Please inspect your container logs for more details., Details: Finished pulling container image and mounting volumes for card-social-api. Allocatinng the rest of the container resources to finish container creation., DetailsLevel: INFO
2026-03-22T00:23:36.1727754Z Creating container.
2026-03-22T00:23:36.1735482Z Creating pipes for streaming container io.
2026-03-22T00:23:36.1741176Z Creating stdout named pipe at /podr/container/pipe/4409bb68bfed_card-social-api/stdout_1a214abb62284e02a3a08d3adcfa2727.
2026-03-22T00:23:36.1751253Z Successfully created stdout named pipe at: /podr/container/pipe/4409bb68bfed_card-social-api/stdout_1a214abb62284e02a3a08d3adcfa2727.
2026-03-22T00:23:36.1755910Z Opening named pipe /podr/container/pipe/4409bb68bfed_card-social-api/stdout_1a214abb62284e02a3a08d3adcfa2727 for reading in non-blocking mode.
2026-03-22T00:23:36.1759700Z Successfully opened named pipe: /podr/container/pipe/4409bb68bfed_card-social-api/stdout_1a214abb62284e02a3a08d3adcfa2727.
2026-03-22T00:23:36.1836022Z Successfully removed non-blocking flag from /podr/container/pipe/4409bb68bfed_card-social-api/stdout_1a214abb62284e02a3a08d3adcfa2727.
2026-03-22T00:23:36.1862703Z Creating stderr named pipe at /podr/container/pipe/4409bb68bfed_card-social-api/stderr_df304ba70f76461f811bdbd1cb6128e0.
2026-03-22T00:23:36.1934297Z Successfully created stderr named pipe at: /podr/container/pipe/4409bb68bfed_card-social-api/stderr_df304ba70f76461f811bdbd1cb6128e0.
2026-03-22T00:23:36.1963438Z Opening named pipe /podr/container/pipe/4409bb68bfed_card-social-api/stderr_df304ba70f76461f811bdbd1cb6128e0 for reading in non-blocking mode.
2026-03-22T00:23:36.1965549Z Successfully opened named pipe: /podr/container/pipe/4409bb68bfed_card-social-api/stderr_df304ba70f76461f811bdbd1cb6128e0.
2026-03-22T00:23:36.1966954Z Successfully removed non-blocking flag from /podr/container/pipe/4409bb68bfed_card-social-api/stderr_df304ba70f76461f811bdbd1cb6128e0.
2026-03-22T00:23:36.1968685Z Creating container with image: appsvc/node:20-lts_20260115.4.tuxprod from registry: 10.1.0.5:13209 and fully qualified image name: 10.1.0.5:13209/appsvc/node:20-lts_20260115.4.tuxprod
2026-03-22T00:23:36.8311381Z Starting container: 4409bb68bfed_card-social-api.
2026-03-22T00:23:36.9283253Z Starting watchers and probes.
2026-03-22T00:23:36.9373161Z Starting metrics collection.
2026-03-22T00:23:36.9375118Z Container is running.
2026-03-22T00:23:36.9376255Z State: Starting, Action: CreatingContainer, LastError: ContainerTimeout, LastErrorTimestamp: 03/22/2026 00:20:44, LastErrorDetails: Container did not start within expected time limit of 230s. Please inspect your container logs for more details., Details: Container card-social-api successfully created and is running., DetailsLevel: INFO
2026-03-22T00:23:37.0833202Z Container start method finished after 23975 ms.
2026-03-22T00:23:37.1244011Z State: Starting, Action: InitiatingSiteWarmUpProbe, LastError: ContainerTimeout, LastErrorTimestamp: 03/22/2026 00:20:44, LastErrorDetails: Container did not start within expected time limit of 230s. Please inspect your container logs for more details., Details: Container card-social-api successfully created and is running., DetailsLevel: INFO
2026-03-22T00:23:37.1244570Z State: Starting, Action: WaitingForSiteWarmUpProbeSuccess, LastError: ContainerTimeout, LastErrorTimestamp: 03/22/2026 00:20:44, LastErrorDetails: Container did not start within expected time limit of 230s. Please inspect your container logs for more details., Details: Pinging warmup path to ensure container is ready to receive requests., DetailsLevel: INFO
2026-03-22T00:24:10.5940023Z Container has finished running with exit code: 1.
2026-03-22T00:24:10.5942875Z Container is terminating. Grace period: 5 seconds.
2026-03-22T00:24:10.6033002Z Stop and delete container. Retry count = 0
2026-03-22T00:24:10.6044172Z Stopping container: 4409bb68bfed_card-social-api.
2026-03-22T00:24:10.7123660Z Deleting container: 4409bb68bfed_card-social-api. Retry count = 0
2026-03-22T00:24:11.1054327Z Container spec TerminationMessagePolicy  path 
2026-03-22T00:24:11.1056656Z Container is terminated. Total time elapsed: 511 ms.
2026-03-22T00:24:11.1058353Z Site container: card-social-api terminated during site startup.
2026-03-22T00:24:11.1059812Z State: Stopping, Action: CancellingStartup, LastError: ContainerTimeout, LastErrorTimestamp: 03/22/2026 00:20:44, LastErrorDetails: Container did not start within expected time limit of 230s. Please inspect your container logs for more details., Details: Site container: card-social-api terminated during site startup. Cancelling site startup., DetailsLevel: ERR
2026-03-22T00:24:11.1724661Z Site startup probe failed after 34.0109008 seconds.
2026-03-22T00:24:11.7502131Z State: Stopping, Action: CancellingStartup, LastError: ContainerTimeout, LastErrorTimestamp: 03/22/2026 00:24:11, LastErrorDetails: Container did not start within expected time limit of 230s. Please inspect your container logs for more details., Details: Site container: card-social-api terminated during site startup. Cancelling site startup., DetailsLevel: ERR
2026-03-22T00:24:11.7523316Z Failed to start site. Revert by stopping site.
2026-03-22T00:24:11.7526246Z State: Stopping, Action: StoppingSite, LastError: ContainerTimeout, LastErrorTimestamp: 03/22/2026 00:24:11, LastErrorDetails: Container did not start within expected time limit of 230s. Please inspect your container logs for more details., Details: Site container: card-social-api terminated during site startup. Cancelling site startup., DetailsLevel: ERR
2026-03-22T00:24:11.7780501Z State: Stopping, Action: StoppingSiteContainers, LastError: ContainerTimeout, LastErrorTimestamp: 03/22/2026 00:24:11, LastErrorDetails: Container did not start within expected time limit of 230s. Please inspect your container logs for more details., Details: Site container: card-social-api terminated during site startup. Cancelling site startup., DetailsLevel: ERR
2026-03-22T00:24:11.7780709Z Site: card-social-api stopped.
2026-03-22T00:24:11.7812139Z State: Stopping, Action: UnmountingVolumes, LastError: ContainerTimeout, LastErrorTimestamp: 03/22/2026 00:24:11, LastErrorDetails: Container did not start within expected time limit of 230s. Please inspect your container logs for more details., Details: Site container: card-social-api terminated during site startup. Cancelling site startup., DetailsLevel: ERR
2026-03-22T00:24:12.3096170Z State: Stopping, Action: StoppingSiteNetworks, LastError: ContainerTimeout, LastErrorTimestamp: 03/22/2026 00:24:11, LastErrorDetails: Container did not start within expected time limit of 230s. Please inspect your container logs for more details., Details: Site container: card-social-api terminated during site startup. Cancelling site startup., DetailsLevel: ERR
2026-03-22T00:24:12.7278538Z Site: card-social-api will be blocked for 2 minutes till 03/22/2026 00:26:12
2026-03-22T00:24:12.7289153Z State: Blocked, Action: StoppingSiteNetworks, LastError: ContainerTimeout, LastErrorTimestamp: 03/22/2026 00:24:11, LastErrorDetails: Container did not start within expected time limit of 230s. Please inspect your container logs for more details., Details: Site: card-social-api will be blocked for 2 minutes till 03/22/2026 00:26:12, DetailsLevel: WARN
2026-03-22T00:24:12.7307927Z State: Stopped, Action: None, LastError: ContainerTimeout, LastErrorTimestamp: 03/22/2026 00:24:11, LastErrorDetails: Container did not start within expected time limit of 230s. Please inspect your container logs for more details., Details: Site stopped at 03/22/2026 00:24:12 (UTC), DetailsLevel: WARN
2026-03-22T00:24:12.9454903Z State: Stopped, Action: None, LastError: ContainerTimeout, LastErrorTimestamp: 03/22/2026 00:24:11, LastErrorDetails: Container did not start within expected time limit of 230s. Please inspect your container logs for more details., Details: Site stopped at 03/22/2026 00:24:12 (UTC), DetailsLevel: WARN
2026-03-22T00:24:13.3749593Z State: Blocked, Action: None, LastError: ContainerTimeout, LastErrorTimestamp: 03/22/2026 00:24:11, LastErrorDetails: Container did not start within expected time limit of 230s. Please inspect your container logs for more details., Details: Site is blocked due to multiple, consecutive cold start failures. Site scheduled to be unblocked at 03/22/2026 00:26:12, DetailsLevel: WARN
2026-03-22T00:24:13.3752477Z Start site prohibitted because the site is being blocked.
2026-03-22T00:25:04.3595548Z State: Blocked, Action: None, LastError: ContainerTimeout, LastErrorTimestamp: 03/22/2026 00:24:11, LastErrorDetails: Container did not start within expected time limit of 230s. Please inspect your container logs for more details., Details: Site is blocked due to multiple, consecutive cold start failures. Site scheduled to be unblocked at 03/22/2026 00:26:12, DetailsLevel: WARN
2026-03-22T00:25:04.3596393Z Start site prohibitted because the site is being blocked.
2026-03-22T00:25:21.4122505Z State: Blocked, Action: None, LastError: ContainerTimeout, LastErrorTimestamp: 03/22/2026 00:24:11, LastErrorDetails: Container did not start within expected time limit of 230s. Please inspect your container logs for more details., Details: Site is blocked due to multiple, consecutive cold start failures. Site scheduled to be unblocked at 03/22/2026 00:26:12, DetailsLevel: WARN
2026-03-22T00:25:21.4123363Z Start site prohibitted because the site is being blocked.
2026-03-22T00:25:22.3470021Z State: Blocked, Action: None, LastError: ContainerTimeout, LastErrorTimestamp: 03/22/2026 00:24:11, LastErrorDetails: Container did not start within expected time limit of 230s. Please inspect your container logs for more details., Details: Site is blocked due to multiple, consecutive cold start failures. Site scheduled to be unblocked at 03/22/2026 00:26:12, DetailsLevel: WARN
2026-03-22T00:25:22.3472596Z Start site prohibitted because the site is being blocked.
2026-03-22T00:26:12.7308479Z Site: card-social-api is unblocked.
2026-03-22T00:26:59.9767220Z State: Starting, Action: EstablishingSiteNetworks, LastError: ContainerTimeout, LastErrorTimestamp: 03/22/2026 00:24:11, LastErrorDetails: Container did not start within expected time limit of 230s. Please inspect your container logs for more details., Details: Site is blocked due to multiple, consecutive cold start failures. Site scheduled to be unblocked at 03/22/2026 00:26:12, DetailsLevel: WARN
2026-03-22T00:27:04.9337453Z State: Starting, Action: StartingSiteContainers, LastError: ContainerTimeout, LastErrorTimestamp: 03/22/2026 00:24:11, LastErrorDetails: Container did not start within expected time limit of 230s. Please inspect your container logs for more details., Details: Site is blocked due to multiple, consecutive cold start failures. Site scheduled to be unblocked at 03/22/2026 00:26:12, DetailsLevel: WARN
2026-03-22T00:27:04.9338919Z Container start method called.
2026-03-22T00:27:04.9339544Z State: Starting, Action: PullingImage, LastError: ContainerTimeout, LastErrorTimestamp: 03/22/2026 00:24:11, LastErrorDetails: Container did not start within expected time limit of 230s. Please inspect your container logs for more details., Details: Pulling image 10.1.0.5:13209/appsvc/node:20-lts_20260115.4.tuxprod for card-social-api., DetailsLevel: INFO
2026-03-22T00:27:04.9340669Z Establishing network.
2026-03-22T00:27:04.9341980Z Pulling image: appsvc/node:20-lts_20260115.4.tuxprod.
2026-03-22T00:27:30.4368297Z Container is starting.
2026-03-22T00:27:30.4378034Z State: Starting, Action: MountingVolumes, LastError: ContainerTimeout, LastErrorTimestamp: 03/22/2026 00:24:11, LastErrorDetails: Container did not start within expected time limit of 230s. Please inspect your container logs for more details., Details: Mounting volumes for card-social-api., DetailsLevel: INFO
2026-03-22T00:27:30.4380470Z Establishing user namespace if not established already.
2026-03-22T00:27:30.4467118Z Establishing network if not established already.
2026-03-22T00:27:30.4475730Z Mounting volumes.
2026-03-22T00:27:30.4485813Z Nested mountpoint 
2026-03-22T00:27:30.4849457Z Nested mountpoint volatile/logs
2026-03-22T00:27:30.5159267Z Nested mountpoint 
2026-03-22T00:27:30.5446160Z Nested mountpoint 
2026-03-22T00:27:30.6813272Z Nested mountpoint 
2026-03-22T00:27:31.0313204Z State: Starting, Action: CreatingContainer, LastError: ContainerTimeout, LastErrorTimestamp: 03/22/2026 00:24:11, LastErrorDetails: Container did not start within expected time limit of 230s. Please inspect your container logs for more details., Details: Finished pulling container image and mounting volumes for card-social-api. Allocatinng the rest of the container resources to finish container creation., DetailsLevel: INFO
2026-03-22T00:27:31.0319344Z Creating container.
2026-03-22T00:27:31.0325566Z Creating pipes for streaming container io.
2026-03-22T00:27:31.0328709Z Creating stdout named pipe at /podr/container/pipe/7e4b51f973f4_card-social-api/stdout_e435b564dae549e3bfadf2ad7fc0eb9b.
2026-03-22T00:27:31.0415554Z Successfully created stdout named pipe at: /podr/container/pipe/7e4b51f973f4_card-social-api/stdout_e435b564dae549e3bfadf2ad7fc0eb9b.
2026-03-22T00:27:31.0419110Z Opening named pipe /podr/container/pipe/7e4b51f973f4_card-social-api/stdout_e435b564dae549e3bfadf2ad7fc0eb9b for reading in non-blocking mode.
2026-03-22T00:27:31.0423766Z Successfully opened named pipe: /podr/container/pipe/7e4b51f973f4_card-social-api/stdout_e435b564dae549e3bfadf2ad7fc0eb9b.
2026-03-22T00:27:31.0430162Z Successfully removed non-blocking flag from /podr/container/pipe/7e4b51f973f4_card-social-api/stdout_e435b564dae549e3bfadf2ad7fc0eb9b.
2026-03-22T00:27:31.0526917Z Creating stderr named pipe at /podr/container/pipe/7e4b51f973f4_card-social-api/stderr_533cecbfdfa44f6b8d29836420c0b57f.
2026-03-22T00:27:31.0597274Z Successfully created stderr named pipe at: /podr/container/pipe/7e4b51f973f4_card-social-api/stderr_533cecbfdfa44f6b8d29836420c0b57f.
2026-03-22T00:27:31.0604185Z Opening named pipe /podr/container/pipe/7e4b51f973f4_card-social-api/stderr_533cecbfdfa44f6b8d29836420c0b57f for reading in non-blocking mode.
2026-03-22T00:27:31.0608933Z Successfully opened named pipe: /podr/container/pipe/7e4b51f973f4_card-social-api/stderr_533cecbfdfa44f6b8d29836420c0b57f.
2026-03-22T00:27:31.0618696Z Successfully removed non-blocking flag from /podr/container/pipe/7e4b51f973f4_card-social-api/stderr_533cecbfdfa44f6b8d29836420c0b57f.
2026-03-22T00:27:31.0623040Z Creating container with image: appsvc/node:20-lts_20260115.4.tuxprod from registry: 10.1.0.5:13209 and fully qualified image name: 10.1.0.5:13209/appsvc/node:20-lts_20260115.4.tuxprod
2026-03-22T00:27:31.6405074Z Starting container: 7e4b51f973f4_card-social-api.
2026-03-22T00:27:31.7141673Z Starting watchers and probes.
2026-03-22T00:27:31.7145787Z Starting metrics collection.
2026-03-22T00:27:31.7150697Z Container is running.
2026-03-22T00:27:31.7152888Z State: Starting, Action: CreatingContainer, LastError: ContainerTimeout, LastErrorTimestamp: 03/22/2026 00:24:11, LastErrorDetails: Container did not start within expected time limit of 230s. Please inspect your container logs for more details., Details: Container card-social-api successfully created and is running., DetailsLevel: INFO
2026-03-22T00:27:31.8789339Z Container start method finished after 26944 ms.
2026-03-22T00:27:31.9583799Z State: Starting, Action: InitiatingSiteWarmUpProbe, LastError: ContainerTimeout, LastErrorTimestamp: 03/22/2026 00:24:11, LastErrorDetails: Container did not start within expected time limit of 230s. Please inspect your container logs for more details., Details: Container card-social-api successfully created and is running., DetailsLevel: INFO
2026-03-22T00:27:31.9742756Z State: Starting, Action: WaitingForSiteWarmUpProbeSuccess, LastError: ContainerTimeout, LastErrorTimestamp: 03/22/2026 00:24:11, LastErrorDetails: Container did not start within expected time limit of 230s. Please inspect your container logs for more details., Details: Pinging warmup path to ensure container is ready to receive requests., DetailsLevel: INFO
2026-03-22T00:28:06.1031232Z Container has finished running with exit code: 1.
2026-03-22T00:28:06.1032989Z Container is terminating. Grace period: 5 seconds.
2026-03-22T00:28:06.1239615Z Stop and delete container. Retry count = 0
2026-03-22T00:28:06.1312573Z Stopping container: 7e4b51f973f4_card-social-api.
2026-03-22T00:28:06.2393617Z Deleting container: 7e4b51f973f4_card-social-api. Retry count = 0
2026-03-22T00:28:06.5331572Z Container spec TerminationMessagePolicy  path 
2026-03-22T00:28:06.5343710Z Container is terminated. Total time elapsed: 430 ms.
2026-03-22T00:28:06.5352739Z Site container: card-social-api terminated during site startup.
2026-03-22T00:28:06.5446719Z State: Stopping, Action: CancellingStartup, LastError: ContainerTimeout, LastErrorTimestamp: 03/22/2026 00:24:11, LastErrorDetails: Container did not start within expected time limit of 230s. Please inspect your container logs for more details., Details: Site container: card-social-api terminated during site startup. Cancelling site startup., DetailsLevel: ERR
2026-03-22T00:28:07.3747835Z Site startup probe failed after 35.399821 seconds.
2026-03-22T00:28:07.9558983Z State: Stopping, Action: CancellingStartup, LastError: ContainerTimeout, LastErrorTimestamp: 03/22/2026 00:28:07, LastErrorDetails: Container did not start within expected time limit of 230s. Please inspect your container logs for more details., Details: Site container: card-social-api terminated during site startup. Cancelling site startup., DetailsLevel: ERR
2026-03-22T00:28:08.0398196Z Failed to start site. Revert by stopping site.
2026-03-22T00:28:08.0557192Z State: Stopping, Action: StoppingSite, LastError: ContainerTimeout, LastErrorTimestamp: 03/22/2026 00:28:07, LastErrorDetails: Container did not start within expected time limit of 230s. Please inspect your container logs for more details., Details: Site container: card-social-api terminated during site startup. Cancelling site startup., DetailsLevel: ERR
2026-03-22T00:28:08.0757222Z State: Stopping, Action: StoppingSiteContainers, LastError: ContainerTimeout, LastErrorTimestamp: 03/22/2026 00:28:07, LastErrorDetails: Container did not start within expected time limit of 230s. Please inspect your container logs for more details., Details: Site container: card-social-api terminated during site startup. Cancelling site startup., DetailsLevel: ERR
2026-03-22T00:28:08.0757918Z Site: card-social-api stopped.
2026-03-22T00:32:28.0630475Z State: Starting, Action: EstablishingSiteNetworks, LastError: ContainerTimeout, LastErrorTimestamp: 03/22/2026 00:28:07, LastErrorDetails: Container did not start within expected time limit of 230s. Please inspect your container logs for more details., Details: Site is blocked due to multiple, consecutive cold start failures. Site scheduled to be unblocked at 03/22/2026 00:30:08, DetailsLevel: WARN
2026-03-22T00:32:30.8690043Z State: Starting, Action: StartingSiteContainers, LastError: ContainerTimeout, LastErrorTimestamp: 03/22/2026 00:28:07, LastErrorDetails: Container did not start within expected time limit of 230s. Please inspect your container logs for more details., Details: Site is blocked due to multiple, consecutive cold start failures. Site scheduled to be unblocked at 03/22/2026 00:30:08, DetailsLevel: WARN
2026-03-22T00:32:30.8692306Z Container start method called.
2026-03-22T00:32:30.8692793Z State: Starting, Action: PullingImage, LastError: ContainerTimeout, LastErrorTimestamp: 03/22/2026 00:28:07, LastErrorDetails: Container did not start within expected time limit of 230s. Please inspect your container logs for more details., Details: Pulling image 10.1.0.5:13209/appsvc/node:20-lts_20260115.4.tuxprod for card-social-api., DetailsLevel: INFO
2026-03-22T00:32:30.8693925Z Establishing network.
2026-03-22T00:32:30.8951390Z Pulling image: appsvc/node:20-lts_20260115.4.tuxprod.
2026-03-22T00:32:31.1627679Z Container is starting.
2026-03-22T00:32:31.1629937Z State: Starting, Action: MountingVolumes, LastError: ContainerTimeout, LastErrorTimestamp: 03/22/2026 00:28:07, LastErrorDetails: Container did not start within expected time limit of 230s. Please inspect your container logs for more details., Details: Mounting volumes for card-social-api., DetailsLevel: INFO
2026-03-22T00:32:31.1646431Z Establishing user namespace if not established already.
2026-03-22T00:32:31.1650223Z Establishing network if not established already.
2026-03-22T00:32:31.1862933Z Mounting volumes.
2026-03-22T00:32:31.1923657Z Nested mountpoint 
2026-03-22T00:32:31.2131277Z Nested mountpoint volatile/logs
2026-03-22T00:32:31.2410834Z Nested mountpoint 
2026-03-22T00:32:31.3063017Z Nested mountpoint 
2026-03-22T00:32:31.3070739Z Nested mountpoint 
2026-03-22T00:32:31.7987646Z State: Starting, Action: CreatingContainer, LastError: ContainerTimeout, LastErrorTimestamp: 03/22/2026 00:28:07, LastErrorDetails: Container did not start within expected time limit of 230s. Please inspect your container logs for more details., Details: Finished pulling container image and mounting volumes for card-social-api. Allocatinng the rest of the container resources to finish container creation., DetailsLevel: INFO
2026-03-22T00:32:31.7989344Z Creating container.
2026-03-22T00:32:31.8073654Z Creating pipes for streaming container io.
2026-03-22T00:32:31.8085017Z Creating stdout named pipe at /podr/container/pipe/7c3c2121208d_card-social-api/stdout_d99320db65a24a0aa4d13fd4c6b87351.
2026-03-22T00:32:31.8179076Z Successfully created stdout named pipe at: /podr/container/pipe/7c3c2121208d_card-social-api/stdout_d99320db65a24a0aa4d13fd4c6b87351.
2026-03-22T00:32:31.8183966Z Opening named pipe /podr/container/pipe/7c3c2121208d_card-social-api/stdout_d99320db65a24a0aa4d13fd4c6b87351 for reading in non-blocking mode.
2026-03-22T00:32:31.8195569Z Successfully opened named pipe: /podr/container/pipe/7c3c2121208d_card-social-api/stdout_d99320db65a24a0aa4d13fd4c6b87351.
2026-03-22T00:32:31.8259299Z Successfully removed non-blocking flag from /podr/container/pipe/7c3c2121208d_card-social-api/stdout_d99320db65a24a0aa4d13fd4c6b87351.
2026-03-22T00:32:31.8277161Z Creating stderr named pipe at /podr/container/pipe/7c3c2121208d_card-social-api/stderr_6a60d37551b3441bb339511a672ea032.
2026-03-22T00:32:31.8284315Z Successfully created stderr named pipe at: /podr/container/pipe/7c3c2121208d_card-social-api/stderr_6a60d37551b3441bb339511a672ea032.
2026-03-22T00:32:31.8294926Z Opening named pipe /podr/container/pipe/7c3c2121208d_card-social-api/stderr_6a60d37551b3441bb339511a672ea032 for reading in non-blocking mode.
2026-03-22T00:32:31.8363201Z Successfully opened named pipe: /podr/container/pipe/7c3c2121208d_card-social-api/stderr_6a60d37551b3441bb339511a672ea032.
2026-03-22T00:32:31.8370367Z Successfully removed non-blocking flag from /podr/container/pipe/7c3c2121208d_card-social-api/stderr_6a60d37551b3441bb339511a672ea032.
2026-03-22T00:32:31.8383887Z Creating container with image: appsvc/node:20-lts_20260115.4.tuxprod from registry: 10.1.0.5:13209 and fully qualified image name: 10.1.0.5:13209/appsvc/node:20-lts_20260115.4.tuxprod
2026-03-22T00:32:32.2973352Z Starting container: 7c3c2121208d_card-social-api.
2026-03-22T00:32:32.3665642Z Starting watchers and probes.
2026-03-22T00:32:32.3669416Z Starting metrics collection.
2026-03-22T00:32:32.3844482Z Container is running.
2026-03-22T00:32:32.3847797Z State: Starting, Action: CreatingContainer, LastError: ContainerTimeout, LastErrorTimestamp: 03/22/2026 00:28:07, LastErrorDetails: Container did not start within expected time limit of 230s. Please inspect your container logs for more details., Details: Container card-social-api successfully created and is running., DetailsLevel: INFO
2026-03-22T00:32:32.6076622Z Container start method finished after 1738 ms.
2026-03-22T00:32:32.6101753Z State: Starting, Action: InitiatingSiteWarmUpProbe, LastError: ContainerTimeout, LastErrorTimestamp: 03/22/2026 00:28:07, LastErrorDetails: Container did not start within expected time limit of 230s. Please inspect your container logs for more details., Details: Container card-social-api successfully created and is running., DetailsLevel: INFO
2026-03-22T00:32:32.6102453Z State: Starting, Action: WaitingForSiteWarmUpProbeSuccess, LastError: ContainerTimeout, LastErrorTimestamp: 03/22/2026 00:28:07, LastErrorDetails: Container did not start within expected time limit of 230s. Please inspect your container logs for more details., Details: Pinging warmup path to ensure container is ready to receive requests., DetailsLevel: INFO
2026-03-22T00:33:05.7992702Z Site startup probe succeeded after 33.1418431 seconds.
2026-03-22T00:33:06.0107816Z State: Starting, Action: WarmUpProbeSucceeded, LastError: ContainerTimeout, LastErrorTimestamp: 03/22/2026 00:28:07, LastErrorDetails: Container did not start within expected time limit of 230s. Please inspect your container logs for more details., Details: Site startup probe succeeded after 33.1418431 seconds., DetailsLevel: INFO
2026-03-22T00:33:06.1121200Z State: Starting, Action: StartingAuthContainer, LastError: ContainerTimeout, LastErrorTimestamp: 03/22/2026 00:28:07, LastErrorDetails: Container did not start within expected time limit of 230s. Please inspect your container logs for more details., Details: Site startup probe succeeded after 33.1418431 seconds., DetailsLevel: INFO
2026-03-22T00:33:17.9095534Z Site is running with deployment version: 25018eb8-5fb3-4760-8b37-4a0da2fcd63a
2026-03-22T00:33:17.9118400Z Site started.
2026-03-22T00:33:17.9295124Z State: Started, Action: None, LastError: ContainerTimeout, LastErrorTimestamp: 03/22/2026 00:28:07, LastErrorDetails: Container did not start within expected time limit of 230s. Please inspect your container logs for more details., Details: Site started at 03/22/2026 00:33:17 (UTC), DetailsLevel: INFO
2026-03-22T00:33:18.2144308Z Site is running with patch version NODE 20.20.0
2026-03-22T00:40:31.4503806Z State: Starting, Action: EstablishingSiteNetworks, LastError: , LastErrorTimestamp: 01/01/0001 00:00:00, LastErrorDetails: , Details: , DetailsLevel: INFO
2026-03-22T00:40:35.2705458Z State: Starting, Action: StartingSiteContainers, LastError: , LastErrorTimestamp: 01/01/0001 00:00:00, LastErrorDetails: , Details: , DetailsLevel: INFO
2026-03-22T00:40:35.2711368Z Container start method called.
2026-03-22T00:40:35.2728935Z State: Starting, Action: PullingImage, LastError: , LastErrorTimestamp: 01/01/0001 00:00:00, LastErrorDetails: , Details: Pulling image 10.1.0.4:13209/appsvc/node:20-lts_20260115.4.tuxprod for card-social-api., DetailsLevel: INFO
2026-03-22T00:40:35.2730650Z Establishing network.
2026-03-22T00:40:35.2733096Z Pulling image: appsvc/node:20-lts_20260115.4.tuxprod.
2026-03-22T00:40:59.7591150Z Container is starting.
2026-03-22T00:40:59.7661790Z State: Starting, Action: MountingVolumes, LastError: , LastErrorTimestamp: 01/01/0001 00:00:00, LastErrorDetails: , Details: Mounting volumes for card-social-api., DetailsLevel: INFO
2026-03-22T00:40:59.7664298Z Establishing user namespace if not established already.
2026-03-22T00:40:59.7669344Z Establishing network if not established already.
2026-03-22T00:40:59.7682611Z Mounting volumes.
2026-03-22T00:40:59.7787742Z Nested mountpoint 
2026-03-22T00:40:59.8747737Z Nested mountpoint volatile/logs
2026-03-22T00:40:59.9021387Z Nested mountpoint 
2026-03-22T00:40:59.9703929Z Nested mountpoint 
2026-03-22T00:41:00.0783291Z Nested mountpoint 
2026-03-22T00:41:00.4556058Z State: Starting, Action: CreatingContainer, LastError: , LastErrorTimestamp: 01/01/0001 00:00:00, LastErrorDetails: , Details: Finished pulling container image and mounting volumes for card-social-api. Allocatinng the rest of the container resources to finish container creation., DetailsLevel: INFO
2026-03-22T00:41:00.4562265Z Creating container.
2026-03-22T00:41:00.4635608Z Creating pipes for streaming container io.
2026-03-22T00:41:00.4638253Z Creating stdout named pipe at /podr/container/pipe/dcf8da2e27cc_card-social-api/stdout_c2aed1b2198745f3ba6edf5861c63050.
2026-03-22T00:41:00.4661354Z Successfully created stdout named pipe at: /podr/container/pipe/dcf8da2e27cc_card-social-api/stdout_c2aed1b2198745f3ba6edf5861c63050.
2026-03-22T00:41:00.4664108Z Opening named pipe /podr/container/pipe/dcf8da2e27cc_card-social-api/stdout_c2aed1b2198745f3ba6edf5861c63050 for reading in non-blocking mode.
2026-03-22T00:41:00.4666142Z Successfully opened named pipe: /podr/container/pipe/dcf8da2e27cc_card-social-api/stdout_c2aed1b2198745f3ba6edf5861c63050.
2026-03-22T00:41:00.4752829Z Successfully removed non-blocking flag from /podr/container/pipe/dcf8da2e27cc_card-social-api/stdout_c2aed1b2198745f3ba6edf5861c63050.
2026-03-22T00:41:00.4767764Z Creating stderr named pipe at /podr/container/pipe/dcf8da2e27cc_card-social-api/stderr_8a77ecb10d6d4a6d959d70eb78e447fe.
2026-03-22T00:41:00.4940290Z Successfully created stderr named pipe at: /podr/container/pipe/dcf8da2e27cc_card-social-api/stderr_8a77ecb10d6d4a6d959d70eb78e447fe.
2026-03-22T00:41:00.4955203Z Opening named pipe /podr/container/pipe/dcf8da2e27cc_card-social-api/stderr_8a77ecb10d6d4a6d959d70eb78e447fe for reading in non-blocking mode.
2026-03-22T00:41:00.4969684Z Successfully opened named pipe: /podr/container/pipe/dcf8da2e27cc_card-social-api/stderr_8a77ecb10d6d4a6d959d70eb78e447fe.
2026-03-22T00:41:00.5124984Z Successfully removed non-blocking flag from /podr/container/pipe/dcf8da2e27cc_card-social-api/stderr_8a77ecb10d6d4a6d959d70eb78e447fe.
2026-03-22T00:41:00.5129880Z Creating container with image: appsvc/node:20-lts_20260115.4.tuxprod from registry: 10.1.0.5:13209 and fully qualified image name: 10.1.0.5:13209/appsvc/node:20-lts_20260115.4.tuxprod
2026-03-22T00:41:01.1807668Z Starting container: dcf8da2e27cc_card-social-api.
2026-03-22T00:41:01.2811927Z Starting watchers and probes.
2026-03-22T00:41:01.2821360Z Starting metrics collection.
2026-03-22T00:41:01.3010532Z Container is running.
2026-03-22T00:41:01.3011975Z State: Starting, Action: CreatingContainer, LastError: , LastErrorTimestamp: 01/01/0001 00:00:00, LastErrorDetails: , Details: Container card-social-api successfully created and is running., DetailsLevel: INFO
2026-03-22T00:41:01.5752192Z Container start method finished after 26303 ms.
2026-03-22T00:41:01.5755491Z State: Starting, Action: InitiatingSiteWarmUpProbe, LastError: , LastErrorTimestamp: 01/01/0001 00:00:00, LastErrorDetails: , Details: Container card-social-api successfully created and is running., DetailsLevel: INFO
2026-03-22T00:41:01.5860935Z State: Starting, Action: WaitingForSiteWarmUpProbeSuccess, LastError: , LastErrorTimestamp: 01/01/0001 00:00:00, LastErrorDetails: , Details: Pinging warmup path to ensure container is ready to receive requests., DetailsLevel: INFO
2026-03-22T00:41:38.3015276Z Container has finished running with exit code: 1.
2026-03-22T00:41:38.3042160Z Container is terminating. Grace period: 5 seconds.
2026-03-22T00:41:38.3126536Z Stop and delete container. Retry count = 0
2026-03-22T00:41:38.3133056Z Stopping container: dcf8da2e27cc_card-social-api.
2026-03-22T00:41:38.4262268Z Deleting container: dcf8da2e27cc_card-social-api. Retry count = 0
2026-03-22T00:41:38.8037390Z Container spec TerminationMessagePolicy  path 
2026-03-22T00:41:38.8039069Z Container is terminated. Total time elapsed: 492 ms.
2026-03-22T00:41:38.8052659Z Site container: card-social-api terminated during site startup.
2026-03-22T00:41:38.8113070Z State: Stopping, Action: CancellingStartup, LastError: , LastErrorTimestamp: 01/01/0001 00:00:00, LastErrorDetails: , Details: Site container: card-social-api terminated during site startup. Cancelling site startup., DetailsLevel: ERR
2026-03-22T00:41:39.2248048Z Site startup probe failed after 37.5205795 seconds.
2026-03-22T00:41:39.7594010Z State: Stopping, Action: CancellingStartup, LastError: ContainerTimeout, LastErrorTimestamp: 03/22/2026 00:41:39, LastErrorDetails: Container did not start within expected time limit of 230s. Please inspect your container logs for more details., Details: Site container: card-social-api terminated during site startup. Cancelling site startup., DetailsLevel: ERR
2026-03-22T00:41:39.8084387Z Failed to start site. Revert by stopping site.
2026-03-22T00:41:39.8159444Z State: Stopping, Action: StoppingSite, LastError: ContainerTimeout, LastErrorTimestamp: 03/22/2026 00:41:39, LastErrorDetails: Container did not start within expected time limit of 230s. Please inspect your container logs for more details., Details: Site container: card-social-api terminated during site startup. Cancelling site startup., DetailsLevel: ERR
2026-03-22T00:41:39.8249824Z State: Stopping, Action: StoppingSiteContainers, LastError: ContainerTimeout, LastErrorTimestamp: 03/22/2026 00:41:39, LastErrorDetails: Container did not start within expected time limit of 230s. Please inspect your container logs for more details., Details: Site container: card-social-api terminated during site startup. Cancelling site startup., DetailsLevel: ERR
2026-03-22T00:41:39.8250164Z Site: card-social-api stopped.
2026-03-22T00:42:00.7489050Z State: Stopping, Action: StoppingSite, LastError: ContainerTimeout, LastErrorTimestamp: 03/22/2026 00:28:07, LastErrorDetails: Container did not start within expected time limit of 230s. Please inspect your container logs for more details., Details: Site started at 03/22/2026 00:33:17 (UTC), DetailsLevel: INFO
2026-03-22T00:42:00.7513573Z State: Stopping, Action: StoppingSiteContainers, LastError: ContainerTimeout, LastErrorTimestamp: 03/22/2026 00:28:07, LastErrorDetails: Container did not start within expected time limit of 230s. Please inspect your container logs for more details., Details: Site started at 03/22/2026 00:33:17 (UTC), DetailsLevel: INFO
2026-03-22T00:42:00.7515556Z Container is terminating. Grace period: 5 seconds.
2026-03-22T00:42:00.8173059Z Stop and delete container. Retry count = 0
2026-03-22T00:42:00.8174780Z Stopping container: 7c3c2121208d_card-social-api.
2026-03-22T00:42:05.9239468Z Deleting container: 7c3c2121208d_card-social-api. Retry count = 0
2026-03-22T00:42:06.2236591Z Container spec TerminationMessagePolicy  path 
2026-03-22T00:42:06.2307949Z Container is terminated. Total time elapsed: 5472 ms.
2026-03-22T00:42:06.2309512Z Site: card-social-api stopped.
2026-03-22T00:41:39.8387493Z State: Stopping, Action: UnmountingVolumes, LastError: ContainerTimeout, LastErrorTimestamp: 03/22/2026 00:41:39, LastErrorDetails: Container did not start within expected time limit of 230s. Please inspect your container logs for more details., Details: Site container: card-social-api terminated during site startup. Cancelling site startup., DetailsLevel: ERR
2026-03-22T00:41:40.3261273Z State: Stopping, Action: StoppingSiteNetworks, LastError: ContainerTimeout, LastErrorTimestamp: 03/22/2026 00:41:39, LastErrorDetails: Container did not start within expected time limit of 230s. Please inspect your container logs for more details., Details: Site container: card-social-api terminated during site startup. Cancelling site startup., DetailsLevel: ERR
2026-03-22T00:41:40.6169101Z State: Stopped, Action: None, LastError: ContainerTimeout, LastErrorTimestamp: 03/22/2026 00:41:39, LastErrorDetails: Container did not start within expected time limit of 230s. Please inspect your container logs for more details., Details: Site stopped at 03/22/2026 00:41:40 (UTC), DetailsLevel: ERR
2026-03-22T00:41:40.6432935Z State: Stopped, Action: None, LastError: ContainerTimeout, LastErrorTimestamp: 03/22/2026 00:41:39, LastErrorDetails: Container did not start within expected time limit of 230s. Please inspect your container logs for more details., Details: Site stopped at 03/22/2026 00:41:40 (UTC), DetailsLevel: ERR
2026-03-22T00:42:24.8847050Z State: Starting, Action: EstablishingSiteNetworks, LastError: ContainerTimeout, LastErrorTimestamp: 03/22/2026 00:41:39, LastErrorDetails: Container did not start within expected time limit of 230s. Please inspect your container logs for more details., Details: Site stopped at 03/22/2026 00:41:40 (UTC), DetailsLevel: ERR
2026-03-22T00:42:30.9664492Z State: Starting, Action: StartingSiteContainers, LastError: ContainerTimeout, LastErrorTimestamp: 03/22/2026 00:41:39, LastErrorDetails: Container did not start within expected time limit of 230s. Please inspect your container logs for more details., Details: Site stopped at 03/22/2026 00:41:40 (UTC), DetailsLevel: ERR
2026-03-22T00:42:30.9666010Z Container start method called.
2026-03-22T00:42:30.9666525Z State: Starting, Action: PullingImage, LastError: ContainerTimeout, LastErrorTimestamp: 03/22/2026 00:41:39, LastErrorDetails: Container did not start within expected time limit of 230s. Please inspect your container logs for more details., Details: Pulling image 10.1.0.5:13209/appsvc/node:20-lts_20260115.4.tuxprod for card-social-api., DetailsLevel: INFO
2026-03-22T00:42:30.9667580Z Establishing network.
2026-03-22T00:42:30.9668735Z Pulling image: appsvc/node:20-lts_20260115.4.tuxprod.
2026-03-22T00:42:54.0154318Z Container is starting.
2026-03-22T00:42:54.0162984Z State: Starting, Action: MountingVolumes, LastError: ContainerTimeout, LastErrorTimestamp: 03/22/2026 00:41:39, LastErrorDetails: Container did not start within expected time limit of 230s. Please inspect your container logs for more details., Details: Mounting volumes for card-social-api., DetailsLevel: INFO
2026-03-22T00:42:54.0246683Z Establishing user namespace if not established already.
2026-03-22T00:42:54.0256889Z Establishing network if not established already.
2026-03-22T00:42:54.0325335Z Mounting volumes.
2026-03-22T00:42:54.0327553Z Nested mountpoint 
2026-03-22T00:42:54.0533368Z Nested mountpoint volatile/logs
2026-03-22T00:42:54.0822916Z Nested mountpoint 
2026-03-22T00:42:54.1149371Z Nested mountpoint 
2026-03-22T00:42:54.1633398Z Nested mountpoint 
2026-03-22T00:42:54.5356833Z State: Starting, Action: CreatingContainer, LastError: ContainerTimeout, LastErrorTimestamp: 03/22/2026 00:41:39, LastErrorDetails: Container did not start within expected time limit of 230s. Please inspect your container logs for more details., Details: Finished pulling container image and mounting volumes for card-social-api. Allocatinng the rest of the container resources to finish container creation., DetailsLevel: INFO
2026-03-22T00:42:54.5358172Z Creating container.
2026-03-22T00:42:54.5359271Z Creating pipes for streaming container io.
2026-03-22T00:42:54.5364702Z Creating stdout named pipe at /podr/container/pipe/acf448f9e977_card-social-api/stdout_50504dce5e104723b52b8a329f64af45.
2026-03-22T00:42:54.5555256Z Successfully created stdout named pipe at: /podr/container/pipe/acf448f9e977_card-social-api/stdout_50504dce5e104723b52b8a329f64af45.
2026-03-22T00:42:54.5557439Z Opening named pipe /podr/container/pipe/acf448f9e977_card-social-api/stdout_50504dce5e104723b52b8a329f64af45 for reading in non-blocking mode.
2026-03-22T00:42:54.5563555Z Successfully opened named pipe: /podr/container/pipe/acf448f9e977_card-social-api/stdout_50504dce5e104723b52b8a329f64af45.
2026-03-22T00:42:54.5652650Z Successfully removed non-blocking flag from /podr/container/pipe/acf448f9e977_card-social-api/stdout_50504dce5e104723b52b8a329f64af45.
2026-03-22T00:42:54.5915026Z Creating stderr named pipe at /podr/container/pipe/acf448f9e977_card-social-api/stderr_1b8095b5d8514ccaa8f58be686f382d4.
2026-03-22T00:42:54.5917799Z Successfully created stderr named pipe at: /podr/container/pipe/acf448f9e977_card-social-api/stderr_1b8095b5d8514ccaa8f58be686f382d4.
2026-03-22T00:42:54.5918929Z Opening named pipe /podr/container/pipe/acf448f9e977_card-social-api/stderr_1b8095b5d8514ccaa8f58be686f382d4 for reading in non-blocking mode.
2026-03-22T00:42:54.5928005Z Successfully opened named pipe: /podr/container/pipe/acf448f9e977_card-social-api/stderr_1b8095b5d8514ccaa8f58be686f382d4.
2026-03-22T00:42:54.5929636Z Successfully removed non-blocking flag from /podr/container/pipe/acf448f9e977_card-social-api/stderr_1b8095b5d8514ccaa8f58be686f382d4.
2026-03-22T00:42:54.5932142Z Creating container with image: appsvc/node:20-lts_20260115.4.tuxprod from registry: 10.1.0.5:13209 and fully qualified image name: 10.1.0.5:13209/appsvc/node:20-lts_20260115.4.tuxprod
2026-03-22T00:42:55.0600926Z Starting container: acf448f9e977_card-social-api.
2026-03-22T00:42:55.2393250Z Starting watchers and probes.
2026-03-22T00:42:55.2404085Z Starting metrics collection.
2026-03-22T00:42:55.2422368Z Container is running.
2026-03-22T00:42:55.2424767Z State: Starting, Action: CreatingContainer, LastError: ContainerTimeout, LastErrorTimestamp: 03/22/2026 00:41:39, LastErrorDetails: Container did not start within expected time limit of 230s. Please inspect your container logs for more details., Details: Container card-social-api successfully created and is running., DetailsLevel: INFO
2026-03-22T00:42:55.4589386Z Container start method finished after 24413 ms.
2026-03-22T00:42:55.4785916Z State: Starting, Action: InitiatingSiteWarmUpProbe, LastError: ContainerTimeout, LastErrorTimestamp: 03/22/2026 00:41:39, LastErrorDetails: Container did not start within expected time limit of 230s. Please inspect your container logs for more details., Details: Container card-social-api successfully created and is running., DetailsLevel: INFO
2026-03-22T00:42:55.4786751Z State: Starting, Action: WaitingForSiteWarmUpProbeSuccess, LastError: ContainerTimeout, LastErrorTimestamp: 03/22/2026 00:41:39, LastErrorDetails: Container did not start within expected time limit of 230s. Please inspect your container logs for more details., Details: Pinging warmup path to ensure container is ready to receive requests., DetailsLevel: INFO
2026-03-22T00:43:29.2162925Z Container has finished running with exit code: 1.
2026-03-22T00:43:29.2171336Z Container is terminating. Grace period: 5 seconds.
2026-03-22T00:43:29.2274162Z Stop and delete container. Retry count = 0
2026-03-22T00:43:29.2349390Z Stopping container: acf448f9e977_card-social-api.
2026-03-22T00:43:29.3115726Z Deleting container: acf448f9e977_card-social-api. Retry count = 0
2026-03-22T00:43:29.6416994Z Container spec TerminationMessagePolicy  path 
2026-03-22T00:43:29.6447721Z Container is terminated. Total time elapsed: 426 ms.
2026-03-22T00:43:29.6602631Z Site container: card-social-api terminated during site startup.
2026-03-22T00:43:29.6605117Z State: Stopping, Action: CancellingStartup, LastError: ContainerTimeout, LastErrorTimestamp: 03/22/2026 00:41:39, LastErrorDetails: Container did not start within expected time limit of 230s. Please inspect your container logs for more details., Details: Site container: card-social-api terminated during site startup. Cancelling site startup., DetailsLevel: ERR
2026-03-22T00:43:29.8880464Z Site startup probe failed after 34.4011644 seconds.
2026-03-22T00:43:30.5482205Z State: Stopping, Action: CancellingStartup, LastError: ContainerTimeout, LastErrorTimestamp: 03/22/2026 00:43:30, LastErrorDetails: Container did not start within expected time limit of 230s. Please inspect your container logs for more details., Details: Site container: card-social-api terminated during site startup. Cancelling site startup., DetailsLevel: ERR
2026-03-22T00:43:30.6186735Z Failed to start site. Revert by stopping site.
2026-03-22T00:43:30.6367269Z State: Stopping, Action: StoppingSite, LastError: ContainerTimeout, LastErrorTimestamp: 03/22/2026 00:43:30, LastErrorDetails: Container did not start within expected time limit of 230s. Please inspect your container logs for more details., Details: Site container: card-social-api terminated during site startup. Cancelling site startup., DetailsLevel: ERR
2026-03-22T00:43:30.6382149Z State: Stopping, Action: StoppingSiteContainers, LastError: ContainerTimeout, LastErrorTimestamp: 03/22/2026 00:43:30, LastErrorDetails: Container did not start within expected time limit of 230s. Please inspect your container logs for more details., Details: Site container: card-social-api terminated during site startup. Cancelling site startup., DetailsLevel: ERR
2026-03-22T00:43:30.6382369Z Site: card-social-api stopped.
2026-03-22T00:43:30.6649438Z State: Stopping, Action: UnmountingVolumes, LastError: ContainerTimeout, LastErrorTimestamp: 03/22/2026 00:43:30, LastErrorDetails: Container did not start within expected time limit of 230s. Please inspect your container logs for more details., Details: Site container: card-social-api terminated during site startup. Cancelling site startup., DetailsLevel: ERR
2026-03-22T00:43:31.1531093Z State: Stopping, Action: StoppingSiteNetworks, LastError: ContainerTimeout, LastErrorTimestamp: 03/22/2026 00:43:30, LastErrorDetails: Container did not start within expected time limit of 230s. Please inspect your container logs for more details., Details: Site container: card-social-api terminated during site startup. Cancelling site startup., DetailsLevel: ERR
2026-03-22T00:43:31.4783704Z Site: card-social-api will be blocked for 1 minutes till 03/22/2026 00:44:31
2026-03-22T00:43:31.4795537Z State: Blocked, Action: StoppingSiteNetworks, LastError: ContainerTimeout, LastErrorTimestamp: 03/22/2026 00:43:30, LastErrorDetails: Container did not start within expected time limit of 230s. Please inspect your container logs for more details., Details: Site: card-social-api will be blocked for 1 minutes till 03/22/2026 00:44:31, DetailsLevel: WARN
2026-03-22T00:43:31.5054838Z State: Stopped, Action: None, LastError: ContainerTimeout, LastErrorTimestamp: 03/22/2026 00:43:30, LastErrorDetails: Container did not start within expected time limit of 230s. Please inspect your container logs for more details., Details: Site stopped at 03/22/2026 00:43:31 (UTC), DetailsLevel: WARN
2026-03-22T00:43:31.7626815Z State: Stopped, Action: None, LastError: ContainerTimeout, LastErrorTimestamp: 03/22/2026 00:43:30, LastErrorDetails: Container did not start within expected time limit of 230s. Please inspect your container logs for more details., Details: Site stopped at 03/22/2026 00:43:31 (UTC), DetailsLevel: WARN
2026-03-22T00:43:32.2181121Z State: Blocked, Action: None, LastError: ContainerTimeout, LastErrorTimestamp: 03/22/2026 00:43:30, LastErrorDetails: Container did not start within expected time limit of 230s. Please inspect your container logs for more details., Details: Site is blocked due to multiple, consecutive cold start failures. Site scheduled to be unblocked at 03/22/2026 00:44:31, DetailsLevel: WARN
2026-03-22T00:43:32.2182161Z Start site prohibitted because the site is being blocked.
2026-03-22T00:43:58.7541941Z State: Blocked, Action: None, LastError: ContainerTimeout, LastErrorTimestamp: 03/22/2026 00:43:30, LastErrorDetails: Container did not start within expected time limit of 230s. Please inspect your container logs for more details., Details: Site is blocked due to multiple, consecutive cold start failures. Site scheduled to be unblocked at 03/22/2026 00:44:31, DetailsLevel: WARN
2026-03-22T00:43:58.7545189Z Start site prohibitted because the site is being blocked.
2026-03-22T00:43:59.2394430Z State: Blocked, Action: None, LastError: ContainerTimeout, LastErrorTimestamp: 03/22/2026 00:43:30, LastErrorDetails: Container did not start within expected time limit of 230s. Please inspect your container logs for more details., Details: Site is blocked due to multiple, consecutive cold start failures. Site scheduled to be unblocked at 03/22/2026 00:44:31, DetailsLevel: WARN
2026-03-22T00:43:59.2396900Z Start site prohibitted because the site is being blocked.
2026-03-22T00:44:31.4829638Z Site: card-social-api is unblocked.
2026-03-22T00:44:53.4708448Z State: Starting, Action: EstablishingSiteNetworks, LastError: ContainerTimeout, LastErrorTimestamp: 03/22/2026 00:43:30, LastErrorDetails: Container did not start within expected time limit of 230s. Please inspect your container logs for more details., Details: Site is blocked due to multiple, consecutive cold start failures. Site scheduled to be unblocked at 03/22/2026 00:44:31, DetailsLevel: WARN
2026-03-22T00:44:56.0471679Z State: Starting, Action: StartingSiteContainers, LastError: ContainerTimeout, LastErrorTimestamp: 03/22/2026 00:43:30, LastErrorDetails: Container did not start within expected time limit of 230s. Please inspect your container logs for more details., Details: Site is blocked due to multiple, consecutive cold start failures. Site scheduled to be unblocked at 03/22/2026 00:44:31, DetailsLevel: WARN
2026-03-22T00:44:56.0473064Z Container start method called.
2026-03-22T00:44:56.0473552Z State: Starting, Action: PullingImage, LastError: ContainerTimeout, LastErrorTimestamp: 03/22/2026 00:43:30, LastErrorDetails: Container did not start within expected time limit of 230s. Please inspect your container logs for more details., Details: Pulling image 10.1.0.5:13209/appsvc/node:20-lts_20260115.4.tuxprod for card-social-api., DetailsLevel: INFO
2026-03-22T00:44:56.0474712Z Establishing network.
2026-03-22T00:44:56.0475819Z Pulling image: appsvc/node:20-lts_20260115.4.tuxprod.
2026-03-22T00:45:18.3997088Z Container is starting.
2026-03-22T00:45:18.3999236Z State: Starting, Action: MountingVolumes, LastError: ContainerTimeout, LastErrorTimestamp: 03/22/2026 00:43:30, LastErrorDetails: Container did not start within expected time limit of 230s. Please inspect your container logs for more details., Details: Mounting volumes for card-social-api., DetailsLevel: INFO
2026-03-22T00:45:18.4002016Z Establishing user namespace if not established already.
2026-03-22T00:45:18.4003911Z Establishing network if not established already.
2026-03-22T00:45:18.4005646Z Mounting volumes.
2026-03-22T00:45:18.4015656Z Nested mountpoint 
2026-03-22T00:45:18.4412952Z Nested mountpoint volatile/logs
2026-03-22T00:45:18.4700431Z Nested mountpoint 
2026-03-22T00:45:18.4790358Z Nested mountpoint 
2026-03-22T00:45:18.4888409Z Nested mountpoint 
2026-03-22T00:45:18.9585323Z State: Starting, Action: CreatingContainer, LastError: ContainerTimeout, LastErrorTimestamp: 03/22/2026 00:43:30, LastErrorDetails: Container did not start within expected time limit of 230s. Please inspect your container logs for more details., Details: Finished pulling container image and mounting volumes for card-social-api. Allocatinng the rest of the container resources to finish container creation., DetailsLevel: INFO
2026-03-22T00:45:18.9590537Z Creating container.
2026-03-22T00:45:18.9599722Z Creating pipes for streaming container io.
2026-03-22T00:45:18.9663671Z Creating stdout named pipe at /podr/container/pipe/8dce27b4a9e3_card-social-api/stdout_8d2f69351b504aebbbad88063d2acbfc.
2026-03-22T00:45:18.9669994Z Successfully created stdout named pipe at: /podr/container/pipe/8dce27b4a9e3_card-social-api/stdout_8d2f69351b504aebbbad88063d2acbfc.
2026-03-22T00:45:18.9674930Z Opening named pipe /podr/container/pipe/8dce27b4a9e3_card-social-api/stdout_8d2f69351b504aebbbad88063d2acbfc for reading in non-blocking mode.
2026-03-22T00:45:18.9681469Z Successfully opened named pipe: /podr/container/pipe/8dce27b4a9e3_card-social-api/stdout_8d2f69351b504aebbbad88063d2acbfc.
2026-03-22T00:45:18.9686798Z Successfully removed non-blocking flag from /podr/container/pipe/8dce27b4a9e3_card-social-api/stdout_8d2f69351b504aebbbad88063d2acbfc.
2026-03-22T00:45:18.9749084Z Creating stderr named pipe at /podr/container/pipe/8dce27b4a9e3_card-social-api/stderr_93712c82bc974d96a1472d6f1cf337ce.
2026-03-22T00:45:18.9752726Z Successfully created stderr named pipe at: /podr/container/pipe/8dce27b4a9e3_card-social-api/stderr_93712c82bc974d96a1472d6f1cf337ce.
2026-03-22T00:45:18.9754163Z Opening named pipe /podr/container/pipe/8dce27b4a9e3_card-social-api/stderr_93712c82bc974d96a1472d6f1cf337ce for reading in non-blocking mode.
2026-03-22T00:45:18.9755723Z Successfully opened named pipe: /podr/container/pipe/8dce27b4a9e3_card-social-api/stderr_93712c82bc974d96a1472d6f1cf337ce.
2026-03-22T00:45:18.9756758Z Successfully removed non-blocking flag from /podr/container/pipe/8dce27b4a9e3_card-social-api/stderr_93712c82bc974d96a1472d6f1cf337ce.
2026-03-22T00:45:18.9758178Z Creating container with image: appsvc/node:20-lts_20260115.4.tuxprod from registry: 10.1.0.5:13209 and fully qualified image name: 10.1.0.5:13209/appsvc/node:20-lts_20260115.4.tuxprod
2026-03-22T00:45:19.6549449Z Starting container: 8dce27b4a9e3_card-social-api.
2026-03-22T00:45:19.7521327Z Starting watchers and probes.
2026-03-22T00:45:19.7527333Z Starting metrics collection.
2026-03-22T00:45:19.7530307Z Container is running.
2026-03-22T00:45:19.7531774Z State: Starting, Action: CreatingContainer, LastError: ContainerTimeout, LastErrorTimestamp: 03/22/2026 00:43:30, LastErrorDetails: Container did not start within expected time limit of 230s. Please inspect your container logs for more details., Details: Container card-social-api successfully created and is running., DetailsLevel: INFO
2026-03-22T00:45:19.9323153Z Container start method finished after 23884 ms.
2026-03-22T00:45:19.9325237Z State: Starting, Action: InitiatingSiteWarmUpProbe, LastError: ContainerTimeout, LastErrorTimestamp: 03/22/2026 00:43:30, LastErrorDetails: Container did not start within expected time limit of 230s. Please inspect your container logs for more details., Details: Container card-social-api successfully created and is running., DetailsLevel: INFO
2026-03-22T00:45:19.9325693Z State: Starting, Action: WaitingForSiteWarmUpProbeSuccess, LastError: ContainerTimeout, LastErrorTimestamp: 03/22/2026 00:43:30, LastErrorDetails: Container did not start within expected time limit of 230s. Please inspect your container logs for more details., Details: Pinging warmup path to ensure container is ready to receive requests., DetailsLevel: INFO
2026-03-22T00:45:44.7183323Z Container has finished running with exit code: 1.
2026-03-22T00:45:44.7198973Z Container is terminating. Grace period: 5 seconds.
2026-03-22T00:45:44.7307177Z Stop and delete container. Retry count = 0
2026-03-22T00:45:44.7390679Z Stopping container: 8dce27b4a9e3_card-social-api.
2026-03-22T00:45:44.8924229Z Deleting container: 8dce27b4a9e3_card-social-api. Retry count = 0
2026-03-22T00:45:45.2319818Z Container spec TerminationMessagePolicy  path 
2026-03-22T00:45:45.2322118Z Container is terminated. Total time elapsed: 503 ms.
2026-03-22T00:45:45.2323292Z Site container: card-social-api terminated during site startup.
2026-03-22T00:45:45.2324145Z State: Stopping, Action: CancellingStartup, LastError: ContainerTimeout, LastErrorTimestamp: 03/22/2026 00:43:30, LastErrorDetails: Container did not start within expected time limit of 230s. Please inspect your container logs for more details., Details: Site container: card-social-api terminated during site startup. Cancelling site startup., DetailsLevel: ERR
2026-03-22T00:45:45.4464426Z Site startup probe failed after 25.3908749 seconds.
2026-03-22T00:45:45.8476967Z State: Stopping, Action: CancellingStartup, LastError: ContainerTimeout, LastErrorTimestamp: 03/22/2026 00:45:45, LastErrorDetails: Container did not start within expected time limit of 230s. Please inspect your container logs for more details., Details: Site container: card-social-api terminated during site startup. Cancelling site startup., DetailsLevel: ERR
2026-03-22T00:45:45.9047189Z Failed to start site. Revert by stopping site.
2026-03-22T00:45:45.9048485Z State: Stopping, Action: StoppingSite, LastError: ContainerTimeout, LastErrorTimestamp: 03/22/2026 00:45:45, LastErrorDetails: Container did not start within expected time limit of 230s. Please inspect your container logs for more details., Details: Site container: card-social-api terminated during site startup. Cancelling site startup., DetailsLevel: ERR
2026-03-22T00:45:45.9051063Z State: Stopping, Action: StoppingSiteContainers, LastError: ContainerTimeout, LastErrorTimestamp: 03/22/2026 00:45:45, LastErrorDetails: Container did not start within expected time limit of 230s. Please inspect your container logs for more details., Details: Site container: card-social-api terminated during site startup. Cancelling site startup., DetailsLevel: ERR
2026-03-22T00:45:45.9051584Z Site: card-social-api stopped.
2026-03-22T00:46:44.0377690Z State: Starting, Action: EstablishingSiteNetworks, LastError: ContainerTimeout, LastErrorTimestamp: 03/22/2026 00:45:45, LastErrorDetails: Container did not start within expected time limit of 230s. Please inspect your container logs for more details., Details: Site stopped at 03/22/2026 00:45:46 (UTC), DetailsLevel: WARN
2026-03-22T00:46:47.0865047Z State: Starting, Action: StartingSiteContainers, LastError: ContainerTimeout, LastErrorTimestamp: 03/22/2026 00:45:45, LastErrorDetails: Container did not start within expected time limit of 230s. Please inspect your container logs for more details., Details: Site stopped at 03/22/2026 00:45:46 (UTC), DetailsLevel: WARN
2026-03-22T00:46:47.0866557Z Container start method called.
2026-03-22T00:46:47.0867003Z State: Starting, Action: PullingImage, LastError: ContainerTimeout, LastErrorTimestamp: 03/22/2026 00:45:45, LastErrorDetails: Container did not start within expected time limit of 230s. Please inspect your container logs for more details., Details: Pulling image 10.1.0.5:13209/appsvc/node:20-lts_20260115.4.tuxprod for card-social-api., DetailsLevel: INFO
2026-03-22T00:46:47.0868799Z Establishing network.
2026-03-22T00:46:47.1142046Z Pulling image: appsvc/node:20-lts_20260115.4.tuxprod.
2026-03-22T00:46:47.5638303Z Container is starting.
2026-03-22T00:46:47.5639874Z State: Starting, Action: MountingVolumes, LastError: ContainerTimeout, LastErrorTimestamp: 03/22/2026 00:45:45, LastErrorDetails: Container did not start within expected time limit of 230s. Please inspect your container logs for more details., Details: Mounting volumes for card-social-api., DetailsLevel: INFO
2026-03-22T00:46:47.5642262Z Establishing user namespace if not established already.
2026-03-22T00:46:47.5644901Z Establishing network if not established already.
2026-03-22T00:46:47.5662209Z Mounting volumes.
2026-03-22T00:46:47.5664084Z Nested mountpoint 
2026-03-22T00:46:47.6165775Z Nested mountpoint volatile/logs
2026-03-22T00:46:47.6830584Z Nested mountpoint 
2026-03-22T00:46:47.6852060Z Nested mountpoint 
2026-03-22T00:46:47.7126685Z Nested mountpoint 
2026-03-22T00:46:48.0770844Z State: Starting, Action: CreatingContainer, LastError: ContainerTimeout, LastErrorTimestamp: 03/22/2026 00:45:45, LastErrorDetails: Container did not start within expected time limit of 230s. Please inspect your container logs for more details., Details: Finished pulling container image and mounting volumes for card-social-api. Allocatinng the rest of the container resources to finish container creation., DetailsLevel: INFO
2026-03-22T00:46:48.0774051Z Creating container.
2026-03-22T00:46:48.0775461Z Creating pipes for streaming container io.
2026-03-22T00:46:48.0776694Z Creating stdout named pipe at /podr/container/pipe/65d96320199e_card-social-api/stdout_0b50088dbb7844529c4a863584e4133c.
2026-03-22T00:46:48.0778801Z Successfully created stdout named pipe at: /podr/container/pipe/65d96320199e_card-social-api/stdout_0b50088dbb7844529c4a863584e4133c.
2026-03-22T00:46:48.0779799Z Opening named pipe /podr/container/pipe/65d96320199e_card-social-api/stdout_0b50088dbb7844529c4a863584e4133c for reading in non-blocking mode.
2026-03-22T00:46:48.0781119Z Successfully opened named pipe: /podr/container/pipe/65d96320199e_card-social-api/stdout_0b50088dbb7844529c4a863584e4133c.
2026-03-22T00:46:48.0950726Z Successfully removed non-blocking flag from /podr/container/pipe/65d96320199e_card-social-api/stdout_0b50088dbb7844529c4a863584e4133c.
2026-03-22T00:46:48.0965716Z Creating stderr named pipe at /podr/container/pipe/65d96320199e_card-social-api/stderr_12d9021f135e4641b9b92e494ce4a781.
2026-03-22T00:46:48.0971787Z Successfully created stderr named pipe at: /podr/container/pipe/65d96320199e_card-social-api/stderr_12d9021f135e4641b9b92e494ce4a781.
2026-03-22T00:46:48.0974488Z Opening named pipe /podr/container/pipe/65d96320199e_card-social-api/stderr_12d9021f135e4641b9b92e494ce4a781 for reading in non-blocking mode.
2026-03-22T00:46:48.0977831Z Successfully opened named pipe: /podr/container/pipe/65d96320199e_card-social-api/stderr_12d9021f135e4641b9b92e494ce4a781.
2026-03-22T00:46:48.1054010Z Successfully removed non-blocking flag from /podr/container/pipe/65d96320199e_card-social-api/stderr_12d9021f135e4641b9b92e494ce4a781.
2026-03-22T00:46:48.1129900Z Creating container with image: appsvc/node:20-lts_20260115.4.tuxprod from registry: 10.1.0.5:13209 and fully qualified image name: 10.1.0.5:13209/appsvc/node:20-lts_20260115.4.tuxprod
2026-03-22T00:46:48.6512956Z Starting container: 65d96320199e_card-social-api.
2026-03-22T00:46:48.7551806Z Starting watchers and probes.
2026-03-22T00:46:48.7576862Z Starting metrics collection.
2026-03-22T00:46:48.7584498Z Container is running.
2026-03-22T00:46:48.7645993Z State: Starting, Action: CreatingContainer, LastError: ContainerTimeout, LastErrorTimestamp: 03/22/2026 00:45:45, LastErrorDetails: Container did not start within expected time limit of 230s. Please inspect your container logs for more details., Details: Container card-social-api successfully created and is running., DetailsLevel: INFO
2026-03-22T00:46:48.9872444Z Container start method finished after 1900 ms.
2026-03-22T00:46:48.9874614Z State: Starting, Action: InitiatingSiteWarmUpProbe, LastError: ContainerTimeout, LastErrorTimestamp: 03/22/2026 00:45:45, LastErrorDetails: Container did not start within expected time limit of 230s. Please inspect your container logs for more details., Details: Container card-social-api successfully created and is running., DetailsLevel: INFO
2026-03-22T00:46:48.9875180Z State: Starting, Action: WaitingForSiteWarmUpProbeSuccess, LastError: ContainerTimeout, LastErrorTimestamp: 03/22/2026 00:45:45, LastErrorDetails: Container did not start within expected time limit of 230s. Please inspect your container logs for more details., Details: Pinging warmup path to ensure container is ready to receive requests., DetailsLevel: INFO
2026-03-22T00:47:24.6905061Z Container has finished running with exit code: 1.
2026-03-22T00:47:24.7055793Z Container is terminating. Grace period: 5 seconds.
2026-03-22T00:47:24.7063200Z Stop and delete container. Retry count = 0
2026-03-22T00:47:24.7067161Z Stopping container: 65d96320199e_card-social-api.
2026-03-22T00:47:24.8234574Z Deleting container: 65d96320199e_card-social-api. Retry count = 0
2026-03-22T00:47:25.6030883Z Container spec TerminationMessagePolicy  path 
2026-03-22T00:47:25.6036209Z Container is terminated. Total time elapsed: 897 ms.
2026-03-22T00:47:25.6038960Z Site container: card-social-api terminated during site startup.
2026-03-22T00:47:25.6040731Z State: Stopping, Action: CancellingStartup, LastError: ContainerTimeout, LastErrorTimestamp: 03/22/2026 00:45:45, LastErrorDetails: Container did not start within expected time limit of 230s. Please inspect your container logs for more details., Details: Site container: card-social-api terminated during site startup. Cancelling site startup., DetailsLevel: ERR
2026-03-22T00:47:25.6153136Z Site startup probe failed after 36.5981813 seconds.
2026-03-22T00:47:25.9649658Z State: Stopping, Action: CancellingStartup, LastError: ContainerTimeout, LastErrorTimestamp: 03/22/2026 00:47:25, LastErrorDetails: Container did not start within expected time limit of 230s. Please inspect your container logs for more details., Details: Site container: card-social-api terminated during site startup. Cancelling site startup., DetailsLevel: ERR
2026-03-22T00:47:25.9770223Z Failed to start site. Revert by stopping site.
2026-03-22T00:47:25.9773475Z State: Stopping, Action: StoppingSite, LastError: ContainerTimeout, LastErrorTimestamp: 03/22/2026 00:47:25, LastErrorDetails: Container did not start within expected time limit of 230s. Please inspect your container logs for more details., Details: Site container: card-social-api terminated during site startup. Cancelling site startup., DetailsLevel: ERR
2026-03-22T00:47:25.9852987Z State: Stopping, Action: StoppingSiteContainers, LastError: ContainerTimeout, LastErrorTimestamp: 03/22/2026 00:47:25, LastErrorDetails: Container did not start within expected time limit of 230s. Please inspect your container logs for more details., Details: Site container: card-social-api terminated during site startup. Cancelling site startup., DetailsLevel: ERR
2026-03-22T00:47:25.9853205Z Site: card-social-api stopped.
2026-03-22T00:47:26.0255736Z State: Stopping, Action: UnmountingVolumes, LastError: ContainerTimeout, LastErrorTimestamp: 03/22/2026 00:47:25, LastErrorDetails: Container did not start within expected time limit of 230s. Please inspect your container logs for more details., Details: Site container: card-social-api terminated during site startup. Cancelling site startup., DetailsLevel: ERR
2026-03-22T00:47:26.6498628Z State: Stopping, Action: StoppingSiteNetworks, LastError: ContainerTimeout, LastErrorTimestamp: 03/22/2026 00:47:25, LastErrorDetails: Container did not start within expected time limit of 230s. Please inspect your container logs for more details., Details: Site container: card-social-api terminated during site startup. Cancelling site startup., DetailsLevel: ERR
2026-03-22T00:47:27.2387656Z State: Stopped, Action: None, LastError: ContainerTimeout, LastErrorTimestamp: 03/22/2026 00:47:25, LastErrorDetails: Container did not start within expected time limit of 230s. Please inspect your container logs for more details., Details: Site stopped at 03/22/2026 00:47:27 (UTC), DetailsLevel: ERR
2026-03-22T00:47:27.4034983Z State: Stopped, Action: None, LastError: ContainerTimeout, LastErrorTimestamp: 03/22/2026 00:47:25, LastErrorDetails: Container did not start within expected time limit of 230s. Please inspect your container logs for more details., Details: Site stopped at 03/22/2026 00:47:27 (UTC), DetailsLevel: ERR
2026-03-22T00:47:27.7867540Z State: Starting, Action: EstablishingSiteNetworks, LastError: ContainerTimeout, LastErrorTimestamp: 03/22/2026 00:47:25, LastErrorDetails: Container did not start within expected time limit of 230s. Please inspect your container logs for more details., Details: Site stopped at 03/22/2026 00:47:27 (UTC), DetailsLevel: ERR
2026-03-22T00:47:32.2045085Z State: Starting, Action: StartingSiteContainers, LastError: ContainerTimeout, LastErrorTimestamp: 03/22/2026 00:47:25, LastErrorDetails: Container did not start within expected time limit of 230s. Please inspect your container logs for more details., Details: Site stopped at 03/22/2026 00:47:27 (UTC), DetailsLevel: ERR
2026-03-22T00:47:32.2051509Z Container start method called.
2026-03-22T00:47:32.2064477Z State: Starting, Action: PullingImage, LastError: ContainerTimeout, LastErrorTimestamp: 03/22/2026 00:47:25, LastErrorDetails: Container did not start within expected time limit of 230s. Please inspect your container logs for more details., Details: Pulling image 10.1.0.5:13209/appsvc/node:20-lts_20260115.4.tuxprod for card-social-api., DetailsLevel: INFO
2026-03-22T00:47:32.2141477Z Establishing network.
2026-03-22T00:47:32.2148312Z Pulling image: appsvc/node:20-lts_20260115.4.tuxprod.
2026-03-22T00:47:32.8776346Z Container is starting.
2026-03-22T00:47:32.8781317Z State: Starting, Action: MountingVolumes, LastError: ContainerTimeout, LastErrorTimestamp: 03/22/2026 00:47:25, LastErrorDetails: Container did not start within expected time limit of 230s. Please inspect your container logs for more details., Details: Mounting volumes for card-social-api., DetailsLevel: INFO
2026-03-22T00:47:32.8858044Z Establishing user namespace if not established already.
2026-03-22T00:47:32.8862291Z Establishing network if not established already.
2026-03-22T00:47:32.8865645Z Mounting volumes.
2026-03-22T00:47:32.9081574Z Nested mountpoint 
2026-03-22T00:47:32.9867341Z Nested mountpoint volatile/logs
2026-03-22T00:47:33.0061728Z Nested mountpoint 
2026-03-22T00:47:33.0167411Z Nested mountpoint 
2026-03-22T00:47:33.1410833Z Nested mountpoint 
2026-03-22T00:47:33.8668872Z State: Starting, Action: CreatingContainer, LastError: ContainerTimeout, LastErrorTimestamp: 03/22/2026 00:47:25, LastErrorDetails: Container did not start within expected time limit of 230s. Please inspect your container logs for more details., Details: Finished pulling container image and mounting volumes for card-social-api. Allocatinng the rest of the container resources to finish container creation., DetailsLevel: INFO
2026-03-22T00:47:33.8680881Z Creating container.
2026-03-22T00:47:33.8753666Z Creating pipes for streaming container io.
2026-03-22T00:47:33.8758320Z Creating stdout named pipe at /podr/container/pipe/3de4422ac8b2_card-social-api/stdout_f153cec557de470794dab4791b88f5be.
2026-03-22T00:47:33.8762614Z Successfully created stdout named pipe at: /podr/container/pipe/3de4422ac8b2_card-social-api/stdout_f153cec557de470794dab4791b88f5be.
2026-03-22T00:47:33.8767531Z Opening named pipe /podr/container/pipe/3de4422ac8b2_card-social-api/stdout_f153cec557de470794dab4791b88f5be for reading in non-blocking mode.
2026-03-22T00:47:33.8773216Z Successfully opened named pipe: /podr/container/pipe/3de4422ac8b2_card-social-api/stdout_f153cec557de470794dab4791b88f5be.
2026-03-22T00:47:33.8775024Z Successfully removed non-blocking flag from /podr/container/pipe/3de4422ac8b2_card-social-api/stdout_f153cec557de470794dab4791b88f5be.
2026-03-22T00:47:33.9039930Z Creating stderr named pipe at /podr/container/pipe/3de4422ac8b2_card-social-api/stderr_20fdf42b10454e48897b8476e0326c58.
2026-03-22T00:47:33.9045627Z Successfully created stderr named pipe at: /podr/container/pipe/3de4422ac8b2_card-social-api/stderr_20fdf42b10454e48897b8476e0326c58.
2026-03-22T00:47:33.9047027Z Opening named pipe /podr/container/pipe/3de4422ac8b2_card-social-api/stderr_20fdf42b10454e48897b8476e0326c58 for reading in non-blocking mode.
2026-03-22T00:47:33.9048307Z Successfully opened named pipe: /podr/container/pipe/3de4422ac8b2_card-social-api/stderr_20fdf42b10454e48897b8476e0326c58.
2026-03-22T00:47:33.9049610Z Successfully removed non-blocking flag from /podr/container/pipe/3de4422ac8b2_card-social-api/stderr_20fdf42b10454e48897b8476e0326c58.
2026-03-22T00:47:33.9149140Z Creating container with image: appsvc/node:20-lts_20260115.4.tuxprod from registry: 10.1.0.5:13209 and fully qualified image name: 10.1.0.5:13209/appsvc/node:20-lts_20260115.4.tuxprod
2026-03-22T00:47:34.9243043Z Starting container: 3de4422ac8b2_card-social-api.
2026-03-22T00:47:35.0625093Z Starting watchers and probes.
2026-03-22T00:47:35.0712862Z Starting metrics collection.
2026-03-22T00:47:35.0732622Z Container is running.
2026-03-22T00:47:35.0798654Z State: Starting, Action: CreatingContainer, LastError: ContainerTimeout, LastErrorTimestamp: 03/22/2026 00:47:25, LastErrorDetails: Container did not start within expected time limit of 230s. Please inspect your container logs for more details., Details: Container card-social-api successfully created and is running., DetailsLevel: INFO
2026-03-22T00:47:35.3759358Z Container start method finished after 3170 ms.
2026-03-22T00:47:35.3963858Z State: Starting, Action: InitiatingSiteWarmUpProbe, LastError: ContainerTimeout, LastErrorTimestamp: 03/22/2026 00:47:25, LastErrorDetails: Container did not start within expected time limit of 230s. Please inspect your container logs for more details., Details: Container card-social-api successfully created and is running., DetailsLevel: INFO
2026-03-22T00:47:35.3964773Z State: Starting, Action: WaitingForSiteWarmUpProbeSuccess, LastError: ContainerTimeout, LastErrorTimestamp: 03/22/2026 00:47:25, LastErrorDetails: Container did not start within expected time limit of 230s. Please inspect your container logs for more details., Details: Pinging warmup path to ensure container is ready to receive requests., DetailsLevel: INFO
2026-03-22T00:48:14.1316395Z Container has finished running with exit code: 1.
2026-03-22T00:48:14.1319594Z Container is terminating. Grace period: 5 seconds.
2026-03-22T00:48:14.1593489Z Stop and delete container. Retry count = 0
2026-03-22T00:48:14.1604156Z Stopping container: 3de4422ac8b2_card-social-api.
2026-03-22T00:48:14.2346857Z Container get mounts received unexpected exception.
2026-03-22T00:48:14.2359799Z Container get mounts received unexpected exception.
2026-03-22T00:48:14.3250884Z Container get mounts received unexpected exception.
2026-03-22T00:48:14.7522022Z Deleting container: 3de4422ac8b2_card-social-api. Retry count = 0
2026-03-22T00:48:15.2571600Z Container spec TerminationMessagePolicy  path 
2026-03-22T00:48:15.2638445Z Container is terminated. Total time elapsed: 1125 ms.
2026-03-22T00:48:15.2640716Z Site container: card-social-api terminated during site startup.
2026-03-22T00:48:15.2641872Z State: Stopping, Action: CancellingStartup, LastError: ContainerTimeout, LastErrorTimestamp: 03/22/2026 00:47:25, LastErrorDetails: Container did not start within expected time limit of 230s. Please inspect your container logs for more details., Details: Site container: card-social-api terminated during site startup. Cancelling site startup., DetailsLevel: ERR
2026-03-22T00:48:15.2651386Z Site startup probe failed after 39.8682534 seconds.
2026-03-22T00:48:15.7418426Z State: Stopping, Action: CancellingStartup, LastError: ContainerTimeout, LastErrorTimestamp: 03/22/2026 00:48:15, LastErrorDetails: Container did not start within expected time limit of 230s. Please inspect your container logs for more details., Details: Site container: card-social-api terminated during site startup. Cancelling site startup., DetailsLevel: ERR
2026-03-22T00:48:15.7495951Z Failed to start site. Revert by stopping site.
2026-03-22T00:48:15.7498535Z State: Stopping, Action: StoppingSite, LastError: ContainerTimeout, LastErrorTimestamp: 03/22/2026 00:48:15, LastErrorDetails: Container did not start within expected time limit of 230s. Please inspect your container logs for more details., Details: Site container: card-social-api terminated during site startup. Cancelling site startup., DetailsLevel: ERR
2026-03-22T00:48:15.7509811Z State: Stopping, Action: StoppingSiteContainers, LastError: ContainerTimeout, LastErrorTimestamp: 03/22/2026 00:48:15, LastErrorDetails: Container did not start within expected time limit of 230s. Please inspect your container logs for more details., Details: Site container: card-social-api terminated during site startup. Cancelling site startup., DetailsLevel: ERR
2026-03-22T00:48:15.7510033Z Site: card-social-api stopped.
2026-03-22T00:48:15.7698912Z State: Stopping, Action: UnmountingVolumes, LastError: ContainerTimeout, LastErrorTimestamp: 03/22/2026 00:48:15, LastErrorDetails: Container did not start within expected time limit of 230s. Please inspect your container logs for more details., Details: Site container: card-social-api terminated during site startup. Cancelling site startup., DetailsLevel: ERR
2026-03-22T00:48:16.2169756Z State: Stopping, Action: StoppingSiteNetworks, LastError: ContainerTimeout, LastErrorTimestamp: 03/22/2026 00:48:15, LastErrorDetails: Container did not start within expected time limit of 230s. Please inspect your container logs for more details., Details: Site container: card-social-api terminated during site startup. Cancelling site startup., DetailsLevel: ERR
2026-03-22T00:48:16.7309853Z Site: card-social-api will be blocked for 1 minutes till 03/22/2026 00:49:16
2026-03-22T00:48:16.7326943Z State: Blocked, Action: StoppingSiteNetworks, LastError: ContainerTimeout, LastErrorTimestamp: 03/22/2026 00:48:15, LastErrorDetails: Container did not start within expected time limit of 230s. Please inspect your container logs for more details., Details: Site: card-social-api will be blocked for 1 minutes till 03/22/2026 00:49:16, DetailsLevel: WARN
2026-03-22T00:48:16.7399891Z State: Stopped, Action: None, LastError: ContainerTimeout, LastErrorTimestamp: 03/22/2026 00:48:15, LastErrorDetails: Container did not start within expected time limit of 230s. Please inspect your container logs for more details., Details: Site stopped at 03/22/2026 00:48:16 (UTC), DetailsLevel: WARN
2026-03-22T00:48:16.8965596Z State: Stopped, Action: None, LastError: ContainerTimeout, LastErrorTimestamp: 03/22/2026 00:48:15, LastErrorDetails: Container did not start within expected time limit of 230s. Please inspect your container logs for more details., Details: Site stopped at 03/22/2026 00:48:16 (UTC), DetailsLevel: WARN
2026-03-22T00:49:16.7175634Z Site: card-social-api is unblocked.
2026-03-22T00:54:23.1827069Z State: Starting, Action: EstablishingSiteNetworks, LastError: ContainerTimeout, LastErrorTimestamp: 03/22/2026 00:48:15, LastErrorDetails: Container did not start within expected time limit of 230s. Please inspect your container logs for more details., Details: Site stopped at 03/22/2026 00:48:16 (UTC), DetailsLevel: WARN
2026-03-22T00:54:26.1556328Z State: Starting, Action: StartingSiteContainers, LastError: ContainerTimeout, LastErrorTimestamp: 03/22/2026 00:48:15, LastErrorDetails: Container did not start within expected time limit of 230s. Please inspect your container logs for more details., Details: Site stopped at 03/22/2026 00:48:16 (UTC), DetailsLevel: WARN
2026-03-22T00:54:26.1912944Z Container start method called.
2026-03-22T00:54:26.1933244Z State: Starting, Action: PullingImage, LastError: ContainerTimeout, LastErrorTimestamp: 03/22/2026 00:48:15, LastErrorDetails: Container did not start within expected time limit of 230s. Please inspect your container logs for more details., Details: Pulling image 10.1.0.5:13209/appsvc/node:20-lts_20260115.4.tuxprod for card-social-api., DetailsLevel: INFO
2026-03-22T00:54:26.1939429Z Establishing network.
2026-03-22T00:54:26.2032569Z Pulling image: appsvc/node:20-lts_20260115.4.tuxprod.
2026-03-22T00:54:26.5932836Z Container is starting.
2026-03-22T00:54:26.5933675Z State: Starting, Action: MountingVolumes, LastError: ContainerTimeout, LastErrorTimestamp: 03/22/2026 00:48:15, LastErrorDetails: Container did not start within expected time limit of 230s. Please inspect your container logs for more details., Details: Mounting volumes for card-social-api., DetailsLevel: INFO
2026-03-22T00:54:26.5934773Z Establishing user namespace if not established already.
2026-03-22T00:54:26.5935769Z Establishing network if not established already.
2026-03-22T00:54:26.5937960Z Mounting volumes.
2026-03-22T00:54:26.5939725Z Nested mountpoint 
2026-03-22T00:54:26.6357193Z Nested mountpoint volatile/logs
2026-03-22T00:54:26.6819966Z Nested mountpoint 
2026-03-22T00:54:26.6850352Z Nested mountpoint 
2026-03-22T00:54:26.6856251Z Nested mountpoint 
2026-03-22T00:54:27.2122386Z State: Starting, Action: CreatingContainer, LastError: ContainerTimeout, LastErrorTimestamp: 03/22/2026 00:48:15, LastErrorDetails: Container did not start within expected time limit of 230s. Please inspect your container logs for more details., Details: Finished pulling container image and mounting volumes for card-social-api. Allocatinng the rest of the container resources to finish container creation., DetailsLevel: INFO
2026-03-22T00:54:27.2124545Z Creating container.
2026-03-22T00:54:27.2126333Z Creating pipes for streaming container io.
2026-03-22T00:54:27.2203414Z Creating stdout named pipe at /podr/container/pipe/c207c7ffb394_card-social-api/stdout_3fe3354a13b8460aac77bb060466ed3a.
2026-03-22T00:54:27.2206689Z Successfully created stdout named pipe at: /podr/container/pipe/c207c7ffb394_card-social-api/stdout_3fe3354a13b8460aac77bb060466ed3a.
2026-03-22T00:54:27.2208441Z Opening named pipe /podr/container/pipe/c207c7ffb394_card-social-api/stdout_3fe3354a13b8460aac77bb060466ed3a for reading in non-blocking mode.
2026-03-22T00:54:27.2210042Z Successfully opened named pipe: /podr/container/pipe/c207c7ffb394_card-social-api/stdout_3fe3354a13b8460aac77bb060466ed3a.
2026-03-22T00:54:27.2211242Z Successfully removed non-blocking flag from /podr/container/pipe/c207c7ffb394_card-social-api/stdout_3fe3354a13b8460aac77bb060466ed3a.
2026-03-22T00:54:27.2225811Z Creating stderr named pipe at /podr/container/pipe/c207c7ffb394_card-social-api/stderr_1f3685452992452198ab09da958119ae.
2026-03-22T00:54:27.2229117Z Successfully created stderr named pipe at: /podr/container/pipe/c207c7ffb394_card-social-api/stderr_1f3685452992452198ab09da958119ae.
2026-03-22T00:54:27.2231712Z Opening named pipe /podr/container/pipe/c207c7ffb394_card-social-api/stderr_1f3685452992452198ab09da958119ae for reading in non-blocking mode.
2026-03-22T00:54:27.2236119Z Successfully opened named pipe: /podr/container/pipe/c207c7ffb394_card-social-api/stderr_1f3685452992452198ab09da958119ae.
2026-03-22T00:54:27.2238472Z Successfully removed non-blocking flag from /podr/container/pipe/c207c7ffb394_card-social-api/stderr_1f3685452992452198ab09da958119ae.
2026-03-22T00:54:27.2311392Z Creating container with image: appsvc/node:20-lts_20260115.4.tuxprod from registry: 10.1.0.5:13209 and fully qualified image name: 10.1.0.5:13209/appsvc/node:20-lts_20260115.4.tuxprod
2026-03-22T00:54:28.2066341Z Starting container: c207c7ffb394_card-social-api.
2026-03-22T00:54:28.3011484Z Starting watchers and probes.
2026-03-22T00:54:28.3110325Z Starting metrics collection.
2026-03-22T00:54:28.3189794Z Container is running.
2026-03-22T00:54:28.3193206Z State: Starting, Action: CreatingContainer, LastError: ContainerTimeout, LastErrorTimestamp: 03/22/2026 00:48:15, LastErrorDetails: Container did not start within expected time limit of 230s. Please inspect your container logs for more details., Details: Container card-social-api successfully created and is running., DetailsLevel: INFO
2026-03-22T00:54:28.4281959Z Container start method finished after 2226 ms.
2026-03-22T00:54:28.4945607Z State: Starting, Action: InitiatingSiteWarmUpProbe, LastError: ContainerTimeout, LastErrorTimestamp: 03/22/2026 00:48:15, LastErrorDetails: Container did not start within expected time limit of 230s. Please inspect your container logs for more details., Details: Container card-social-api successfully created and is running., DetailsLevel: INFO
2026-03-22T00:54:28.4964370Z State: Starting, Action: WaitingForSiteWarmUpProbeSuccess, LastError: ContainerTimeout, LastErrorTimestamp: 03/22/2026 00:48:15, LastErrorDetails: Container did not start within expected time limit of 230s. Please inspect your container logs for more details., Details: Pinging warmup path to ensure container is ready to receive requests., DetailsLevel: INFO
2026-03-22T00:54:59.4510469Z Container has finished running with exit code: 1.
2026-03-22T00:54:59.4519298Z Container is terminating. Grace period: 5 seconds.
2026-03-22T00:54:59.4601643Z Stop and delete container. Retry count = 0
2026-03-22T00:54:59.4604553Z Stopping container: c207c7ffb394_card-social-api.
2026-03-22T00:54:59.5479332Z Deleting container: c207c7ffb394_card-social-api. Retry count = 0
2026-03-22T00:54:59.8689148Z Container spec TerminationMessagePolicy  path 
2026-03-22T00:54:59.8710021Z Container is terminated. Total time elapsed: 418 ms.
2026-03-22T00:54:59.8787664Z Site container: card-social-api terminated during site startup.
2026-03-22T00:54:59.8795970Z State: Stopping, Action: CancellingStartup, LastError: ContainerTimeout, LastErrorTimestamp: 03/22/2026 00:48:15, LastErrorDetails: Container did not start within expected time limit of 230s. Please inspect your container logs for more details., Details: Site container: card-social-api terminated during site startup. Cancelling site startup., DetailsLevel: ERR
2026-03-22T00:54:59.8978437Z Site startup probe failed after 31.3352847 seconds.
2026-03-22T00:55:00.0778245Z State: Stopping, Action: CancellingStartup, LastError: ContainerTimeout, LastErrorTimestamp: 03/22/2026 00:55:00, LastErrorDetails: Container did not start within expected time limit of 230s. Please inspect your container logs for more details., Details: Site container: card-social-api terminated during site startup. Cancelling site startup., DetailsLevel: ERR
2026-03-22T00:55:00.0860881Z Failed to start site. Revert by stopping site.
2026-03-22T00:55:00.0864368Z State: Stopping, Action: StoppingSite, LastError: ContainerTimeout, LastErrorTimestamp: 03/22/2026 00:55:00, LastErrorDetails: Container did not start within expected time limit of 230s. Please inspect your container logs for more details., Details: Site container: card-social-api terminated during site startup. Cancelling site startup., DetailsLevel: ERR
2026-03-22T00:55:00.0867247Z State: Stopping, Action: StoppingSiteContainers, LastError: ContainerTimeout, LastErrorTimestamp: 03/22/2026 00:55:00, LastErrorDetails: Container did not start within expected time limit of 230s. Please inspect your container logs for more details., Details: Site container: card-social-api terminated during site startup. Cancelling site startup., DetailsLevel: ERR
2026-03-22T00:55:00.0867421Z Site: card-social-api stopped.
2026-03-22T01:12:30.4467411Z State: Starting, Action: EstablishingSiteNetworks, LastError: ContainerTimeout, LastErrorTimestamp: 03/22/2026 00:55:00, LastErrorDetails: Container did not start within expected time limit of 230s. Please inspect your container logs for more details., Details: Site is blocked due to multiple, consecutive cold start failures. Site scheduled to be unblocked at 03/22/2026 00:56:00, DetailsLevel: WARN
2026-03-22T01:12:33.6158320Z State: Starting, Action: StartingSiteContainers, LastError: ContainerTimeout, LastErrorTimestamp: 03/22/2026 00:55:00, LastErrorDetails: Container did not start within expected time limit of 230s. Please inspect your container logs for more details., Details: Site is blocked due to multiple, consecutive cold start failures. Site scheduled to be unblocked at 03/22/2026 00:56:00, DetailsLevel: WARN
2026-03-22T01:12:33.6159881Z Container start method called.
2026-03-22T01:12:33.6190479Z State: Starting, Action: PullingImage, LastError: ContainerTimeout, LastErrorTimestamp: 03/22/2026 00:55:00, LastErrorDetails: Container did not start within expected time limit of 230s. Please inspect your container logs for more details., Details: Pulling image 10.1.0.4:13209/appsvc/node:20-lts_20260115.4.tuxprod for card-social-api., DetailsLevel: INFO
2026-03-22T01:12:33.6481690Z Establishing network.
2026-03-22T01:12:33.6483415Z Pulling image: appsvc/node:20-lts_20260115.4.tuxprod.
2026-03-22T01:12:55.9020709Z Container is starting.
2026-03-22T01:12:55.9027840Z State: Starting, Action: MountingVolumes, LastError: ContainerTimeout, LastErrorTimestamp: 03/22/2026 00:55:00, LastErrorDetails: Container did not start within expected time limit of 230s. Please inspect your container logs for more details., Details: Mounting volumes for card-social-api., DetailsLevel: INFO
2026-03-22T01:12:55.9032986Z Establishing user namespace if not established already.
2026-03-22T01:12:55.9040973Z Establishing network if not established already.
2026-03-22T01:12:55.9122440Z Mounting volumes.
2026-03-22T01:12:55.9135922Z Nested mountpoint 
2026-03-22T01:12:55.9587595Z Nested mountpoint volatile/logs
2026-03-22T01:12:56.0274763Z Nested mountpoint 
2026-03-22T01:12:56.0503053Z Nested mountpoint 
2026-03-22T01:12:56.0651458Z Nested mountpoint 
2026-03-22T01:12:56.5593283Z State: Starting, Action: CreatingContainer, LastError: ContainerTimeout, LastErrorTimestamp: 03/22/2026 00:55:00, LastErrorDetails: Container did not start within expected time limit of 230s. Please inspect your container logs for more details., Details: Finished pulling container image and mounting volumes for card-social-api. Allocatinng the rest of the container resources to finish container creation., DetailsLevel: INFO
2026-03-22T01:12:56.5912332Z Creating container.
2026-03-22T01:12:56.5921012Z Creating pipes for streaming container io.
2026-03-22T01:12:56.5932620Z Creating stdout named pipe at /podr/container/pipe/5f4239f12966_card-social-api/stdout_8698a674d724489896de2c15945d23dc.
2026-03-22T01:12:56.5944780Z Successfully created stdout named pipe at: /podr/container/pipe/5f4239f12966_card-social-api/stdout_8698a674d724489896de2c15945d23dc.
2026-03-22T01:12:56.5970195Z Opening named pipe /podr/container/pipe/5f4239f12966_card-social-api/stdout_8698a674d724489896de2c15945d23dc for reading in non-blocking mode.
2026-03-22T01:12:56.5980382Z Successfully opened named pipe: /podr/container/pipe/5f4239f12966_card-social-api/stdout_8698a674d724489896de2c15945d23dc.
2026-03-22T01:12:56.5990809Z Successfully removed non-blocking flag from /podr/container/pipe/5f4239f12966_card-social-api/stdout_8698a674d724489896de2c15945d23dc.
2026-03-22T01:12:56.6062370Z Creating stderr named pipe at /podr/container/pipe/5f4239f12966_card-social-api/stderr_5e89882229da42a8bf02fdc4d8df77a7.
2026-03-22T01:12:56.6064709Z Successfully created stderr named pipe at: /podr/container/pipe/5f4239f12966_card-social-api/stderr_5e89882229da42a8bf02fdc4d8df77a7.
2026-03-22T01:12:56.6067636Z Opening named pipe /podr/container/pipe/5f4239f12966_card-social-api/stderr_5e89882229da42a8bf02fdc4d8df77a7 for reading in non-blocking mode.
2026-03-22T01:12:56.6069680Z Successfully opened named pipe: /podr/container/pipe/5f4239f12966_card-social-api/stderr_5e89882229da42a8bf02fdc4d8df77a7.
2026-03-22T01:12:56.6070735Z Successfully removed non-blocking flag from /podr/container/pipe/5f4239f12966_card-social-api/stderr_5e89882229da42a8bf02fdc4d8df77a7.
2026-03-22T01:12:56.6072226Z Creating container with image: appsvc/node:20-lts_20260115.4.tuxprod from registry: 10.1.0.5:13209 and fully qualified image name: 10.1.0.5:13209/appsvc/node:20-lts_20260115.4.tuxprod
2026-03-22T01:12:57.2420660Z Starting container: 5f4239f12966_card-social-api.
2026-03-22T01:12:57.3359103Z Starting watchers and probes.
2026-03-22T01:12:57.3368956Z Starting metrics collection.
2026-03-22T01:12:57.3390794Z Container is running.
2026-03-22T01:12:57.3456591Z State: Starting, Action: CreatingContainer, LastError: ContainerTimeout, LastErrorTimestamp: 03/22/2026 00:55:00, LastErrorDetails: Container did not start within expected time limit of 230s. Please inspect your container logs for more details., Details: Container card-social-api successfully created and is running., DetailsLevel: INFO
2026-03-22T01:12:57.4262853Z Container start method finished after 23809 ms.
2026-03-22T01:12:57.4624433Z State: Starting, Action: InitiatingSiteWarmUpProbe, LastError: ContainerTimeout, LastErrorTimestamp: 03/22/2026 00:55:00, LastErrorDetails: Container did not start within expected time limit of 230s. Please inspect your container logs for more details., Details: Container card-social-api successfully created and is running., DetailsLevel: INFO
2026-03-22T01:12:57.4631777Z State: Starting, Action: WaitingForSiteWarmUpProbeSuccess, LastError: ContainerTimeout, LastErrorTimestamp: 03/22/2026 00:55:00, LastErrorDetails: Container did not start within expected time limit of 230s. Please inspect your container logs for more details., Details: Pinging warmup path to ensure container is ready to receive requests., DetailsLevel: INFO
2026-03-22T01:13:26.1487136Z Container has finished running with exit code: 1.
2026-03-22T01:13:26.1494836Z Container is terminating. Grace period: 5 seconds.
2026-03-22T01:13:26.1595643Z Stop and delete container. Retry count = 0
2026-03-22T01:13:26.1599254Z Stopping container: 5f4239f12966_card-social-api.
2026-03-22T01:13:26.2286502Z Deleting container: 5f4239f12966_card-social-api. Retry count = 0
2026-03-22T01:13:26.5036593Z Container spec TerminationMessagePolicy  path 
2026-03-22T01:13:26.5045590Z Container is terminated. Total time elapsed: 354 ms.
2026-03-22T01:13:26.5048115Z Site container: card-social-api terminated during site startup.
2026-03-22T01:13:26.5059492Z State: Stopping, Action: CancellingStartup, LastError: ContainerTimeout, LastErrorTimestamp: 03/22/2026 00:55:00, LastErrorDetails: Container did not start within expected time limit of 230s. Please inspect your container logs for more details., Details: Site container: card-social-api terminated during site startup. Cancelling site startup., DetailsLevel: ERR
2026-03-22T01:13:26.5556401Z Site startup probe failed after 28.964143 seconds.
2026-03-22T01:13:26.9245416Z State: Stopping, Action: CancellingStartup, LastError: ContainerTimeout, LastErrorTimestamp: 03/22/2026 01:13:26, LastErrorDetails: Container did not start within expected time limit of 230s. Please inspect your container logs for more details., Details: Site container: card-social-api terminated during site startup. Cancelling site startup., DetailsLevel: ERR
2026-03-22T01:13:26.9608951Z Failed to start site. Revert by stopping site.
2026-03-22T01:13:26.9624202Z State: Stopping, Action: StoppingSite, LastError: ContainerTimeout, LastErrorTimestamp: 03/22/2026 01:13:26, LastErrorDetails: Container did not start within expected time limit of 230s. Please inspect your container logs for more details., Details: Site container: card-social-api terminated during site startup. Cancelling site startup., DetailsLevel: ERR
2026-03-22T01:13:26.9705921Z State: Stopping, Action: StoppingSiteContainers, LastError: ContainerTimeout, LastErrorTimestamp: 03/22/2026 01:13:26, LastErrorDetails: Container did not start within expected time limit of 230s. Please inspect your container logs for more details., Details: Site container: card-social-api terminated during site startup. Cancelling site startup., DetailsLevel: ERR
2026-03-22T01:13:26.9706148Z Site: card-social-api stopped.
2026-03-22T01:13:26.9817708Z State: Stopping, Action: UnmountingVolumes, LastError: ContainerTimeout, LastErrorTimestamp: 03/22/2026 01:13:26, LastErrorDetails: Container did not start within expected time limit of 230s. Please inspect your container logs for more details., Details: Site container: card-social-api terminated during site startup. Cancelling site startup., DetailsLevel: ERR
2026-03-22T01:13:27.3937441Z State: Stopping, Action: StoppingSiteNetworks, LastError: ContainerTimeout, LastErrorTimestamp: 03/22/2026 01:13:26, LastErrorDetails: Container did not start within expected time limit of 230s. Please inspect your container logs for more details., Details: Site container: card-social-api terminated during site startup. Cancelling site startup., DetailsLevel: ERR
2026-03-22T01:13:27.8556357Z State: Stopped, Action: None, LastError: ContainerTimeout, LastErrorTimestamp: 03/22/2026 01:13:26, LastErrorDetails: Container did not start within expected time limit of 230s. Please inspect your container logs for more details., Details: Site stopped at 03/22/2026 01:13:27 (UTC), DetailsLevel: ERR
2026-03-22T01:13:28.0539552Z State: Stopped, Action: None, LastError: ContainerTimeout, LastErrorTimestamp: 03/22/2026 01:13:26, LastErrorDetails: Container did not start within expected time limit of 230s. Please inspect your container logs for more details., Details: Site stopped at 03/22/2026 01:13:27 (UTC), DetailsLevel: ERR
2026-03-22T01:13:28.6245656Z State: Starting, Action: EstablishingSiteNetworks, LastError: ContainerTimeout, LastErrorTimestamp: 03/22/2026 01:13:26, LastErrorDetails: Container did not start within expected time limit of 230s. Please inspect your container logs for more details., Details: Site stopped at 03/22/2026 01:13:27 (UTC), DetailsLevel: ERR
2026-03-22T01:13:31.3374999Z State: Starting, Action: StartingSiteContainers, LastError: ContainerTimeout, LastErrorTimestamp: 03/22/2026 01:13:26, LastErrorDetails: Container did not start within expected time limit of 230s. Please inspect your container logs for more details., Details: Site stopped at 03/22/2026 01:13:27 (UTC), DetailsLevel: ERR
2026-03-22T01:13:31.3379761Z Container start method called.
2026-03-22T01:13:31.3386472Z State: Starting, Action: PullingImage, LastError: ContainerTimeout, LastErrorTimestamp: 03/22/2026 01:13:26, LastErrorDetails: Container did not start within expected time limit of 230s. Please inspect your container logs for more details., Details: Pulling image 10.1.0.5:13209/appsvc/node:20-lts_20260115.4.tuxprod for card-social-api., DetailsLevel: INFO
2026-03-22T01:13:31.3390604Z Establishing network.
2026-03-22T01:13:31.3401127Z Pulling image: appsvc/node:20-lts_20260115.4.tuxprod.
2026-03-22T01:13:54.0548054Z Container is starting.
2026-03-22T01:13:54.0651051Z State: Starting, Action: MountingVolumes, LastError: ContainerTimeout, LastErrorTimestamp: 03/22/2026 01:13:26, LastErrorDetails: Container did not start within expected time limit of 230s. Please inspect your container logs for more details., Details: Mounting volumes for card-social-api., DetailsLevel: INFO
2026-03-22T01:13:54.0676994Z Establishing user namespace if not established already.
2026-03-22T01:13:54.0852556Z Establishing network if not established already.
2026-03-22T01:13:54.1021347Z Mounting volumes.
2026-03-22T01:13:54.1032148Z Nested mountpoint 
2026-03-22T01:13:54.1801716Z Nested mountpoint volatile/logs
2026-03-22T01:13:54.2098529Z Nested mountpoint 
2026-03-22T01:13:54.2111058Z Nested mountpoint 
2026-03-22T01:13:54.2389173Z Nested mountpoint 
2026-03-22T01:13:54.8049373Z State: Starting, Action: CreatingContainer, LastError: ContainerTimeout, LastErrorTimestamp: 03/22/2026 01:13:26, LastErrorDetails: Container did not start within expected time limit of 230s. Please inspect your container logs for more details., Details: Finished pulling container image and mounting volumes for card-social-api. Allocatinng the rest of the container resources to finish container creation., DetailsLevel: INFO
2026-03-22T01:13:54.8050704Z Creating container.
2026-03-22T01:13:54.8051741Z Creating pipes for streaming container io.
2026-03-22T01:13:54.8052689Z Creating stdout named pipe at /podr/container/pipe/19f724a550e7_card-social-api/stdout_b00793080c6e48d79a6ef6725b44c780.
2026-03-22T01:13:54.8054551Z Successfully created stdout named pipe at: /podr/container/pipe/19f724a550e7_card-social-api/stdout_b00793080c6e48d79a6ef6725b44c780.
2026-03-22T01:13:54.8055542Z Opening named pipe /podr/container/pipe/19f724a550e7_card-social-api/stdout_b00793080c6e48d79a6ef6725b44c780 for reading in non-blocking mode.
2026-03-22T01:13:54.8056683Z Successfully opened named pipe: /podr/container/pipe/19f724a550e7_card-social-api/stdout_b00793080c6e48d79a6ef6725b44c780.
2026-03-22T01:13:54.8309973Z Successfully removed non-blocking flag from /podr/container/pipe/19f724a550e7_card-social-api/stdout_b00793080c6e48d79a6ef6725b44c780.
2026-03-22T01:13:54.8342597Z Creating stderr named pipe at /podr/container/pipe/19f724a550e7_card-social-api/stderr_67c94fc7433f4f5ca63d6dbd1673fc3d.
2026-03-22T01:13:54.8417887Z Successfully created stderr named pipe at: /podr/container/pipe/19f724a550e7_card-social-api/stderr_67c94fc7433f4f5ca63d6dbd1673fc3d.
2026-03-22T01:13:54.8421475Z Opening named pipe /podr/container/pipe/19f724a550e7_card-social-api/stderr_67c94fc7433f4f5ca63d6dbd1673fc3d for reading in non-blocking mode.
2026-03-22T01:13:54.8423778Z Successfully opened named pipe: /podr/container/pipe/19f724a550e7_card-social-api/stderr_67c94fc7433f4f5ca63d6dbd1673fc3d.
2026-03-22T01:13:54.8425321Z Successfully removed non-blocking flag from /podr/container/pipe/19f724a550e7_card-social-api/stderr_67c94fc7433f4f5ca63d6dbd1673fc3d.
2026-03-22T01:13:54.8438012Z Creating container with image: appsvc/node:20-lts_20260115.4.tuxprod from registry: 10.1.0.5:13209 and fully qualified image name: 10.1.0.5:13209/appsvc/node:20-lts_20260115.4.tuxprod
2026-03-22T01:13:55.3210202Z Starting container: 19f724a550e7_card-social-api.
2026-03-22T01:13:55.4454810Z Starting watchers and probes.
2026-03-22T01:13:55.4462616Z Starting metrics collection.
2026-03-22T01:13:55.4473881Z Container is running.
2026-03-22T01:13:55.4477043Z State: Starting, Action: CreatingContainer, LastError: ContainerTimeout, LastErrorTimestamp: 03/22/2026 01:13:26, LastErrorDetails: Container did not start within expected time limit of 230s. Please inspect your container logs for more details., Details: Container card-social-api successfully created and is running., DetailsLevel: INFO
2026-03-22T01:13:55.9489962Z Container start method finished after 24515 ms.
2026-03-22T01:13:55.9507892Z State: Starting, Action: InitiatingSiteWarmUpProbe, LastError: ContainerTimeout, LastErrorTimestamp: 03/22/2026 01:13:26, LastErrorDetails: Container did not start within expected time limit of 230s. Please inspect your container logs for more details., Details: Container card-social-api successfully created and is running., DetailsLevel: INFO
2026-03-22T01:13:55.9508854Z State: Starting, Action: WaitingForSiteWarmUpProbeSuccess, LastError: ContainerTimeout, LastErrorTimestamp: 03/22/2026 01:13:26, LastErrorDetails: Container did not start within expected time limit of 230s. Please inspect your container logs for more details., Details: Pinging warmup path to ensure container is ready to receive requests., DetailsLevel: INFO
2026-03-22T01:14:25.8948041Z Container has finished running with exit code: 1.
2026-03-22T01:14:25.8962133Z Container is terminating. Grace period: 5 seconds.
2026-03-22T01:14:25.9050566Z Stop and delete container. Retry count = 0
2026-03-22T01:14:25.9069146Z Stopping container: 19f724a550e7_card-social-api.
2026-03-22T01:14:26.0033792Z Deleting container: 19f724a550e7_card-social-api. Retry count = 0
2026-03-22T01:14:26.2802740Z Container spec TerminationMessagePolicy  path 
2026-03-22T01:14:26.2888075Z Container is terminated. Total time elapsed: 384 ms.
2026-03-22T01:14:26.2889843Z Site container: card-social-api terminated during site startup.
2026-03-22T01:14:26.2891170Z State: Stopping, Action: CancellingStartup, LastError: ContainerTimeout, LastErrorTimestamp: 03/22/2026 01:13:26, LastErrorDetails: Container did not start within expected time limit of 230s. Please inspect your container logs for more details., Details: Site container: card-social-api terminated during site startup. Cancelling site startup., DetailsLevel: ERR
2026-03-22T01:14:26.2992227Z Site startup probe failed after 30.3398324 seconds.
2026-03-22T01:14:26.5669567Z State: Stopping, Action: CancellingStartup, LastError: ContainerTimeout, LastErrorTimestamp: 03/22/2026 01:14:26, LastErrorDetails: Container did not start within expected time limit of 230s. Please inspect your container logs for more details., Details: Site container: card-social-api terminated during site startup. Cancelling site startup., DetailsLevel: ERR
2026-03-22T01:14:26.6150040Z Failed to start site. Revert by stopping site.
2026-03-22T01:14:26.6155396Z State: Stopping, Action: StoppingSite, LastError: ContainerTimeout, LastErrorTimestamp: 03/22/2026 01:14:26, LastErrorDetails: Container did not start within expected time limit of 230s. Please inspect your container logs for more details., Details: Site container: card-social-api terminated during site startup. Cancelling site startup., DetailsLevel: ERR
2026-03-22T01:14:26.6159100Z State: Stopping, Action: StoppingSiteContainers, LastError: ContainerTimeout, LastErrorTimestamp: 03/22/2026 01:14:26, LastErrorDetails: Container did not start within expected time limit of 230s. Please inspect your container logs for more details., Details: Site container: card-social-api terminated during site startup. Cancelling site startup., DetailsLevel: ERR
2026-03-22T01:14:26.6159246Z Site: card-social-api stopped.
2026-03-22T01:14:26.6261321Z State: Stopping, Action: UnmountingVolumes, LastError: ContainerTimeout, LastErrorTimestamp: 03/22/2026 01:14:26, LastErrorDetails: Container did not start within expected time limit of 230s. Please inspect your container logs for more details., Details: Site container: card-social-api terminated during site startup. Cancelling site startup., DetailsLevel: ERR
2026-03-22T01:14:27.0861965Z State: Stopping, Action: StoppingSiteNetworks, LastError: ContainerTimeout, LastErrorTimestamp: 03/22/2026 01:14:26, LastErrorDetails: Container did not start within expected time limit of 230s. Please inspect your container logs for more details., Details: Site container: card-social-api terminated during site startup. Cancelling site startup., DetailsLevel: ERR
2026-03-22T01:14:27.6357220Z Site: card-social-api will be blocked for 1 minutes till 03/22/2026 01:15:27
2026-03-22T01:14:27.6361931Z State: Blocked, Action: StoppingSiteNetworks, LastError: ContainerTimeout, LastErrorTimestamp: 03/22/2026 01:14:26, LastErrorDetails: Container did not start within expected time limit of 230s. Please inspect your container logs for more details., Details: Site: card-social-api will be blocked for 1 minutes till 03/22/2026 01:15:27, DetailsLevel: WARN
2026-03-22T01:14:27.6562293Z State: Stopped, Action: None, LastError: ContainerTimeout, LastErrorTimestamp: 03/22/2026 01:14:26, LastErrorDetails: Container did not start within expected time limit of 230s. Please inspect your container logs for more details., Details: Site stopped at 03/22/2026 01:14:27 (UTC), DetailsLevel: WARN
2026-03-22T01:14:27.8809711Z State: Stopped, Action: None, LastError: ContainerTimeout, LastErrorTimestamp: 03/22/2026 01:14:26, LastErrorDetails: Container did not start within expected time limit of 230s. Please inspect your container logs for more details., Details: Site stopped at 03/22/2026 01:14:27 (UTC), DetailsLevel: WARN
2026-03-22T01:14:28.3525034Z State: Blocked, Action: None, LastError: ContainerTimeout, LastErrorTimestamp: 03/22/2026 01:14:26, LastErrorDetails: Container did not start within expected time limit of 230s. Please inspect your container logs for more details., Details: Site is blocked due to multiple, consecutive cold start failures. Site scheduled to be unblocked at 03/22/2026 01:15:27, DetailsLevel: WARN
2026-03-22T01:14:28.3531162Z Start site prohibitted because the site is being blocked.
2026-03-22T01:15:27.6334531Z Site: card-social-api is unblocked.
2026-03-22T01:16:14.0704276Z State: Starting, Action: EstablishingSiteNetworks, LastError: ContainerTimeout, LastErrorTimestamp: 03/22/2026 01:14:26, LastErrorDetails: Container did not start within expected time limit of 230s. Please inspect your container logs for more details., Details: Site is blocked due to multiple, consecutive cold start failures. Site scheduled to be unblocked at 03/22/2026 01:15:27, DetailsLevel: WARN
2026-03-22T01:16:16.6640835Z State: Starting, Action: StartingSiteContainers, LastError: ContainerTimeout, LastErrorTimestamp: 03/22/2026 01:14:26, LastErrorDetails: Container did not start within expected time limit of 230s. Please inspect your container logs for more details., Details: Site is blocked due to multiple, consecutive cold start failures. Site scheduled to be unblocked at 03/22/2026 01:15:27, DetailsLevel: WARN
2026-03-22T01:16:16.6764098Z Container start method called.
2026-03-22T01:16:16.6850478Z State: Starting, Action: PullingImage, LastError: ContainerTimeout, LastErrorTimestamp: 03/22/2026 01:14:26, LastErrorDetails: Container did not start within expected time limit of 230s. Please inspect your container logs for more details., Details: Pulling image 10.1.0.5:13209/appsvc/node:20-lts_20260115.4.tuxprod for card-social-api., DetailsLevel: INFO
2026-03-22T01:16:16.6869876Z Establishing network.
2026-03-22T01:16:16.7325491Z Pulling image: appsvc/node:20-lts_20260115.4.tuxprod.
2026-03-22T01:16:39.6961987Z Container is starting.
2026-03-22T01:16:39.6976721Z State: Starting, Action: MountingVolumes, LastError: ContainerTimeout, LastErrorTimestamp: 03/22/2026 01:14:26, LastErrorDetails: Container did not start within expected time limit of 230s. Please inspect your container logs for more details., Details: Mounting volumes for card-social-api., DetailsLevel: INFO
2026-03-22T01:16:39.7051569Z Establishing user namespace if not established already.
2026-03-22T01:16:39.7059499Z Establishing network if not established already.
2026-03-22T01:16:39.7061209Z Mounting volumes.
2026-03-22T01:16:39.7063167Z Nested mountpoint 
2026-03-22T01:16:39.7547055Z Nested mountpoint volatile/logs
2026-03-22T01:16:39.8044925Z Nested mountpoint 
2026-03-22T01:16:39.8916439Z Nested mountpoint 
2026-03-22T01:16:39.9608668Z Nested mountpoint 
2026-03-22T01:16:40.3904168Z State: Starting, Action: CreatingContainer, LastError: ContainerTimeout, LastErrorTimestamp: 03/22/2026 01:14:26, LastErrorDetails: Container did not start within expected time limit of 230s. Please inspect your container logs for more details., Details: Finished pulling container image and mounting volumes for card-social-api. Allocatinng the rest of the container resources to finish container creation., DetailsLevel: INFO
2026-03-22T01:16:40.3966853Z Creating container.
2026-03-22T01:16:40.3971269Z Creating pipes for streaming container io.
2026-03-22T01:16:40.3973222Z Creating stdout named pipe at /podr/container/pipe/03363e03bac7_card-social-api/stdout_d3915d8b2bdf41e9adf8d97869ae81d5.
2026-03-22T01:16:40.3983153Z Successfully created stdout named pipe at: /podr/container/pipe/03363e03bac7_card-social-api/stdout_d3915d8b2bdf41e9adf8d97869ae81d5.
2026-03-22T01:16:40.3985033Z Opening named pipe /podr/container/pipe/03363e03bac7_card-social-api/stdout_d3915d8b2bdf41e9adf8d97869ae81d5 for reading in non-blocking mode.
2026-03-22T01:16:40.3986941Z Successfully opened named pipe: /podr/container/pipe/03363e03bac7_card-social-api/stdout_d3915d8b2bdf41e9adf8d97869ae81d5.
2026-03-22T01:16:40.3988533Z Successfully removed non-blocking flag from /podr/container/pipe/03363e03bac7_card-social-api/stdout_d3915d8b2bdf41e9adf8d97869ae81d5.
2026-03-22T01:16:40.3995871Z Creating stderr named pipe at /podr/container/pipe/03363e03bac7_card-social-api/stderr_91c2df9de4064ddc80a89aca85e06f85.
2026-03-22T01:16:40.3998115Z Successfully created stderr named pipe at: /podr/container/pipe/03363e03bac7_card-social-api/stderr_91c2df9de4064ddc80a89aca85e06f85.
2026-03-22T01:16:40.3999760Z Opening named pipe /podr/container/pipe/03363e03bac7_card-social-api/stderr_91c2df9de4064ddc80a89aca85e06f85 for reading in non-blocking mode.
2026-03-22T01:16:40.4002992Z Successfully opened named pipe: /podr/container/pipe/03363e03bac7_card-social-api/stderr_91c2df9de4064ddc80a89aca85e06f85.
2026-03-22T01:16:40.4159068Z Successfully removed non-blocking flag from /podr/container/pipe/03363e03bac7_card-social-api/stderr_91c2df9de4064ddc80a89aca85e06f85.
2026-03-22T01:16:40.4162472Z Creating container with image: appsvc/node:20-lts_20260115.4.tuxprod from registry: 10.1.0.5:13209 and fully qualified image name: 10.1.0.5:13209/appsvc/node:20-lts_20260115.4.tuxprod
2026-03-22T01:16:40.9340119Z Starting container: 03363e03bac7_card-social-api.
2026-03-22T01:16:41.0435141Z Starting watchers and probes.
2026-03-22T01:16:41.0604827Z Starting metrics collection.
2026-03-22T01:16:41.0611345Z Container is running.
2026-03-22T01:16:41.0619983Z State: Starting, Action: CreatingContainer, LastError: ContainerTimeout, LastErrorTimestamp: 03/22/2026 01:14:26, LastErrorDetails: Container did not start within expected time limit of 230s. Please inspect your container logs for more details., Details: Container card-social-api successfully created and is running., DetailsLevel: INFO
2026-03-22T01:16:41.2729686Z Container start method finished after 24596 ms.
2026-03-22T01:16:41.2736510Z State: Starting, Action: InitiatingSiteWarmUpProbe, LastError: ContainerTimeout, LastErrorTimestamp: 03/22/2026 01:14:26, LastErrorDetails: Container did not start within expected time limit of 230s. Please inspect your container logs for more details., Details: Container card-social-api successfully created and is running., DetailsLevel: INFO
2026-03-22T01:16:41.2736894Z State: Starting, Action: WaitingForSiteWarmUpProbeSuccess, LastError: ContainerTimeout, LastErrorTimestamp: 03/22/2026 01:14:26, LastErrorDetails: Container did not start within expected time limit of 230s. Please inspect your container logs for more details., Details: Pinging warmup path to ensure container is ready to receive requests., DetailsLevel: INFO
2026-03-22T01:17:13.7678630Z Container has finished running with exit code: 1.
2026-03-22T01:17:13.7751708Z Container is terminating. Grace period: 5 seconds.
2026-03-22T01:17:13.7773193Z Stop and delete container. Retry count = 0
2026-03-22T01:17:13.7838582Z Stopping container: 03363e03bac7_card-social-api.
2026-03-22T01:17:13.9113339Z Deleting container: 03363e03bac7_card-social-api. Retry count = 0
2026-03-22T01:17:14.2270566Z Container spec TerminationMessagePolicy  path 
2026-03-22T01:17:14.2277127Z Container is terminated. Total time elapsed: 452 ms.
2026-03-22T01:17:14.2286039Z Site container: card-social-api terminated during site startup.
2026-03-22T01:17:14.2373279Z State: Stopping, Action: CancellingStartup, LastError: ContainerTimeout, LastErrorTimestamp: 03/22/2026 01:14:26, LastErrorDetails: Container did not start within expected time limit of 230s. Please inspect your container logs for more details., Details: Site container: card-social-api terminated during site startup. Cancelling site startup., DetailsLevel: ERR
2026-03-22T01:17:14.2561988Z Site startup probe failed after 32.9564023 seconds.
2026-03-22T01:17:14.7230355Z State: Stopping, Action: CancellingStartup, LastError: ContainerTimeout, LastErrorTimestamp: 03/22/2026 01:17:14, LastErrorDetails: Container did not start within expected time limit of 230s. Please inspect your container logs for more details., Details: Site container: card-social-api terminated during site startup. Cancelling site startup., DetailsLevel: ERR
2026-03-22T01:17:14.7610813Z Failed to start site. Revert by stopping site.
2026-03-22T01:17:14.7624086Z State: Stopping, Action: StoppingSite, LastError: ContainerTimeout, LastErrorTimestamp: 03/22/2026 01:17:14, LastErrorDetails: Container did not start within expected time limit of 230s. Please inspect your container logs for more details., Details: Site container: card-social-api terminated during site startup. Cancelling site startup., DetailsLevel: ERR
2026-03-22T01:17:14.7642455Z State: Stopping, Action: StoppingSiteContainers, LastError: ContainerTimeout, LastErrorTimestamp: 03/22/2026 01:17:14, LastErrorDetails: Container did not start within expected time limit of 230s. Please inspect your container logs for more details., Details: Site container: card-social-api terminated during site startup. Cancelling site startup., DetailsLevel: ERR
2026-03-22T01:17:14.7642632Z Site: card-social-api stopped.
2026-03-22T01:17:14.7726217Z State: Stopping, Action: UnmountingVolumes, LastError: ContainerTimeout, LastErrorTimestamp: 03/22/2026 01:17:14, LastErrorDetails: Container did not start within expected time limit of 230s. Please inspect your container logs for more details., Details: Site container: card-social-api terminated during site startup. Cancelling site startup., DetailsLevel: ERR
2026-03-22T01:17:15.3488227Z State: Stopping, Action: StoppingSiteNetworks, LastError: ContainerTimeout, LastErrorTimestamp: 03/22/2026 01:17:14, LastErrorDetails: Container did not start within expected time limit of 230s. Please inspect your container logs for more details., Details: Site container: card-social-api terminated during site startup. Cancelling site startup., DetailsLevel: ERR
2026-03-22T01:17:15.8869030Z Site: card-social-api will be blocked for 1 minutes till 03/22/2026 01:18:15
2026-03-22T01:17:15.8871945Z State: Blocked, Action: StoppingSiteNetworks, LastError: ContainerTimeout, LastErrorTimestamp: 03/22/2026 01:17:14, LastErrorDetails: Container did not start within expected time limit of 230s. Please inspect your container logs for more details., Details: Site: card-social-api will be blocked for 1 minutes till 03/22/2026 01:18:15, DetailsLevel: WARN
2026-03-22T01:17:15.8875204Z State: Stopped, Action: None, LastError: ContainerTimeout, LastErrorTimestamp: 03/22/2026 01:17:14, LastErrorDetails: Container did not start within expected time limit of 230s. Please inspect your container logs for more details., Details: Site stopped at 03/22/2026 01:17:15 (UTC), DetailsLevel: WARN
2026-03-22T01:17:16.1802821Z State: Stopped, Action: None, LastError: ContainerTimeout, LastErrorTimestamp: 03/22/2026 01:17:14, LastErrorDetails: Container did not start within expected time limit of 230s. Please inspect your container logs for more details., Details: Site stopped at 03/22/2026 01:17:15 (UTC), DetailsLevel: WARN
2026-03-22T01:18:15.8889939Z Site: card-social-api is unblocked.
2026-03-22T01:19:38.9425925Z State: Starting, Action: EstablishingSiteNetworks, LastError: ContainerTimeout, LastErrorTimestamp: 03/22/2026 01:17:14, LastErrorDetails: Container did not start within expected time limit of 230s. Please inspect your container logs for more details., Details: Site stopped at 03/22/2026 01:17:15 (UTC), DetailsLevel: WARN
2026-03-22T01:19:41.3164939Z State: Starting, Action: StartingSiteContainers, LastError: ContainerTimeout, LastErrorTimestamp: 03/22/2026 01:17:14, LastErrorDetails: Container did not start within expected time limit of 230s. Please inspect your container logs for more details., Details: Site stopped at 03/22/2026 01:17:15 (UTC), DetailsLevel: WARN
2026-03-22T01:19:41.3166667Z Container start method called.
2026-03-22T01:19:41.3167237Z State: Starting, Action: PullingImage, LastError: ContainerTimeout, LastErrorTimestamp: 03/22/2026 01:17:14, LastErrorDetails: Container did not start within expected time limit of 230s. Please inspect your container logs for more details., Details: Pulling image 10.1.0.5:13209/appsvc/node:20-lts_20260115.4.tuxprod for card-social-api., DetailsLevel: INFO
2026-03-22T01:19:41.3168244Z Establishing network.
2026-03-22T01:19:41.3169315Z Pulling image: appsvc/node:20-lts_20260115.4.tuxprod.
2026-03-22T01:20:04.9451631Z Container is starting.
2026-03-22T01:20:04.9464081Z State: Starting, Action: MountingVolumes, LastError: ContainerTimeout, LastErrorTimestamp: 03/22/2026 01:17:14, LastErrorDetails: Container did not start within expected time limit of 230s. Please inspect your container logs for more details., Details: Mounting volumes for card-social-api., DetailsLevel: INFO
2026-03-22T01:20:04.9466088Z Establishing user namespace if not established already.
2026-03-22T01:20:04.9532960Z Establishing network if not established already.
2026-03-22T01:20:04.9722057Z Mounting volumes.
2026-03-22T01:20:04.9729381Z Nested mountpoint 
2026-03-22T01:20:05.0101764Z Nested mountpoint volatile/logs
2026-03-22T01:20:05.0305372Z Nested mountpoint 
2026-03-22T01:20:05.0316914Z Nested mountpoint 
2026-03-22T01:20:05.0503520Z Nested mountpoint 
2026-03-22T01:20:05.6007136Z State: Starting, Action: CreatingContainer, LastError: ContainerTimeout, LastErrorTimestamp: 03/22/2026 01:17:14, LastErrorDetails: Container did not start within expected time limit of 230s. Please inspect your container logs for more details., Details: Finished pulling container image and mounting volumes for card-social-api. Allocatinng the rest of the container resources to finish container creation., DetailsLevel: INFO
2026-03-22T01:20:05.6008414Z Creating container.
2026-03-22T01:20:05.6009504Z Creating pipes for streaming container io.
2026-03-22T01:20:05.6010488Z Creating stdout named pipe at /podr/container/pipe/72a1dd0493ff_card-social-api/stdout_f40dfbbbd1c8434081c2f05ac72bc39c.
2026-03-22T01:20:05.6012494Z Successfully created stdout named pipe at: /podr/container/pipe/72a1dd0493ff_card-social-api/stdout_f40dfbbbd1c8434081c2f05ac72bc39c.
2026-03-22T01:20:05.6013549Z Opening named pipe /podr/container/pipe/72a1dd0493ff_card-social-api/stdout_f40dfbbbd1c8434081c2f05ac72bc39c for reading in non-blocking mode.
2026-03-22T01:20:05.6014757Z Successfully opened named pipe: /podr/container/pipe/72a1dd0493ff_card-social-api/stdout_f40dfbbbd1c8434081c2f05ac72bc39c.
2026-03-22T01:20:05.6390815Z Successfully removed non-blocking flag from /podr/container/pipe/72a1dd0493ff_card-social-api/stdout_f40dfbbbd1c8434081c2f05ac72bc39c.
2026-03-22T01:20:05.6426467Z Creating stderr named pipe at /podr/container/pipe/72a1dd0493ff_card-social-api/stderr_5a33458b56b2415d88a73a3e9c8c32de.
2026-03-22T01:20:05.6429739Z Successfully created stderr named pipe at: /podr/container/pipe/72a1dd0493ff_card-social-api/stderr_5a33458b56b2415d88a73a3e9c8c32de.
2026-03-22T01:20:05.6797930Z Opening named pipe /podr/container/pipe/72a1dd0493ff_card-social-api/stderr_5a33458b56b2415d88a73a3e9c8c32de for reading in non-blocking mode.
2026-03-22T01:20:05.6804071Z Successfully opened named pipe: /podr/container/pipe/72a1dd0493ff_card-social-api/stderr_5a33458b56b2415d88a73a3e9c8c32de.
2026-03-22T01:20:05.6806644Z Successfully removed non-blocking flag from /podr/container/pipe/72a1dd0493ff_card-social-api/stderr_5a33458b56b2415d88a73a3e9c8c32de.
2026-03-22T01:20:05.6820962Z Creating container with image: appsvc/node:20-lts_20260115.4.tuxprod from registry: 10.1.0.5:13209 and fully qualified image name: 10.1.0.5:13209/appsvc/node:20-lts_20260115.4.tuxprod
2026-03-22T01:20:07.0457136Z Starting container: 72a1dd0493ff_card-social-api.
2026-03-22T01:20:07.2483130Z Starting watchers and probes.
2026-03-22T01:20:07.2676850Z Starting metrics collection.
2026-03-22T01:20:07.2843689Z Container is running.
2026-03-22T01:20:07.2847230Z State: Starting, Action: CreatingContainer, LastError: ContainerTimeout, LastErrorTimestamp: 03/22/2026 01:17:14, LastErrorDetails: Container did not start within expected time limit of 230s. Please inspect your container logs for more details., Details: Container card-social-api successfully created and is running., DetailsLevel: INFO
2026-03-22T01:20:07.5792579Z Container start method finished after 26245 ms.
2026-03-22T01:20:07.5810297Z State: Starting, Action: InitiatingSiteWarmUpProbe, LastError: ContainerTimeout, LastErrorTimestamp: 03/22/2026 01:17:14, LastErrorDetails: Container did not start within expected time limit of 230s. Please inspect your container logs for more details., Details: Container card-social-api successfully created and is running., DetailsLevel: INFO
2026-03-22T01:20:07.5812180Z State: Starting, Action: WaitingForSiteWarmUpProbeSuccess, LastError: ContainerTimeout, LastErrorTimestamp: 03/22/2026 01:17:14, LastErrorDetails: Container did not start within expected time limit of 230s. Please inspect your container logs for more details., Details: Pinging warmup path to ensure container is ready to receive requests., DetailsLevel: INFO
2026-03-22T01:20:33.7453687Z Container has finished running with exit code: 1.
2026-03-22T01:20:33.7458531Z Container is terminating. Grace period: 5 seconds.
2026-03-22T01:20:33.7483034Z Stop and delete container. Retry count = 0
2026-03-22T01:20:33.7489469Z Stopping container: 72a1dd0493ff_card-social-api.
2026-03-22T01:20:33.8559611Z Deleting container: 72a1dd0493ff_card-social-api. Retry count = 0
2026-03-22T01:20:34.1273239Z Container spec TerminationMessagePolicy  path 
2026-03-22T01:20:34.1283468Z Container is terminated. Total time elapsed: 382 ms.
2026-03-22T01:20:34.1284686Z Site container: card-social-api terminated during site startup.
2026-03-22T01:20:34.1286134Z State: Stopping, Action: CancellingStartup, LastError: ContainerTimeout, LastErrorTimestamp: 03/22/2026 01:17:14, LastErrorDetails: Container did not start within expected time limit of 230s. Please inspect your container logs for more details., Details: Site container: card-social-api terminated during site startup. Cancelling site startup., DetailsLevel: ERR
2026-03-22T01:20:34.1396913Z Site startup probe failed after 26.5566333 seconds.
2026-03-22T01:20:34.4118872Z State: Stopping, Action: CancellingStartup, LastError: ContainerTimeout, LastErrorTimestamp: 03/22/2026 01:20:34, LastErrorDetails: Container did not start within expected time limit of 230s. Please inspect your container logs for more details., Details: Site container: card-social-api terminated during site startup. Cancelling site startup., DetailsLevel: ERR
2026-03-22T01:20:34.4295103Z Failed to start site. Revert by stopping site.
2026-03-22T01:20:34.4511918Z State: Stopping, Action: StoppingSite, LastError: ContainerTimeout, LastErrorTimestamp: 03/22/2026 01:20:34, LastErrorDetails: Container did not start within expected time limit of 230s. Please inspect your container logs for more details., Details: Site container: card-social-api terminated during site startup. Cancelling site startup., DetailsLevel: ERR
2026-03-22T01:20:34.4516676Z State: Stopping, Action: StoppingSiteContainers, LastError: ContainerTimeout, LastErrorTimestamp: 03/22/2026 01:20:34, LastErrorDetails: Container did not start within expected time limit of 230s. Please inspect your container logs for more details., Details: Site container: card-social-api terminated during site startup. Cancelling site startup., DetailsLevel: ERR
2026-03-22T01:20:34.4516839Z Site: card-social-api stopped.
2026-03-22T01:53:39.8596688Z State: Starting, Action: EstablishingSiteNetworks, LastError: ContainerTimeout, LastErrorTimestamp: 03/22/2026 01:20:34, LastErrorDetails: Container did not start within expected time limit of 230s. Please inspect your container logs for more details., Details: Site is blocked due to multiple, consecutive cold start failures. Site scheduled to be unblocked at 03/22/2026 01:22:35, DetailsLevel: WARN
2026-03-22T01:53:42.3590333Z State: Starting, Action: StartingSiteContainers, LastError: ContainerTimeout, LastErrorTimestamp: 03/22/2026 01:20:34, LastErrorDetails: Container did not start within expected time limit of 230s. Please inspect your container logs for more details., Details: Site is blocked due to multiple, consecutive cold start failures. Site scheduled to be unblocked at 03/22/2026 01:22:35, DetailsLevel: WARN
2026-03-22T01:53:42.3591794Z Container start method called.
2026-03-22T01:53:42.3592214Z State: Starting, Action: PullingImage, LastError: ContainerTimeout, LastErrorTimestamp: 03/22/2026 01:20:34, LastErrorDetails: Container did not start within expected time limit of 230s. Please inspect your container logs for more details., Details: Pulling image 10.1.0.5:13209/appsvc/node:20-lts_20260115.4.tuxprod for card-social-api., DetailsLevel: INFO
2026-03-22T01:53:42.3593208Z Establishing network.
2026-03-22T01:53:42.3594647Z Pulling image: appsvc/node:20-lts_20260115.4.tuxprod.
2026-03-22T01:53:42.6482090Z Container is starting.
2026-03-22T01:53:42.6488254Z State: Starting, Action: MountingVolumes, LastError: ContainerTimeout, LastErrorTimestamp: 03/22/2026 01:20:34, LastErrorDetails: Container did not start within expected time limit of 230s. Please inspect your container logs for more details., Details: Mounting volumes for card-social-api., DetailsLevel: INFO
2026-03-22T01:53:42.6500995Z Establishing user namespace if not established already.
2026-03-22T01:53:42.6502763Z Establishing network if not established already.
2026-03-22T01:53:42.6505783Z Mounting volumes.
2026-03-22T01:53:42.6584902Z Nested mountpoint 
2026-03-22T01:53:42.7354874Z Nested mountpoint volatile/logs
2026-03-22T01:53:42.7636485Z Nested mountpoint 
2026-03-22T01:53:42.8055001Z Nested mountpoint 
2026-03-22T01:53:42.8436226Z Nested mountpoint 
2026-03-22T01:53:43.2648233Z State: Starting, Action: CreatingContainer, LastError: ContainerTimeout, LastErrorTimestamp: 03/22/2026 01:20:34, LastErrorDetails: Container did not start within expected time limit of 230s. Please inspect your container logs for more details., Details: Finished pulling container image and mounting volumes for card-social-api. Allocatinng the rest of the container resources to finish container creation., DetailsLevel: INFO
2026-03-22T01:53:43.2651320Z Creating container.
2026-03-22T01:53:43.2652627Z Creating pipes for streaming container io.
2026-03-22T01:53:43.2653804Z Creating stdout named pipe at /podr/container/pipe/5f49cea274dc_card-social-api/stdout_c10aafb78b79414bab66e0efdfe63e7f.
2026-03-22T01:53:43.2655979Z Successfully created stdout named pipe at: /podr/container/pipe/5f49cea274dc_card-social-api/stdout_c10aafb78b79414bab66e0efdfe63e7f.
2026-03-22T01:53:43.3221798Z Opening named pipe /podr/container/pipe/5f49cea274dc_card-social-api/stdout_c10aafb78b79414bab66e0efdfe63e7f for reading in non-blocking mode.
2026-03-22T01:53:43.3228028Z Successfully opened named pipe: /podr/container/pipe/5f49cea274dc_card-social-api/stdout_c10aafb78b79414bab66e0efdfe63e7f.
2026-03-22T01:53:43.3407095Z Successfully removed non-blocking flag from /podr/container/pipe/5f49cea274dc_card-social-api/stdout_c10aafb78b79414bab66e0efdfe63e7f.
2026-03-22T01:53:43.3412819Z Creating stderr named pipe at /podr/container/pipe/5f49cea274dc_card-social-api/stderr_17ff11ed8d9f45b7a2042fe5c9eae6f5.
2026-03-22T01:53:43.3419018Z Successfully created stderr named pipe at: /podr/container/pipe/5f49cea274dc_card-social-api/stderr_17ff11ed8d9f45b7a2042fe5c9eae6f5.
2026-03-22T01:53:43.3421852Z Opening named pipe /podr/container/pipe/5f49cea274dc_card-social-api/stderr_17ff11ed8d9f45b7a2042fe5c9eae6f5 for reading in non-blocking mode.
2026-03-22T01:53:43.3512658Z Successfully opened named pipe: /podr/container/pipe/5f49cea274dc_card-social-api/stderr_17ff11ed8d9f45b7a2042fe5c9eae6f5.
2026-03-22T01:53:43.3522804Z Successfully removed non-blocking flag from /podr/container/pipe/5f49cea274dc_card-social-api/stderr_17ff11ed8d9f45b7a2042fe5c9eae6f5.
2026-03-22T01:53:43.3578095Z Creating container with image: appsvc/node:20-lts_20260115.4.tuxprod from registry: 10.1.0.5:13209 and fully qualified image name: 10.1.0.5:13209/appsvc/node:20-lts_20260115.4.tuxprod
2026-03-22T01:53:43.9033907Z Starting container: 5f49cea274dc_card-social-api.
2026-03-22T01:53:43.9786085Z Starting watchers and probes.
2026-03-22T01:53:43.9883332Z Starting metrics collection.
2026-03-22T01:53:43.9901824Z Container is running.
2026-03-22T01:53:43.9903892Z State: Starting, Action: CreatingContainer, LastError: ContainerTimeout, LastErrorTimestamp: 03/22/2026 01:20:34, LastErrorDetails: Container did not start within expected time limit of 230s. Please inspect your container logs for more details., Details: Container card-social-api successfully created and is running., DetailsLevel: INFO
2026-03-22T01:53:44.1162709Z Container start method finished after 1756 ms.
2026-03-22T01:53:44.1726084Z State: Starting, Action: InitiatingSiteWarmUpProbe, LastError: ContainerTimeout, LastErrorTimestamp: 03/22/2026 01:20:34, LastErrorDetails: Container did not start within expected time limit of 230s. Please inspect your container logs for more details., Details: Container card-social-api successfully created and is running., DetailsLevel: INFO
2026-03-22T01:53:44.1816832Z State: Starting, Action: WaitingForSiteWarmUpProbeSuccess, LastError: ContainerTimeout, LastErrorTimestamp: 03/22/2026 01:20:34, LastErrorDetails: Container did not start within expected time limit of 230s. Please inspect your container logs for more details., Details: Pinging warmup path to ensure container is ready to receive requests., DetailsLevel: INFO
2026-03-22T01:54:16.3679234Z Container has finished running with exit code: 1.
2026-03-22T01:54:16.3741615Z Container is terminating. Grace period: 5 seconds.
2026-03-22T01:54:16.3758259Z Stop and delete container. Retry count = 0
2026-03-22T01:54:16.4006674Z Stopping container: 5f49cea274dc_card-social-api.
2026-03-22T01:54:16.5479007Z Deleting container: 5f49cea274dc_card-social-api. Retry count = 0
2026-03-22T01:54:16.9390622Z Container spec TerminationMessagePolicy  path 
2026-03-22T01:54:16.9395177Z Container is terminated. Total time elapsed: 564 ms.
2026-03-22T01:54:16.9464487Z Site container: card-social-api terminated during site startup.
2026-03-22T01:54:16.9471435Z State: Stopping, Action: CancellingStartup, LastError: ContainerTimeout, LastErrorTimestamp: 03/22/2026 01:20:34, LastErrorDetails: Container did not start within expected time limit of 230s. Please inspect your container logs for more details., Details: Site container: card-social-api terminated during site startup. Cancelling site startup., DetailsLevel: ERR
2026-03-22T01:54:16.9775536Z Site startup probe failed after 32.7858757 seconds.
2026-03-22T01:54:17.2219669Z State: Stopping, Action: CancellingStartup, LastError: ContainerTimeout, LastErrorTimestamp: 03/22/2026 01:54:17, LastErrorDetails: Container did not start within expected time limit of 230s. Please inspect your container logs for more details., Details: Site container: card-social-api terminated during site startup. Cancelling site startup., DetailsLevel: ERR
2026-03-22T01:54:17.2994735Z Failed to start site. Revert by stopping site.
2026-03-22T01:54:17.3004921Z State: Stopping, Action: StoppingSite, LastError: ContainerTimeout, LastErrorTimestamp: 03/22/2026 01:54:17, LastErrorDetails: Container did not start within expected time limit of 230s. Please inspect your container logs for more details., Details: Site container: card-social-api terminated during site startup. Cancelling site startup., DetailsLevel: ERR
2026-03-22T01:54:17.3077370Z State: Stopping, Action: StoppingSiteContainers, LastError: ContainerTimeout, LastErrorTimestamp: 03/22/2026 01:54:17, LastErrorDetails: Container did not start within expected time limit of 230s. Please inspect your container logs for more details., Details: Site container: card-social-api terminated during site startup. Cancelling site startup., DetailsLevel: ERR
2026-03-22T01:54:17.3077588Z Site: card-social-api stopped.
2026-03-22T01:54:17.3182116Z State: Stopping, Action: UnmountingVolumes, LastError: ContainerTimeout, LastErrorTimestamp: 03/22/2026 01:54:17, LastErrorDetails: Container did not start within expected time limit of 230s. Please inspect your container logs for more details., Details: Site container: card-social-api terminated during site startup. Cancelling site startup., DetailsLevel: ERR
2026-03-22T01:54:17.7608240Z State: Stopping, Action: StoppingSiteNetworks, LastError: ContainerTimeout, LastErrorTimestamp: 03/22/2026 01:54:17, LastErrorDetails: Container did not start within expected time limit of 230s. Please inspect your container logs for more details., Details: Site container: card-social-api terminated during site startup. Cancelling site startup., DetailsLevel: ERR
2026-03-22T01:54:18.2605021Z State: Stopped, Action: None, LastError: ContainerTimeout, LastErrorTimestamp: 03/22/2026 01:54:17, LastErrorDetails: Container did not start within expected time limit of 230s. Please inspect your container logs for more details., Details: Site stopped at 03/22/2026 01:54:18 (UTC), DetailsLevel: ERR
2026-03-22T01:54:18.4244680Z State: Stopped, Action: None, LastError: ContainerTimeout, LastErrorTimestamp: 03/22/2026 01:54:17, LastErrorDetails: Container did not start within expected time limit of 230s. Please inspect your container logs for more details., Details: Site stopped at 03/22/2026 01:54:18 (UTC), DetailsLevel: ERR
2026-03-22T01:54:18.6592863Z State: Starting, Action: EstablishingSiteNetworks, LastError: ContainerTimeout, LastErrorTimestamp: 03/22/2026 01:54:17, LastErrorDetails: Container did not start within expected time limit of 230s. Please inspect your container logs for more details., Details: Site stopped at 03/22/2026 01:54:18 (UTC), DetailsLevel: ERR
2026-03-22T01:54:21.2656783Z State: Starting, Action: StartingSiteContainers, LastError: ContainerTimeout, LastErrorTimestamp: 03/22/2026 01:54:17, LastErrorDetails: Container did not start within expected time limit of 230s. Please inspect your container logs for more details., Details: Site stopped at 03/22/2026 01:54:18 (UTC), DetailsLevel: ERR
2026-03-22T01:54:21.2660742Z Container start method called.
2026-03-22T01:54:21.2661570Z State: Starting, Action: PullingImage, LastError: ContainerTimeout, LastErrorTimestamp: 03/22/2026 01:54:17, LastErrorDetails: Container did not start within expected time limit of 230s. Please inspect your container logs for more details., Details: Pulling image 10.1.0.5:13209/appsvc/node:20-lts_20260115.4.tuxprod for card-social-api., DetailsLevel: INFO
2026-03-22T01:54:21.2763643Z Establishing network.
2026-03-22T01:54:21.3053541Z Pulling image: appsvc/node:20-lts_20260115.4.tuxprod.
2026-03-22T01:54:21.7098064Z Container is starting.
2026-03-22T01:54:21.7100060Z State: Starting, Action: MountingVolumes, LastError: ContainerTimeout, LastErrorTimestamp: 03/22/2026 01:54:17, LastErrorDetails: Container did not start within expected time limit of 230s. Please inspect your container logs for more details., Details: Mounting volumes for card-social-api., DetailsLevel: INFO
2026-03-22T01:54:21.7102152Z Establishing user namespace if not established already.
2026-03-22T01:54:21.7104779Z Establishing network if not established already.
2026-03-22T01:54:21.7106227Z Mounting volumes.
2026-03-22T01:54:21.7107740Z Nested mountpoint 
2026-03-22T01:54:21.7954050Z Nested mountpoint volatile/logs
2026-03-22T01:54:21.8256251Z Nested mountpoint 
2026-03-22T01:54:21.8263290Z Nested mountpoint 
2026-03-22T01:54:21.8674322Z Nested mountpoint 
2026-03-22T01:54:22.3079250Z State: Starting, Action: CreatingContainer, LastError: ContainerTimeout, LastErrorTimestamp: 03/22/2026 01:54:17, LastErrorDetails: Container did not start within expected time limit of 230s. Please inspect your container logs for more details., Details: Finished pulling container image and mounting volumes for card-social-api. Allocatinng the rest of the container resources to finish container creation., DetailsLevel: INFO
2026-03-22T01:54:22.3082098Z Creating container.
2026-03-22T01:54:22.3083397Z Creating pipes for streaming container io.
2026-03-22T01:54:22.3084461Z Creating stdout named pipe at /podr/container/pipe/9f4c44f1dd4a_card-social-api/stdout_07aa21708a3c49b39e15e1792e12ecfb.
2026-03-22T01:54:22.3086693Z Successfully created stdout named pipe at: /podr/container/pipe/9f4c44f1dd4a_card-social-api/stdout_07aa21708a3c49b39e15e1792e12ecfb.
2026-03-22T01:54:22.3096953Z Opening named pipe /podr/container/pipe/9f4c44f1dd4a_card-social-api/stdout_07aa21708a3c49b39e15e1792e12ecfb for reading in non-blocking mode.
2026-03-22T01:54:22.3099919Z Successfully opened named pipe: /podr/container/pipe/9f4c44f1dd4a_card-social-api/stdout_07aa21708a3c49b39e15e1792e12ecfb.
2026-03-22T01:54:22.3101694Z Successfully removed non-blocking flag from /podr/container/pipe/9f4c44f1dd4a_card-social-api/stdout_07aa21708a3c49b39e15e1792e12ecfb.
2026-03-22T01:54:22.3103513Z Creating stderr named pipe at /podr/container/pipe/9f4c44f1dd4a_card-social-api/stderr_9084235d2e1e4d3083fe4d3003cf3e96.
2026-03-22T01:54:22.3105254Z Successfully created stderr named pipe at: /podr/container/pipe/9f4c44f1dd4a_card-social-api/stderr_9084235d2e1e4d3083fe4d3003cf3e96.
2026-03-22T01:54:22.3107349Z Opening named pipe /podr/container/pipe/9f4c44f1dd4a_card-social-api/stderr_9084235d2e1e4d3083fe4d3003cf3e96 for reading in non-blocking mode.
2026-03-22T01:54:22.3108724Z Successfully opened named pipe: /podr/container/pipe/9f4c44f1dd4a_card-social-api/stderr_9084235d2e1e4d3083fe4d3003cf3e96.
2026-03-22T01:54:22.3109805Z Successfully removed non-blocking flag from /podr/container/pipe/9f4c44f1dd4a_card-social-api/stderr_9084235d2e1e4d3083fe4d3003cf3e96.
2026-03-22T01:54:22.3111100Z Creating container with image: appsvc/node:20-lts_20260115.4.tuxprod from registry: 10.1.0.5:13209 and fully qualified image name: 10.1.0.5:13209/appsvc/node:20-lts_20260115.4.tuxprod
2026-03-22T01:54:22.8394267Z Starting container: 9f4c44f1dd4a_card-social-api.
2026-03-22T01:54:22.9335775Z Starting watchers and probes.
2026-03-22T01:54:22.9340168Z Starting metrics collection.
2026-03-22T01:54:22.9342491Z Container is running.
2026-03-22T01:54:22.9343229Z State: Starting, Action: CreatingContainer, LastError: ContainerTimeout, LastErrorTimestamp: 03/22/2026 01:54:17, LastErrorDetails: Container did not start within expected time limit of 230s. Please inspect your container logs for more details., Details: Container card-social-api successfully created and is running., DetailsLevel: INFO
2026-03-22T01:54:23.2148920Z Container start method finished after 1948 ms.
2026-03-22T01:54:23.2151178Z State: Starting, Action: InitiatingSiteWarmUpProbe, LastError: ContainerTimeout, LastErrorTimestamp: 03/22/2026 01:54:17, LastErrorDetails: Container did not start within expected time limit of 230s. Please inspect your container logs for more details., Details: Container card-social-api successfully created and is running., DetailsLevel: INFO
2026-03-22T01:54:23.2151564Z State: Starting, Action: WaitingForSiteWarmUpProbeSuccess, LastError: ContainerTimeout, LastErrorTimestamp: 03/22/2026 01:54:17, LastErrorDetails: Container did not start within expected time limit of 230s. Please inspect your container logs for more details., Details: Pinging warmup path to ensure container is ready to receive requests., DetailsLevel: INFO
2026-03-22T01:54:49.9856494Z Container has finished running with exit code: 1.
2026-03-22T01:54:49.9860361Z Container is terminating. Grace period: 5 seconds.
2026-03-22T01:54:49.9870337Z Stop and delete container. Retry count = 0
2026-03-22T01:54:49.9871439Z Stopping container: 9f4c44f1dd4a_card-social-api.
2026-03-22T01:54:50.0949692Z Deleting container: 9f4c44f1dd4a_card-social-api. Retry count = 0
2026-03-22T01:54:50.5497562Z Container spec TerminationMessagePolicy  path 
2026-03-22T01:54:50.5573235Z Container is terminated. Total time elapsed: 563 ms.
2026-03-22T01:54:50.5575541Z Site container: card-social-api terminated during site startup.
2026-03-22T01:54:50.5586523Z State: Stopping, Action: CancellingStartup, LastError: ContainerTimeout, LastErrorTimestamp: 03/22/2026 01:54:17, LastErrorDetails: Container did not start within expected time limit of 230s. Please inspect your container logs for more details., Details: Site container: card-social-api terminated during site startup. Cancelling site startup., DetailsLevel: ERR
2026-03-22T01:54:50.6081461Z Site startup probe failed after 27.3825423 seconds.
2026-03-22T01:54:50.8232900Z State: Stopping, Action: CancellingStartup, LastError: ContainerTimeout, LastErrorTimestamp: 03/22/2026 01:54:50, LastErrorDetails: Container did not start within expected time limit of 230s. Please inspect your container logs for more details., Details: Site container: card-social-api terminated during site startup. Cancelling site startup., DetailsLevel: ERR
2026-03-22T01:54:50.8514968Z Failed to start site. Revert by stopping site.
2026-03-22T01:54:50.8617724Z State: Stopping, Action: StoppingSite, LastError: ContainerTimeout, LastErrorTimestamp: 03/22/2026 01:54:50, LastErrorDetails: Container did not start within expected time limit of 230s. Please inspect your container logs for more details., Details: Site container: card-social-api terminated during site startup. Cancelling site startup., DetailsLevel: ERR
2026-03-22T01:54:50.8632823Z State: Stopping, Action: StoppingSiteContainers, LastError: ContainerTimeout, LastErrorTimestamp: 03/22/2026 01:54:50, LastErrorDetails: Container did not start within expected time limit of 230s. Please inspect your container logs for more details., Details: Site container: card-social-api terminated during site startup. Cancelling site startup., DetailsLevel: ERR
2026-03-22T01:54:50.8633006Z Site: card-social-api stopped.
2026-03-22T01:54:50.9063880Z State: Stopping, Action: UnmountingVolumes, LastError: ContainerTimeout, LastErrorTimestamp: 03/22/2026 01:54:50, LastErrorDetails: Container did not start within expected time limit of 230s. Please inspect your container logs for more details., Details: Site container: card-social-api terminated during site startup. Cancelling site startup., DetailsLevel: ERR
2026-03-22T01:54:51.3176346Z State: Stopping, Action: StoppingSiteNetworks, LastError: ContainerTimeout, LastErrorTimestamp: 03/22/2026 01:54:50, LastErrorDetails: Container did not start within expected time limit of 230s. Please inspect your container logs for more details., Details: Site container: card-social-api terminated during site startup. Cancelling site startup., DetailsLevel: ERR
2026-03-22T01:54:51.8095906Z Site: card-social-api will be blocked for 1 minutes till 03/22/2026 01:55:51
2026-03-22T01:54:51.8281992Z State: Blocked, Action: StoppingSiteNetworks, LastError: ContainerTimeout, LastErrorTimestamp: 03/22/2026 01:54:50, LastErrorDetails: Container did not start within expected time limit of 230s. Please inspect your container logs for more details., Details: Site: card-social-api will be blocked for 1 minutes till 03/22/2026 01:55:51, DetailsLevel: WARN
2026-03-22T01:54:51.8486004Z State: Stopped, Action: None, LastError: ContainerTimeout, LastErrorTimestamp: 03/22/2026 01:54:50, LastErrorDetails: Container did not start within expected time limit of 230s. Please inspect your container logs for more details., Details: Site stopped at 03/22/2026 01:54:51 (UTC), DetailsLevel: WARN
2026-03-22T01:54:52.1525787Z State: Stopped, Action: None, LastError: ContainerTimeout, LastErrorTimestamp: 03/22/2026 01:54:50, LastErrorDetails: Container did not start within expected time limit of 230s. Please inspect your container logs for more details., Details: Site stopped at 03/22/2026 01:54:51 (UTC), DetailsLevel: WARN
2026-03-22T01:54:52.2529315Z State: Blocked, Action: None, LastError: ContainerTimeout, LastErrorTimestamp: 03/22/2026 01:54:50, LastErrorDetails: Container did not start within expected time limit of 230s. Please inspect your container logs for more details., Details: Site is blocked due to multiple, consecutive cold start failures. Site scheduled to be unblocked at 03/22/2026 01:55:51, DetailsLevel: WARN
2026-03-22T01:54:52.2530381Z Start site prohibitted because the site is being blocked.
2026-03-22T01:55:51.8143247Z Site: card-social-api is unblocked.
2026-03-22T01:56:09.9202760Z State: Starting, Action: EstablishingSiteNetworks, LastError: ContainerTimeout, LastErrorTimestamp: 03/22/2026 01:54:50, LastErrorDetails: Container did not start within expected time limit of 230s. Please inspect your container logs for more details., Details: Site is blocked due to multiple, consecutive cold start failures. Site scheduled to be unblocked at 03/22/2026 01:55:51, DetailsLevel: WARN
2026-03-22T01:56:12.6983689Z State: Starting, Action: StartingSiteContainers, LastError: ContainerTimeout, LastErrorTimestamp: 03/22/2026 01:54:50, LastErrorDetails: Container did not start within expected time limit of 230s. Please inspect your container logs for more details., Details: Site is blocked due to multiple, consecutive cold start failures. Site scheduled to be unblocked at 03/22/2026 01:55:51, DetailsLevel: WARN
2026-03-22T01:56:12.6988935Z Container start method called.
2026-03-22T01:56:12.6989771Z State: Starting, Action: PullingImage, LastError: ContainerTimeout, LastErrorTimestamp: 03/22/2026 01:54:50, LastErrorDetails: Container did not start within expected time limit of 230s. Please inspect your container logs for more details., Details: Pulling image 10.1.0.5:13209/appsvc/node:20-lts_20260115.4.tuxprod for card-social-api., DetailsLevel: INFO
2026-03-22T01:56:12.7082757Z Establishing network.
2026-03-22T01:56:12.7085230Z Pulling image: appsvc/node:20-lts_20260115.4.tuxprod.
2026-03-22T01:56:13.0202233Z Container is starting.
2026-03-22T01:56:13.0203134Z State: Starting, Action: MountingVolumes, LastError: ContainerTimeout, LastErrorTimestamp: 03/22/2026 01:54:50, LastErrorDetails: Container did not start within expected time limit of 230s. Please inspect your container logs for more details., Details: Mounting volumes for card-social-api., DetailsLevel: INFO
2026-03-22T01:56:13.0204435Z Establishing user namespace if not established already.
2026-03-22T01:56:13.0205710Z Establishing network if not established already.
2026-03-22T01:56:13.0207011Z Mounting volumes.
2026-03-22T01:56:13.0208607Z Nested mountpoint 
2026-03-22T01:56:13.0516389Z Nested mountpoint volatile/logs
2026-03-22T01:56:13.0826067Z Nested mountpoint 
2026-03-22T01:56:13.1572802Z Nested mountpoint 
2026-03-22T01:56:13.2436639Z Nested mountpoint 
2026-03-22T01:56:13.6076245Z State: Starting, Action: CreatingContainer, LastError: ContainerTimeout, LastErrorTimestamp: 03/22/2026 01:54:50, LastErrorDetails: Container did not start within expected time limit of 230s. Please inspect your container logs for more details., Details: Finished pulling container image and mounting volumes for card-social-api. Allocatinng the rest of the container resources to finish container creation., DetailsLevel: INFO
2026-03-22T01:56:13.6150224Z Creating container.
2026-03-22T01:56:13.6154994Z Creating pipes for streaming container io.
2026-03-22T01:56:13.6158982Z Creating stdout named pipe at /podr/container/pipe/9712395c18c4_card-social-api/stdout_e792c2d0b2de41c795abd3963ef1c141.
2026-03-22T01:56:13.6167541Z Successfully created stdout named pipe at: /podr/container/pipe/9712395c18c4_card-social-api/stdout_e792c2d0b2de41c795abd3963ef1c141.
2026-03-22T01:56:13.6172656Z Opening named pipe /podr/container/pipe/9712395c18c4_card-social-api/stdout_e792c2d0b2de41c795abd3963ef1c141 for reading in non-blocking mode.
2026-03-22T01:56:13.6176858Z Successfully opened named pipe: /podr/container/pipe/9712395c18c4_card-social-api/stdout_e792c2d0b2de41c795abd3963ef1c141.
2026-03-22T01:56:13.6254610Z Successfully removed non-blocking flag from /podr/container/pipe/9712395c18c4_card-social-api/stdout_e792c2d0b2de41c795abd3963ef1c141.
2026-03-22T01:56:13.6348623Z Creating stderr named pipe at /podr/container/pipe/9712395c18c4_card-social-api/stderr_68ac1e1fb0994e50a463e7d272a4f771.
2026-03-22T01:56:13.6356798Z Successfully created stderr named pipe at: /podr/container/pipe/9712395c18c4_card-social-api/stderr_68ac1e1fb0994e50a463e7d272a4f771.
2026-03-22T01:56:13.6368272Z Opening named pipe /podr/container/pipe/9712395c18c4_card-social-api/stderr_68ac1e1fb0994e50a463e7d272a4f771 for reading in non-blocking mode.
2026-03-22T01:56:13.6431782Z Successfully opened named pipe: /podr/container/pipe/9712395c18c4_card-social-api/stderr_68ac1e1fb0994e50a463e7d272a4f771.
2026-03-22T01:56:13.6439011Z Successfully removed non-blocking flag from /podr/container/pipe/9712395c18c4_card-social-api/stderr_68ac1e1fb0994e50a463e7d272a4f771.
2026-03-22T01:56:13.6453497Z Creating container with image: appsvc/node:20-lts_20260115.4.tuxprod from registry: 10.1.0.5:13209 and fully qualified image name: 10.1.0.5:13209/appsvc/node:20-lts_20260115.4.tuxprod
2026-03-22T01:56:14.1533611Z Starting container: 9712395c18c4_card-social-api.
2026-03-22T01:56:14.2468167Z Starting watchers and probes.
2026-03-22T01:56:14.2483027Z Starting metrics collection.
2026-03-22T01:56:14.2763949Z Container is running.
2026-03-22T01:56:14.2770760Z State: Starting, Action: CreatingContainer, LastError: ContainerTimeout, LastErrorTimestamp: 03/22/2026 01:54:50, LastErrorDetails: Container did not start within expected time limit of 230s. Please inspect your container logs for more details., Details: Container card-social-api successfully created and is running., DetailsLevel: INFO
2026-03-22T01:56:14.5149442Z Container start method finished after 1809 ms.
2026-03-22T01:56:14.5166445Z State: Starting, Action: InitiatingSiteWarmUpProbe, LastError: ContainerTimeout, LastErrorTimestamp: 03/22/2026 01:54:50, LastErrorDetails: Container did not start within expected time limit of 230s. Please inspect your container logs for more details., Details: Container card-social-api successfully created and is running., DetailsLevel: INFO
2026-03-22T01:56:14.5166918Z State: Starting, Action: WaitingForSiteWarmUpProbeSuccess, LastError: ContainerTimeout, LastErrorTimestamp: 03/22/2026 01:54:50, LastErrorDetails: Container did not start within expected time limit of 230s. Please inspect your container logs for more details., Details: Pinging warmup path to ensure container is ready to receive requests., DetailsLevel: INFO
2026-03-22T01:56:40.6405382Z Container has finished running with exit code: 1.
2026-03-22T01:56:40.6409784Z Container is terminating. Grace period: 5 seconds.
2026-03-22T01:56:40.6523225Z Stop and delete container. Retry count = 0
2026-03-22T01:56:40.6526943Z Stopping container: 9712395c18c4_card-social-api.
2026-03-22T01:56:40.7381959Z Deleting container: 9712395c18c4_card-social-api. Retry count = 0
2026-03-22T01:56:40.9678830Z Container spec TerminationMessagePolicy  path 
2026-03-22T01:56:40.9752287Z Container is terminated. Total time elapsed: 333 ms.
2026-03-22T01:56:40.9761628Z Site container: card-social-api terminated during site startup.
2026-03-22T01:56:40.9768891Z State: Stopping, Action: CancellingStartup, LastError: ContainerTimeout, LastErrorTimestamp: 03/22/2026 01:54:50, LastErrorDetails: Container did not start within expected time limit of 230s. Please inspect your container logs for more details., Details: Site container: card-social-api terminated during site startup. Cancelling site startup., DetailsLevel: ERR
2026-03-22T01:56:41.0212025Z Site startup probe failed after 26.4955928 seconds.
2026-03-22T01:56:41.2767835Z State: Stopping, Action: CancellingStartup, LastError: ContainerTimeout, LastErrorTimestamp: 03/22/2026 01:56:41, LastErrorDetails: Container did not start within expected time limit of 230s. Please inspect your container logs for more details., Details: Site container: card-social-api terminated during site startup. Cancelling site startup., DetailsLevel: ERR
2026-03-22T01:56:41.2866346Z Failed to start site. Revert by stopping site.
2026-03-22T01:56:41.2871693Z State: Stopping, Action: StoppingSite, LastError: ContainerTimeout, LastErrorTimestamp: 03/22/2026 01:56:41, LastErrorDetails: Container did not start within expected time limit of 230s. Please inspect your container logs for more details., Details: Site container: card-social-api terminated during site startup. Cancelling site startup., DetailsLevel: ERR
2026-03-22T01:56:41.2882198Z State: Stopping, Action: StoppingSiteContainers, LastError: ContainerTimeout, LastErrorTimestamp: 03/22/2026 01:56:41, LastErrorDetails: Container did not start within expected time limit of 230s. Please inspect your container logs for more details., Details: Site container: card-social-api terminated during site startup. Cancelling site startup., DetailsLevel: ERR
2026-03-22T01:56:41.2882383Z Site: card-social-api stopped.
2026-03-22T02:00:22.7173987Z State: Starting, Action: EstablishingSiteNetworks, LastError: ContainerTimeout, LastErrorTimestamp: 03/22/2026 01:56:41, LastErrorDetails: Container did not start within expected time limit of 230s. Please inspect your container logs for more details., Details: Site is blocked due to multiple, consecutive cold start failures. Site scheduled to be unblocked at 03/22/2026 01:57:42, DetailsLevel: WARN
2026-03-22T02:00:25.0119111Z State: Starting, Action: StartingSiteContainers, LastError: ContainerTimeout, LastErrorTimestamp: 03/22/2026 01:56:41, LastErrorDetails: Container did not start within expected time limit of 230s. Please inspect your container logs for more details., Details: Site is blocked due to multiple, consecutive cold start failures. Site scheduled to be unblocked at 03/22/2026 01:57:42, DetailsLevel: WARN
2026-03-22T02:00:25.0293735Z Container start method called.
2026-03-22T02:00:25.0295250Z State: Starting, Action: PullingImage, LastError: ContainerTimeout, LastErrorTimestamp: 03/22/2026 01:56:41, LastErrorDetails: Container did not start within expected time limit of 230s. Please inspect your container logs for more details., Details: Pulling image 10.1.0.5:13209/appsvc/node:20-lts_20260115.4.tuxprod for card-social-api., DetailsLevel: INFO
2026-03-22T02:00:25.0371216Z Establishing network.
2026-03-22T02:00:25.0477970Z Pulling image: appsvc/node:20-lts_20260115.4.tuxprod.
2026-03-22T02:00:25.3755103Z Container is starting.
2026-03-22T02:00:25.3860054Z State: Starting, Action: MountingVolumes, LastError: ContainerTimeout, LastErrorTimestamp: 03/22/2026 01:56:41, LastErrorDetails: Container did not start within expected time limit of 230s. Please inspect your container logs for more details., Details: Mounting volumes for card-social-api., DetailsLevel: INFO
2026-03-22T02:00:25.3870383Z Establishing user namespace if not established already.
2026-03-22T02:00:25.4022145Z Establishing network if not established already.
2026-03-22T02:00:25.4025968Z Mounting volumes.
2026-03-22T02:00:25.4034717Z Nested mountpoint 
2026-03-22T02:00:25.4699670Z Nested mountpoint volatile/logs
2026-03-22T02:00:25.5801375Z Nested mountpoint 
2026-03-22T02:00:25.6641078Z Nested mountpoint 
2026-03-22T02:00:25.6949122Z Nested mountpoint 
2026-03-22T02:00:26.1300960Z State: Starting, Action: CreatingContainer, LastError: ContainerTimeout, LastErrorTimestamp: 03/22/2026 01:56:41, LastErrorDetails: Container did not start within expected time limit of 230s. Please inspect your container logs for more details., Details: Finished pulling container image and mounting volumes for card-social-api. Allocatinng the rest of the container resources to finish container creation., DetailsLevel: INFO
2026-03-22T02:00:26.1302430Z Creating container.
2026-03-22T02:00:26.1303554Z Creating pipes for streaming container io.
2026-03-22T02:00:26.1304890Z Creating stdout named pipe at /podr/container/pipe/2fa2c7560120_card-social-api/stdout_4d4c9de212c84c13afd512151efc30ab.
2026-03-22T02:00:26.1306902Z Successfully created stdout named pipe at: /podr/container/pipe/2fa2c7560120_card-social-api/stdout_4d4c9de212c84c13afd512151efc30ab.
2026-03-22T02:00:26.1307897Z Opening named pipe /podr/container/pipe/2fa2c7560120_card-social-api/stdout_4d4c9de212c84c13afd512151efc30ab for reading in non-blocking mode.
2026-03-22T02:00:26.1309204Z Successfully opened named pipe: /podr/container/pipe/2fa2c7560120_card-social-api/stdout_4d4c9de212c84c13afd512151efc30ab.
2026-03-22T02:00:26.1310212Z Successfully removed non-blocking flag from /podr/container/pipe/2fa2c7560120_card-social-api/stdout_4d4c9de212c84c13afd512151efc30ab.
2026-03-22T02:00:26.1508575Z Creating stderr named pipe at /podr/container/pipe/2fa2c7560120_card-social-api/stderr_35bf114fb45e4822ac3ed1177eba0261.
2026-03-22T02:00:26.1510601Z Successfully created stderr named pipe at: /podr/container/pipe/2fa2c7560120_card-social-api/stderr_35bf114fb45e4822ac3ed1177eba0261.
2026-03-22T02:00:26.1511927Z Opening named pipe /podr/container/pipe/2fa2c7560120_card-social-api/stderr_35bf114fb45e4822ac3ed1177eba0261 for reading in non-blocking mode.
2026-03-22T02:00:26.1513291Z Successfully opened named pipe: /podr/container/pipe/2fa2c7560120_card-social-api/stderr_35bf114fb45e4822ac3ed1177eba0261.
2026-03-22T02:00:26.1514305Z Successfully removed non-blocking flag from /podr/container/pipe/2fa2c7560120_card-social-api/stderr_35bf114fb45e4822ac3ed1177eba0261.
2026-03-22T02:00:26.1876758Z Creating container with image: appsvc/node:20-lts_20260115.4.tuxprod from registry: 10.1.0.5:13209 and fully qualified image name: 10.1.0.5:13209/appsvc/node:20-lts_20260115.4.tuxprod
2026-03-22T02:00:26.7307613Z Starting container: 2fa2c7560120_card-social-api.
2026-03-22T02:00:26.8286205Z Starting watchers and probes.
2026-03-22T02:00:26.8289114Z Starting metrics collection.
2026-03-22T02:00:26.8291408Z Container is running.
2026-03-22T02:00:26.8292290Z State: Starting, Action: CreatingContainer, LastError: ContainerTimeout, LastErrorTimestamp: 03/22/2026 01:56:41, LastErrorDetails: Container did not start within expected time limit of 230s. Please inspect your container logs for more details., Details: Container card-social-api successfully created and is running., DetailsLevel: INFO
2026-03-22T02:00:27.0230020Z Container start method finished after 1985 ms.
2026-03-22T02:00:27.0317038Z State: Starting, Action: InitiatingSiteWarmUpProbe, LastError: ContainerTimeout, LastErrorTimestamp: 03/22/2026 01:56:41, LastErrorDetails: Container did not start within expected time limit of 230s. Please inspect your container logs for more details., Details: Container card-social-api successfully created and is running., DetailsLevel: INFO
2026-03-22T02:00:27.0319016Z State: Starting, Action: WaitingForSiteWarmUpProbeSuccess, LastError: ContainerTimeout, LastErrorTimestamp: 03/22/2026 01:56:41, LastErrorDetails: Container did not start within expected time limit of 230s. Please inspect your container logs for more details., Details: Pinging warmup path to ensure container is ready to receive requests., DetailsLevel: INFO
2026-03-22T02:00:50.6510637Z Container has finished running with exit code: 1.
2026-03-22T02:00:50.6524919Z Container is terminating. Grace period: 5 seconds.
2026-03-22T02:00:50.6533381Z Stop and delete container. Retry count = 0
2026-03-22T02:00:50.6537046Z Stopping container: 2fa2c7560120_card-social-api.
2026-03-22T02:00:50.7530303Z Deleting container: 2fa2c7560120_card-social-api. Retry count = 0
2026-03-22T02:00:51.0064606Z Container spec TerminationMessagePolicy  path 
2026-03-22T02:00:51.0069491Z Container is terminated. Total time elapsed: 353 ms.
2026-03-22T02:00:51.0071432Z Site container: card-social-api terminated during site startup.
2026-03-22T02:00:51.0078418Z State: Stopping, Action: CancellingStartup, LastError: ContainerTimeout, LastErrorTimestamp: 03/22/2026 01:56:41, LastErrorDetails: Container did not start within expected time limit of 230s. Please inspect your container logs for more details., Details: Site container: card-social-api terminated during site startup. Cancelling site startup., DetailsLevel: ERR
2026-03-22T02:00:51.0094215Z Site startup probe failed after 23.9736087 seconds.
2026-03-22T02:00:51.1972213Z State: Stopping, Action: CancellingStartup, LastError: ContainerTimeout, LastErrorTimestamp: 03/22/2026 02:00:51, LastErrorDetails: Container did not start within expected time limit of 230s. Please inspect your container logs for more details., Details: Site container: card-social-api terminated during site startup. Cancelling site startup., DetailsLevel: ERR
2026-03-22T02:00:51.2333708Z Failed to start site. Revert by stopping site.
2026-03-22T02:00:51.2414943Z State: Stopping, Action: StoppingSite, LastError: ContainerTimeout, LastErrorTimestamp: 03/22/2026 02:00:51, LastErrorDetails: Container did not start within expected time limit of 230s. Please inspect your container logs for more details., Details: Site container: card-social-api terminated during site startup. Cancelling site startup., DetailsLevel: ERR
2026-03-22T02:00:51.2420412Z State: Stopping, Action: StoppingSiteContainers, LastError: ContainerTimeout, LastErrorTimestamp: 03/22/2026 02:00:51, LastErrorDetails: Container did not start within expected time limit of 230s. Please inspect your container logs for more details., Details: Site container: card-social-api terminated during site startup. Cancelling site startup., DetailsLevel: ERR
2026-03-22T02:00:51.2420577Z Site: card-social-api stopped.
2026-03-22T02:00:51.2439665Z State: Stopping, Action: UnmountingVolumes, LastError: ContainerTimeout, LastErrorTimestamp: 03/22/2026 02:00:51, LastErrorDetails: Container did not start within expected time limit of 230s. Please inspect your container logs for more details., Details: Site container: card-social-api terminated during site startup. Cancelling site startup., DetailsLevel: ERR
2026-03-22T02:00:51.5821845Z State: Stopping, Action: StoppingSiteNetworks, LastError: ContainerTimeout, LastErrorTimestamp: 03/22/2026 02:00:51, LastErrorDetails: Container did not start within expected time limit of 230s. Please inspect your container logs for more details., Details: Site container: card-social-api terminated during site startup. Cancelling site startup., DetailsLevel: ERR
2026-03-22T02:00:51.9813275Z State: Stopped, Action: None, LastError: ContainerTimeout, LastErrorTimestamp: 03/22/2026 02:00:51, LastErrorDetails: Container did not start within expected time limit of 230s. Please inspect your container logs for more details., Details: Site stopped at 03/22/2026 02:00:51 (UTC), DetailsLevel: ERR
2026-03-22T02:00:52.2979172Z State: Stopped, Action: None, LastError: ContainerTimeout, LastErrorTimestamp: 03/22/2026 02:00:51, LastErrorDetails: Container did not start within expected time limit of 230s. Please inspect your container logs for more details., Details: Site stopped at 03/22/2026 02:00:51 (UTC), DetailsLevel: ERR
2026-03-22T02:01:04.4767221Z State: Starting, Action: EstablishingSiteNetworks, LastError: ContainerTimeout, LastErrorTimestamp: 03/22/2026 02:00:51, LastErrorDetails: Container did not start within expected time limit of 230s. Please inspect your container logs for more details., Details: Site stopped at 03/22/2026 02:00:51 (UTC), DetailsLevel: ERR
2026-03-22T02:01:07.0714340Z State: Starting, Action: StartingSiteContainers, LastError: ContainerTimeout, LastErrorTimestamp: 03/22/2026 02:00:51, LastErrorDetails: Container did not start within expected time limit of 230s. Please inspect your container logs for more details., Details: Site stopped at 03/22/2026 02:00:51 (UTC), DetailsLevel: ERR
2026-03-22T02:01:07.0718378Z Container start method called.
2026-03-22T02:01:07.0721662Z State: Starting, Action: PullingImage, LastError: ContainerTimeout, LastErrorTimestamp: 03/22/2026 02:00:51, LastErrorDetails: Container did not start within expected time limit of 230s. Please inspect your container logs for more details., Details: Pulling image 10.1.0.5:13209/appsvc/node:20-lts_20260115.4.tuxprod for card-social-api., DetailsLevel: INFO
2026-03-22T02:01:07.0726057Z Establishing network.
2026-03-22T02:01:07.0730081Z Pulling image: appsvc/node:20-lts_20260115.4.tuxprod.
2026-03-22T02:01:07.2933328Z Container is starting.
2026-03-22T02:01:07.2934174Z State: Starting, Action: MountingVolumes, LastError: ContainerTimeout, LastErrorTimestamp: 03/22/2026 02:00:51, LastErrorDetails: Container did not start within expected time limit of 230s. Please inspect your container logs for more details., Details: Mounting volumes for card-social-api., DetailsLevel: INFO
2026-03-22T02:01:07.2935391Z Establishing user namespace if not established already.
2026-03-22T02:01:07.2936784Z Establishing network if not established already.
2026-03-22T02:01:07.2961337Z Mounting volumes.
2026-03-22T02:01:07.3126420Z Nested mountpoint 
2026-03-22T02:01:07.3244012Z Nested mountpoint volatile/logs
2026-03-22T02:01:07.3423606Z Nested mountpoint 
2026-03-22T02:01:07.3444073Z Nested mountpoint 
2026-03-22T02:01:07.3632993Z Nested mountpoint 
2026-03-22T02:01:07.7286867Z State: Starting, Action: CreatingContainer, LastError: ContainerTimeout, LastErrorTimestamp: 03/22/2026 02:00:51, LastErrorDetails: Container did not start within expected time limit of 230s. Please inspect your container logs for more details., Details: Finished pulling container image and mounting volumes for card-social-api. Allocatinng the rest of the container resources to finish container creation., DetailsLevel: INFO
2026-03-22T02:01:07.7288035Z Creating container.
2026-03-22T02:01:07.7289119Z Creating pipes for streaming container io.
2026-03-22T02:01:07.7290225Z Creating stdout named pipe at /podr/container/pipe/47bde4f4f98a_card-social-api/stdout_ddbfe5c4881a4f46948399904294282c.
2026-03-22T02:01:07.7832873Z Successfully created stdout named pipe at: /podr/container/pipe/47bde4f4f98a_card-social-api/stdout_ddbfe5c4881a4f46948399904294282c.
2026-03-22T02:01:07.7835833Z Opening named pipe /podr/container/pipe/47bde4f4f98a_card-social-api/stdout_ddbfe5c4881a4f46948399904294282c for reading in non-blocking mode.
2026-03-22T02:01:07.7845545Z Successfully opened named pipe: /podr/container/pipe/47bde4f4f98a_card-social-api/stdout_ddbfe5c4881a4f46948399904294282c.
2026-03-22T02:01:07.7848407Z Successfully removed non-blocking flag from /podr/container/pipe/47bde4f4f98a_card-social-api/stdout_ddbfe5c4881a4f46948399904294282c.
2026-03-22T02:01:07.7851039Z Creating stderr named pipe at /podr/container/pipe/47bde4f4f98a_card-social-api/stderr_7ef73acd7c0f4f04ae594b8af0706ac1.
2026-03-22T02:01:07.7854626Z Successfully created stderr named pipe at: /podr/container/pipe/47bde4f4f98a_card-social-api/stderr_7ef73acd7c0f4f04ae594b8af0706ac1.
2026-03-22T02:01:07.7856804Z Opening named pipe /podr/container/pipe/47bde4f4f98a_card-social-api/stderr_7ef73acd7c0f4f04ae594b8af0706ac1 for reading in non-blocking mode.
2026-03-22T02:01:07.7866826Z Successfully opened named pipe: /podr/container/pipe/47bde4f4f98a_card-social-api/stderr_7ef73acd7c0f4f04ae594b8af0706ac1.
2026-03-22T02:01:07.7868395Z Successfully removed non-blocking flag from /podr/container/pipe/47bde4f4f98a_card-social-api/stderr_7ef73acd7c0f4f04ae594b8af0706ac1.
2026-03-22T02:01:07.7962800Z Creating container with image: appsvc/node:20-lts_20260115.4.tuxprod from registry: 10.1.0.5:13209 and fully qualified image name: 10.1.0.5:13209/appsvc/node:20-lts_20260115.4.tuxprod
2026-03-22T02:01:08.9034848Z Starting container: 47bde4f4f98a_card-social-api.
2026-03-22T02:01:09.0592227Z Starting watchers and probes.
2026-03-22T02:01:09.0849235Z Starting metrics collection.
2026-03-22T02:01:09.0868035Z Container is running.
2026-03-22T02:01:09.0940553Z State: Starting, Action: CreatingContainer, LastError: ContainerTimeout, LastErrorTimestamp: 03/22/2026 02:00:51, LastErrorDetails: Container did not start within expected time limit of 230s. Please inspect your container logs for more details., Details: Container card-social-api successfully created and is running., DetailsLevel: INFO
2026-03-22T02:01:09.4315725Z Container start method finished after 2351 ms.
2026-03-22T02:01:09.4334128Z State: Starting, Action: InitiatingSiteWarmUpProbe, LastError: ContainerTimeout, LastErrorTimestamp: 03/22/2026 02:00:51, LastErrorDetails: Container did not start within expected time limit of 230s. Please inspect your container logs for more details., Details: Container card-social-api successfully created and is running., DetailsLevel: INFO
2026-03-22T02:01:09.4338431Z State: Starting, Action: WaitingForSiteWarmUpProbeSuccess, LastError: ContainerTimeout, LastErrorTimestamp: 03/22/2026 02:00:51, LastErrorDetails: Container did not start within expected time limit of 230s. Please inspect your container logs for more details., Details: Pinging warmup path to ensure container is ready to receive requests., DetailsLevel: INFO
2026-03-22T02:01:35.1569393Z Container has finished running with exit code: 1.
2026-03-22T02:01:35.1570920Z Container is terminating. Grace period: 5 seconds.
2026-03-22T02:01:35.1574270Z Stop and delete container. Retry count = 0
2026-03-22T02:01:35.1575379Z Stopping container: 47bde4f4f98a_card-social-api.
2026-03-22T02:01:35.2464373Z Deleting container: 47bde4f4f98a_card-social-api. Retry count = 0
2026-03-22T02:01:35.5353674Z Container spec TerminationMessagePolicy  path 
2026-03-22T02:01:35.5356827Z Container is terminated. Total time elapsed: 378 ms.
2026-03-22T02:01:35.5364626Z Site container: card-social-api terminated during site startup.
2026-03-22T02:01:35.5372124Z State: Stopping, Action: CancellingStartup, LastError: ContainerTimeout, LastErrorTimestamp: 03/22/2026 02:00:51, LastErrorDetails: Container did not start within expected time limit of 230s. Please inspect your container logs for more details., Details: Site container: card-social-api terminated during site startup. Cancelling site startup., DetailsLevel: ERR
2026-03-22T02:01:35.5565383Z Site startup probe failed after 26.1134112 seconds.
2026-03-22T02:01:35.7200788Z State: Stopping, Action: CancellingStartup, LastError: ContainerTimeout, LastErrorTimestamp: 03/22/2026 02:01:35, LastErrorDetails: Container did not start within expected time limit of 230s. Please inspect your container logs for more details., Details: Site container: card-social-api terminated during site startup. Cancelling site startup., DetailsLevel: ERR
2026-03-22T02:01:35.7609996Z Failed to start site. Revert by stopping site.
2026-03-22T02:01:35.7682760Z State: Stopping, Action: StoppingSite, LastError: ContainerTimeout, LastErrorTimestamp: 03/22/2026 02:01:35, LastErrorDetails: Container did not start within expected time limit of 230s. Please inspect your container logs for more details., Details: Site container: card-social-api terminated during site startup. Cancelling site startup., DetailsLevel: ERR
2026-03-22T02:01:35.7708200Z State: Stopping, Action: StoppingSiteContainers, LastError: ContainerTimeout, LastErrorTimestamp: 03/22/2026 02:01:35, LastErrorDetails: Container did not start within expected time limit of 230s. Please inspect your container logs for more details., Details: Site container: card-social-api terminated during site startup. Cancelling site startup., DetailsLevel: ERR
2026-03-22T02:01:35.7708898Z Site: card-social-api stopped.
2026-03-22T02:01:35.7898228Z State: Stopping, Action: UnmountingVolumes, LastError: ContainerTimeout, LastErrorTimestamp: 03/22/2026 02:01:35, LastErrorDetails: Container did not start within expected time limit of 230s. Please inspect your container logs for more details., Details: Site container: card-social-api terminated during site startup. Cancelling site startup., DetailsLevel: ERR
2026-03-22T02:01:36.1365960Z State: Stopping, Action: StoppingSiteNetworks, LastError: ContainerTimeout, LastErrorTimestamp: 03/22/2026 02:01:35, LastErrorDetails: Container did not start within expected time limit of 230s. Please inspect your container logs for more details., Details: Site container: card-social-api terminated during site startup. Cancelling site startup., DetailsLevel: ERR
2026-03-22T02:01:36.6771992Z Site: card-social-api will be blocked for 1 minutes till 03/22/2026 02:02:36
2026-03-22T02:01:36.6781700Z State: Blocked, Action: StoppingSiteNetworks, LastError: ContainerTimeout, LastErrorTimestamp: 03/22/2026 02:01:35, LastErrorDetails: Container did not start within expected time limit of 230s. Please inspect your container logs for more details., Details: Site: card-social-api will be blocked for 1 minutes till 03/22/2026 02:02:36, DetailsLevel: WARN
2026-03-22T02:01:36.6881112Z State: Stopped, Action: None, LastError: ContainerTimeout, LastErrorTimestamp: 03/22/2026 02:01:35, LastErrorDetails: Container did not start within expected time limit of 230s. Please inspect your container logs for more details., Details: Site stopped at 03/22/2026 02:01:36 (UTC), DetailsLevel: WARN
2026-03-22T02:01:36.9081146Z State: Stopped, Action: None, LastError: ContainerTimeout, LastErrorTimestamp: 03/22/2026 02:01:35, LastErrorDetails: Container did not start within expected time limit of 230s. Please inspect your container logs for more details., Details: Site stopped at 03/22/2026 02:01:36 (UTC), DetailsLevel: WARN
2026-03-22T02:02:36.6852881Z Site: card-social-api is unblocked.
2026-03-22T02:04:47.9221761Z State: Starting, Action: EstablishingSiteNetworks, LastError: ContainerTimeout, LastErrorTimestamp: 03/22/2026 02:01:35, LastErrorDetails: Container did not start within expected time limit of 230s. Please inspect your container logs for more details., Details: Site stopped at 03/22/2026 02:01:36 (UTC), DetailsLevel: WARN
2026-03-22T02:04:51.4319505Z State: Starting, Action: StartingSiteContainers, LastError: ContainerTimeout, LastErrorTimestamp: 03/22/2026 02:01:35, LastErrorDetails: Container did not start within expected time limit of 230s. Please inspect your container logs for more details., Details: Site stopped at 03/22/2026 02:01:36 (UTC), DetailsLevel: WARN
2026-03-22T02:04:51.4332112Z Container start method called.
2026-03-22T02:04:51.4332869Z State: Starting, Action: PullingImage, LastError: ContainerTimeout, LastErrorTimestamp: 03/22/2026 02:01:35, LastErrorDetails: Container did not start within expected time limit of 230s. Please inspect your container logs for more details., Details: Pulling image 10.1.0.5:13209/appsvc/node:20-lts_20260115.4.tuxprod for card-social-api., DetailsLevel: INFO
2026-03-22T02:04:51.4698763Z Establishing network.
2026-03-22T02:04:51.4700301Z Pulling image: appsvc/node:20-lts_20260115.4.tuxprod.
2026-03-22T02:04:52.0045801Z Container is starting.
2026-03-22T02:04:52.0109316Z State: Starting, Action: MountingVolumes, LastError: ContainerTimeout, LastErrorTimestamp: 03/22/2026 02:01:35, LastErrorDetails: Container did not start within expected time limit of 230s. Please inspect your container logs for more details., Details: Mounting volumes for card-social-api., DetailsLevel: INFO
2026-03-22T02:04:52.0112867Z Establishing user namespace if not established already.
2026-03-22T02:04:52.0114417Z Establishing network if not established already.
2026-03-22T02:04:52.0123568Z Mounting volumes.
2026-03-22T02:04:52.0131871Z Nested mountpoint 
2026-03-22T02:04:52.2227091Z Nested mountpoint volatile/logs
2026-03-22T02:04:52.2610248Z Nested mountpoint 
2026-03-22T02:04:52.2812200Z Nested mountpoint 
2026-03-22T02:04:52.4070456Z Nested mountpoint 
2026-03-22T02:04:52.9249777Z State: Starting, Action: CreatingContainer, LastError: ContainerTimeout, LastErrorTimestamp: 03/22/2026 02:01:35, LastErrorDetails: Container did not start within expected time limit of 230s. Please inspect your container logs for more details., Details: Finished pulling container image and mounting volumes for card-social-api. Allocatinng the rest of the container resources to finish container creation., DetailsLevel: INFO
2026-03-22T02:04:52.9524365Z Creating container.
2026-03-22T02:04:52.9527126Z Creating pipes for streaming container io.
2026-03-22T02:04:52.9531140Z Creating stdout named pipe at /podr/container/pipe/9601b1daff5e_card-social-api/stdout_b6eaebfa7cfe4e83a3f424226af9cf35.
2026-03-22T02:04:52.9605090Z Successfully created stdout named pipe at: /podr/container/pipe/9601b1daff5e_card-social-api/stdout_b6eaebfa7cfe4e83a3f424226af9cf35.
2026-03-22T02:04:52.9609987Z Opening named pipe /podr/container/pipe/9601b1daff5e_card-social-api/stdout_b6eaebfa7cfe4e83a3f424226af9cf35 for reading in non-blocking mode.
2026-03-22T02:04:52.9626062Z Successfully opened named pipe: /podr/container/pipe/9601b1daff5e_card-social-api/stdout_b6eaebfa7cfe4e83a3f424226af9cf35.
2026-03-22T02:04:52.9630763Z Successfully removed non-blocking flag from /podr/container/pipe/9601b1daff5e_card-social-api/stdout_b6eaebfa7cfe4e83a3f424226af9cf35.
2026-03-22T02:04:52.9641330Z Creating stderr named pipe at /podr/container/pipe/9601b1daff5e_card-social-api/stderr_0a6aa98bc70f450f8a86fa6990a2bd67.
2026-03-22T02:04:52.9724534Z Successfully created stderr named pipe at: /podr/container/pipe/9601b1daff5e_card-social-api/stderr_0a6aa98bc70f450f8a86fa6990a2bd67.
2026-03-22T02:04:52.9739787Z Opening named pipe /podr/container/pipe/9601b1daff5e_card-social-api/stderr_0a6aa98bc70f450f8a86fa6990a2bd67 for reading in non-blocking mode.
2026-03-22T02:04:52.9805157Z Successfully opened named pipe: /podr/container/pipe/9601b1daff5e_card-social-api/stderr_0a6aa98bc70f450f8a86fa6990a2bd67.
2026-03-22T02:04:52.9806527Z Successfully removed non-blocking flag from /podr/container/pipe/9601b1daff5e_card-social-api/stderr_0a6aa98bc70f450f8a86fa6990a2bd67.
2026-03-22T02:04:52.9812963Z Creating container with image: appsvc/node:20-lts_20260115.4.tuxprod from registry: 10.1.0.5:13209 and fully qualified image name: 10.1.0.5:13209/appsvc/node:20-lts_20260115.4.tuxprod
2026-03-22T02:04:54.2988244Z Starting container: 9601b1daff5e_card-social-api.
2026-03-22T02:04:54.4574451Z Starting watchers and probes.
2026-03-22T02:04:54.4671538Z Starting metrics collection.
2026-03-22T02:04:54.4776201Z Container is running.
2026-03-22T02:04:54.4959170Z State: Starting, Action: CreatingContainer, LastError: ContainerTimeout, LastErrorTimestamp: 03/22/2026 02:01:35, LastErrorDetails: Container did not start within expected time limit of 230s. Please inspect your container logs for more details., Details: Container card-social-api successfully created and is running., DetailsLevel: INFO
2026-03-22T02:04:54.6219349Z Container start method finished after 3188 ms.
2026-03-22T02:04:54.6230007Z State: Starting, Action: InitiatingSiteWarmUpProbe, LastError: ContainerTimeout, LastErrorTimestamp: 03/22/2026 02:01:35, LastErrorDetails: Container did not start within expected time limit of 230s. Please inspect your container logs for more details., Details: Container card-social-api successfully created and is running., DetailsLevel: INFO
2026-03-22T02:04:54.6230546Z State: Starting, Action: WaitingForSiteWarmUpProbeSuccess, LastError: ContainerTimeout, LastErrorTimestamp: 03/22/2026 02:01:35, LastErrorDetails: Container did not start within expected time limit of 230s. Please inspect your container logs for more details., Details: Pinging warmup path to ensure container is ready to receive requests., DetailsLevel: INFO
2026-03-22T02:05:26.3134209Z Container has finished running with exit code: 1.
2026-03-22T02:05:26.3141921Z Container is terminating. Grace period: 5 seconds.
2026-03-22T02:05:26.3238676Z Stop and delete container. Retry count = 0
2026-03-22T02:05:26.3253171Z Stopping container: 9601b1daff5e_card-social-api.
2026-03-22T02:05:26.4308010Z Deleting container: 9601b1daff5e_card-social-api. Retry count = 0
2026-03-22T02:05:26.7649188Z Container spec TerminationMessagePolicy  path 
2026-03-22T02:05:26.7726700Z Container is terminated. Total time elapsed: 450 ms.
2026-03-22T02:05:26.7733918Z Site container: card-social-api terminated during site startup.
2026-03-22T02:05:26.7755655Z State: Stopping, Action: CancellingStartup, LastError: ContainerTimeout, LastErrorTimestamp: 03/22/2026 02:01:35, LastErrorDetails: Container did not start within expected time limit of 230s. Please inspect your container logs for more details., Details: Site container: card-social-api terminated during site startup. Cancelling site startup., DetailsLevel: ERR
2026-03-22T02:05:26.8123641Z Site startup probe failed after 32.1809649 seconds.
2026-03-22T02:05:26.9939468Z State: Stopping, Action: CancellingStartup, LastError: ContainerTimeout, LastErrorTimestamp: 03/22/2026 02:05:26, LastErrorDetails: Container did not start within expected time limit of 230s. Please inspect your container logs for more details., Details: Site container: card-social-api terminated during site startup. Cancelling site startup., DetailsLevel: ERR
2026-03-22T02:05:27.0330247Z Failed to start site. Revert by stopping site.
2026-03-22T02:05:27.0502064Z State: Stopping, Action: StoppingSite, LastError: ContainerTimeout, LastErrorTimestamp: 03/22/2026 02:05:26, LastErrorDetails: Container did not start within expected time limit of 230s. Please inspect your container logs for more details., Details: Site container: card-social-api terminated during site startup. Cancelling site startup., DetailsLevel: ERR
2026-03-22T02:05:27.0523565Z State: Stopping, Action: StoppingSiteContainers, LastError: ContainerTimeout, LastErrorTimestamp: 03/22/2026 02:05:26, LastErrorDetails: Container did not start within expected time limit of 230s. Please inspect your container logs for more details., Details: Site container: card-social-api terminated during site startup. Cancelling site startup., DetailsLevel: ERR
2026-03-22T02:05:27.0523767Z Site: card-social-api stopped.
2026-03-22T02:05:27.0711478Z State: Stopping, Action: UnmountingVolumes, LastError: ContainerTimeout, LastErrorTimestamp: 03/22/2026 02:05:26, LastErrorDetails: Container did not start within expected time limit of 230s. Please inspect your container logs for more details., Details: Site container: card-social-api terminated during site startup. Cancelling site startup., DetailsLevel: ERR
2026-03-22T02:05:27.4462927Z State: Stopping, Action: StoppingSiteNetworks, LastError: ContainerTimeout, LastErrorTimestamp: 03/22/2026 02:05:26, LastErrorDetails: Container did not start within expected time limit of 230s. Please inspect your container logs for more details., Details: Site container: card-social-api terminated during site startup. Cancelling site startup., DetailsLevel: ERR
2026-03-22T02:05:27.9579909Z Site: card-social-api will be blocked for 1 minutes till 03/22/2026 02:06:27
2026-03-22T02:05:27.9671392Z State: Blocked, Action: StoppingSiteNetworks, LastError: ContainerTimeout, LastErrorTimestamp: 03/22/2026 02:05:26, LastErrorDetails: Container did not start within expected time limit of 230s. Please inspect your container logs for more details., Details: Site: card-social-api will be blocked for 1 minutes till 03/22/2026 02:06:27, DetailsLevel: WARN
2026-03-22T02:05:27.9781218Z State: Stopped, Action: None, LastError: ContainerTimeout, LastErrorTimestamp: 03/22/2026 02:05:26, LastErrorDetails: Container did not start within expected time limit of 230s. Please inspect your container logs for more details., Details: Site stopped at 03/22/2026 02:05:27 (UTC), DetailsLevel: WARN
2026-03-22T02:05:28.1143058Z State: Stopped, Action: None, LastError: ContainerTimeout, LastErrorTimestamp: 03/22/2026 02:05:26, LastErrorDetails: Container did not start within expected time limit of 230s. Please inspect your container logs for more details., Details: Site stopped at 03/22/2026 02:05:27 (UTC), DetailsLevel: WARN
2026-03-22T02:06:27.9678508Z Site: card-social-api is unblocked.
2026-03-22T02:09:26.8552320Z State: Starting, Action: EstablishingSiteNetworks, LastError: ContainerTimeout, LastErrorTimestamp: 03/22/2026 02:05:26, LastErrorDetails: Container did not start within expected time limit of 230s. Please inspect your container logs for more details., Details: Site stopped at 03/22/2026 02:05:27 (UTC), DetailsLevel: WARN
2026-03-22T02:09:29.3495660Z State: Starting, Action: StartingSiteContainers, LastError: ContainerTimeout, LastErrorTimestamp: 03/22/2026 02:05:26, LastErrorDetails: Container did not start within expected time limit of 230s. Please inspect your container logs for more details., Details: Site stopped at 03/22/2026 02:05:27 (UTC), DetailsLevel: WARN
2026-03-22T02:09:29.3497118Z Container start method called.
2026-03-22T02:09:29.3497624Z State: Starting, Action: PullingImage, LastError: ContainerTimeout, LastErrorTimestamp: 03/22/2026 02:05:26, LastErrorDetails: Container did not start within expected time limit of 230s. Please inspect your container logs for more details., Details: Pulling image 10.1.0.5:13209/appsvc/node:20-lts_20260115.4.tuxprod for card-social-api., DetailsLevel: INFO
2026-03-22T02:09:29.3751927Z Establishing network.
2026-03-22T02:09:29.3754093Z Pulling image: appsvc/node:20-lts_20260115.4.tuxprod.
2026-03-22T02:09:29.8908032Z Container is starting.
2026-03-22T02:09:29.8914809Z State: Starting, Action: MountingVolumes, LastError: ContainerTimeout, LastErrorTimestamp: 03/22/2026 02:05:26, LastErrorDetails: Container did not start within expected time limit of 230s. Please inspect your container logs for more details., Details: Mounting volumes for card-social-api., DetailsLevel: INFO
2026-03-22T02:09:29.8916998Z Establishing user namespace if not established already.
2026-03-22T02:09:29.8918750Z Establishing network if not established already.
2026-03-22T02:09:29.8924486Z Mounting volumes.
2026-03-22T02:09:29.8927681Z Nested mountpoint 
2026-03-22T02:09:29.9337194Z Nested mountpoint volatile/logs
2026-03-22T02:09:29.9991285Z Nested mountpoint 
2026-03-22T02:09:30.0091954Z Nested mountpoint 
2026-03-22T02:09:30.0374181Z Nested mountpoint 
2026-03-22T02:09:30.4105448Z State: Starting, Action: CreatingContainer, LastError: ContainerTimeout, LastErrorTimestamp: 03/22/2026 02:05:26, LastErrorDetails: Container did not start within expected time limit of 230s. Please inspect your container logs for more details., Details: Finished pulling container image and mounting volumes for card-social-api. Allocatinng the rest of the container resources to finish container creation., DetailsLevel: INFO
2026-03-22T02:09:30.4107243Z Creating container.
2026-03-22T02:09:30.4109927Z Creating pipes for streaming container io.
2026-03-22T02:09:30.4127716Z Creating stdout named pipe at /podr/container/pipe/7c749e8a95ac_card-social-api/stdout_d63a29ea4f7847348f2b2fa5643fe9ea.
2026-03-22T02:09:30.4138859Z Successfully created stdout named pipe at: /podr/container/pipe/7c749e8a95ac_card-social-api/stdout_d63a29ea4f7847348f2b2fa5643fe9ea.
2026-03-22T02:09:30.4205400Z Opening named pipe /podr/container/pipe/7c749e8a95ac_card-social-api/stdout_d63a29ea4f7847348f2b2fa5643fe9ea for reading in non-blocking mode.
2026-03-22T02:09:30.4217343Z Successfully opened named pipe: /podr/container/pipe/7c749e8a95ac_card-social-api/stdout_d63a29ea4f7847348f2b2fa5643fe9ea.
2026-03-22T02:09:30.4218776Z Successfully removed non-blocking flag from /podr/container/pipe/7c749e8a95ac_card-social-api/stdout_d63a29ea4f7847348f2b2fa5643fe9ea.
2026-03-22T02:09:30.4304760Z Creating stderr named pipe at /podr/container/pipe/7c749e8a95ac_card-social-api/stderr_888eb6db02d84f549758cae769961043.
2026-03-22T02:09:30.4314810Z Successfully created stderr named pipe at: /podr/container/pipe/7c749e8a95ac_card-social-api/stderr_888eb6db02d84f549758cae769961043.
2026-03-22T02:09:30.4316489Z Opening named pipe /podr/container/pipe/7c749e8a95ac_card-social-api/stderr_888eb6db02d84f549758cae769961043 for reading in non-blocking mode.
2026-03-22T02:09:30.4317860Z Successfully opened named pipe: /podr/container/pipe/7c749e8a95ac_card-social-api/stderr_888eb6db02d84f549758cae769961043.
2026-03-22T02:09:30.4318969Z Successfully removed non-blocking flag from /podr/container/pipe/7c749e8a95ac_card-social-api/stderr_888eb6db02d84f549758cae769961043.
2026-03-22T02:09:30.4422340Z Creating container with image: appsvc/node:20-lts_20260115.4.tuxprod from registry: 10.1.0.5:13209 and fully qualified image name: 10.1.0.5:13209/appsvc/node:20-lts_20260115.4.tuxprod
2026-03-22T02:09:31.3806948Z Starting container: 7c749e8a95ac_card-social-api.
2026-03-22T02:09:31.5177414Z Starting watchers and probes.
2026-03-22T02:09:31.5349381Z Starting metrics collection.
2026-03-22T02:09:31.5353803Z Container is running.
2026-03-22T02:09:31.5354805Z State: Starting, Action: CreatingContainer, LastError: ContainerTimeout, LastErrorTimestamp: 03/22/2026 02:05:26, LastErrorDetails: Container did not start within expected time limit of 230s. Please inspect your container logs for more details., Details: Container card-social-api successfully created and is running., DetailsLevel: INFO
2026-03-22T02:09:31.7475129Z Container start method finished after 2397 ms.
2026-03-22T02:09:31.7477814Z State: Starting, Action: InitiatingSiteWarmUpProbe, LastError: ContainerTimeout, LastErrorTimestamp: 03/22/2026 02:05:26, LastErrorDetails: Container did not start within expected time limit of 230s. Please inspect your container logs for more details., Details: Container card-social-api successfully created and is running., DetailsLevel: INFO
2026-03-22T02:09:31.7478221Z State: Starting, Action: WaitingForSiteWarmUpProbeSuccess, LastError: ContainerTimeout, LastErrorTimestamp: 03/22/2026 02:05:26, LastErrorDetails: Container did not start within expected time limit of 230s. Please inspect your container logs for more details., Details: Pinging warmup path to ensure container is ready to receive requests., DetailsLevel: INFO
2026-03-22T02:09:58.5750198Z Container has finished running with exit code: 1.
2026-03-22T02:09:58.5822194Z Container is terminating. Grace period: 5 seconds.
2026-03-22T02:09:58.5833478Z Stop and delete container. Retry count = 0
2026-03-22T02:09:58.5838693Z Stopping container: 7c749e8a95ac_card-social-api.
2026-03-22T02:09:58.7224217Z Deleting container: 7c749e8a95ac_card-social-api. Retry count = 0
2026-03-22T02:09:59.2420306Z Container spec TerminationMessagePolicy  path 
2026-03-22T02:09:59.2492249Z Container is terminated. Total time elapsed: 659 ms.
2026-03-22T02:09:59.2500771Z Site container: card-social-api terminated during site startup.
2026-03-22T02:09:59.2518202Z State: Stopping, Action: CancellingStartup, LastError: ContainerTimeout, LastErrorTimestamp: 03/22/2026 02:05:26, LastErrorDetails: Container did not start within expected time limit of 230s. Please inspect your container logs for more details., Details: Site container: card-social-api terminated during site startup. Cancelling site startup., DetailsLevel: ERR
2026-03-22T02:09:59.2786977Z Site startup probe failed after 27.4077953 seconds.
2026-03-22T02:09:59.5494423Z State: Stopping, Action: CancellingStartup, LastError: ContainerTimeout, LastErrorTimestamp: 03/22/2026 02:09:59, LastErrorDetails: Container did not start within expected time limit of 230s. Please inspect your container logs for more details., Details: Site container: card-social-api terminated during site startup. Cancelling site startup., DetailsLevel: ERR
2026-03-22T02:09:59.5518942Z Failed to start site. Revert by stopping site.
2026-03-22T02:09:59.5521461Z State: Stopping, Action: StoppingSite, LastError: ContainerTimeout, LastErrorTimestamp: 03/22/2026 02:09:59, LastErrorDetails: Container did not start within expected time limit of 230s. Please inspect your container logs for more details., Details: Site container: card-social-api terminated during site startup. Cancelling site startup., DetailsLevel: ERR
2026-03-22T02:09:59.5601384Z State: Stopping, Action: StoppingSiteContainers, LastError: ContainerTimeout, LastErrorTimestamp: 03/22/2026 02:09:59, LastErrorDetails: Container did not start within expected time limit of 230s. Please inspect your container logs for more details., Details: Site container: card-social-api terminated during site startup. Cancelling site startup., DetailsLevel: ERR
2026-03-22T02:09:59.5601685Z Site: card-social-api stopped.
2026-03-22T02:09:59.6102482Z State: Stopping, Action: UnmountingVolumes, LastError: ContainerTimeout, LastErrorTimestamp: 03/22/2026 02:09:59, LastErrorDetails: Container did not start within expected time limit of 230s. Please inspect your container logs for more details., Details: Site container: card-social-api terminated during site startup. Cancelling site startup., DetailsLevel: ERR
2026-03-22T02:10:00.2755111Z State: Stopping, Action: StoppingSiteNetworks, LastError: ContainerTimeout, LastErrorTimestamp: 03/22/2026 02:09:59, LastErrorDetails: Container did not start within expected time limit of 230s. Please inspect your container logs for more details., Details: Site container: card-social-api terminated during site startup. Cancelling site startup., DetailsLevel: ERR
2026-03-22T02:10:00.7416716Z Site: card-social-api will be blocked for 2 minutes till 03/22/2026 02:12:00
2026-03-22T02:10:00.7498251Z State: Blocked, Action: StoppingSiteNetworks, LastError: ContainerTimeout, LastErrorTimestamp: 03/22/2026 02:09:59, LastErrorDetails: Container did not start within expected time limit of 230s. Please inspect your container logs for more details., Details: Site: card-social-api will be blocked for 2 minutes till 03/22/2026 02:12:00, DetailsLevel: WARN
2026-03-22T02:10:00.7509438Z State: Stopped, Action: None, LastError: ContainerTimeout, LastErrorTimestamp: 03/22/2026 02:09:59, LastErrorDetails: Container did not start within expected time limit of 230s. Please inspect your container logs for more details., Details: Site stopped at 03/22/2026 02:10:00 (UTC), DetailsLevel: WARN
2026-03-22T02:10:00.9672543Z State: Stopped, Action: None, LastError: ContainerTimeout, LastErrorTimestamp: 03/22/2026 02:09:59, LastErrorDetails: Container did not start within expected time limit of 230s. Please inspect your container logs for more details., Details: Site stopped at 03/22/2026 02:10:00 (UTC), DetailsLevel: WARN
2026-03-22T02:10:01.1549581Z State: Blocked, Action: None, LastError: ContainerTimeout, LastErrorTimestamp: 03/22/2026 02:09:59, LastErrorDetails: Container did not start within expected time limit of 230s. Please inspect your container logs for more details., Details: Site is blocked due to multiple, consecutive cold start failures. Site scheduled to be unblocked at 03/22/2026 02:12:00, DetailsLevel: WARN
2026-03-22T02:10:01.1550048Z Start site prohibitted because the site is being blocked.
2026-03-22T02:10:01.9244235Z State: Blocked, Action: None, LastError: ContainerTimeout, LastErrorTimestamp: 03/22/2026 02:09:59, LastErrorDetails: Container did not start within expected time limit of 230s. Please inspect your container logs for more details., Details: Site is blocked due to multiple, consecutive cold start failures. Site scheduled to be unblocked at 03/22/2026 02:12:00, DetailsLevel: WARN
2026-03-22T02:10:01.9244630Z Start site prohibitted because the site is being blocked.
2026-03-22T02:10:11.3516598Z State: Blocked, Action: None, LastError: ContainerTimeout, LastErrorTimestamp: 03/22/2026 02:09:59, LastErrorDetails: Container did not start within expected time limit of 230s. Please inspect your container logs for more details., Details: Site is blocked due to multiple, consecutive cold start failures. Site scheduled to be unblocked at 03/22/2026 02:12:00, DetailsLevel: WARN
2026-03-22T02:10:11.3517601Z Start site prohibitted because the site is being blocked.
2026-03-22T02:10:15.8205654Z State: Blocked, Action: None, LastError: ContainerTimeout, LastErrorTimestamp: 03/22/2026 02:09:59, LastErrorDetails: Container did not start within expected time limit of 230s. Please inspect your container logs for more details., Details: Site is blocked due to multiple, consecutive cold start failures. Site scheduled to be unblocked at 03/22/2026 02:12:00, DetailsLevel: WARN
2026-03-22T02:10:15.8207803Z Start site prohibitted because the site is being blocked.
2026-03-22T02:10:16.0397677Z State: Blocked, Action: None, LastError: ContainerTimeout, LastErrorTimestamp: 03/22/2026 02:09:59, LastErrorDetails: Container did not start within expected time limit of 230s. Please inspect your container logs for more details., Details: Site is blocked due to multiple, consecutive cold start failures. Site scheduled to be unblocked at 03/22/2026 02:12:00, DetailsLevel: WARN
2026-03-22T02:10:16.0399823Z Start site prohibitted because the site is being blocked.
2026-03-22T02:12:00.7415539Z Site: card-social-api is unblocked.
2026-03-22T02:16:10.6698219Z State: Starting, Action: EstablishingSiteNetworks, LastError: ContainerTimeout, LastErrorTimestamp: 03/22/2026 02:09:59, LastErrorDetails: Container did not start within expected time limit of 230s. Please inspect your container logs for more details., Details: Site is blocked due to multiple, consecutive cold start failures. Site scheduled to be unblocked at 03/22/2026 02:12:00, DetailsLevel: WARN
2026-03-22T02:16:13.5327716Z State: Starting, Action: StartingSiteContainers, LastError: ContainerTimeout, LastErrorTimestamp: 03/22/2026 02:09:59, LastErrorDetails: Container did not start within expected time limit of 230s. Please inspect your container logs for more details., Details: Site is blocked due to multiple, consecutive cold start failures. Site scheduled to be unblocked at 03/22/2026 02:12:00, DetailsLevel: WARN
2026-03-22T02:16:13.5341064Z Container start method called.
2026-03-22T02:16:13.5341774Z State: Starting, Action: PullingImage, LastError: ContainerTimeout, LastErrorTimestamp: 03/22/2026 02:09:59, LastErrorDetails: Container did not start within expected time limit of 230s. Please inspect your container logs for more details., Details: Pulling image 10.1.0.5:13209/appsvc/node:20-lts_20260115.4.tuxprod for card-social-api., DetailsLevel: INFO
2026-03-22T02:16:13.5344294Z Establishing network.
2026-03-22T02:16:13.5345674Z Pulling image: appsvc/node:20-lts_20260115.4.tuxprod.
2026-03-22T02:16:13.8302800Z Container is starting.
2026-03-22T02:16:13.8304371Z State: Starting, Action: MountingVolumes, LastError: ContainerTimeout, LastErrorTimestamp: 03/22/2026 02:09:59, LastErrorDetails: Container did not start within expected time limit of 230s. Please inspect your container logs for more details., Details: Mounting volumes for card-social-api., DetailsLevel: INFO
2026-03-22T02:16:13.8305743Z Establishing user namespace if not established already.
2026-03-22T02:16:13.8306909Z Establishing network if not established already.
2026-03-22T02:16:13.8308303Z Mounting volumes.
2026-03-22T02:16:13.8309872Z Nested mountpoint 
2026-03-22T02:16:13.9767462Z Nested mountpoint volatile/logs
2026-03-22T02:16:14.0142796Z Nested mountpoint 
2026-03-22T02:16:14.0150140Z Nested mountpoint 
2026-03-22T02:16:14.1430516Z Nested mountpoint 
2026-03-22T02:16:14.5059043Z State: Starting, Action: CreatingContainer, LastError: ContainerTimeout, LastErrorTimestamp: 03/22/2026 02:09:59, LastErrorDetails: Container did not start within expected time limit of 230s. Please inspect your container logs for more details., Details: Finished pulling container image and mounting volumes for card-social-api. Allocatinng the rest of the container resources to finish container creation., DetailsLevel: INFO
2026-03-22T02:16:14.5061792Z Creating container.
2026-03-22T02:16:14.5424738Z Creating pipes for streaming container io.
2026-03-22T02:16:14.5430549Z Creating stdout named pipe at /podr/container/pipe/b7c3adb8832c_card-social-api/stdout_4d691170d09f4ee88106d37319090dd5.
2026-03-22T02:16:14.5505496Z Successfully created stdout named pipe at: /podr/container/pipe/b7c3adb8832c_card-social-api/stdout_4d691170d09f4ee88106d37319090dd5.
2026-03-22T02:16:14.5510198Z Opening named pipe /podr/container/pipe/b7c3adb8832c_card-social-api/stdout_4d691170d09f4ee88106d37319090dd5 for reading in non-blocking mode.
2026-03-22T02:16:14.5512855Z Successfully opened named pipe: /podr/container/pipe/b7c3adb8832c_card-social-api/stdout_4d691170d09f4ee88106d37319090dd5.
2026-03-22T02:16:14.5519990Z Successfully removed non-blocking flag from /podr/container/pipe/b7c3adb8832c_card-social-api/stdout_4d691170d09f4ee88106d37319090dd5.
2026-03-22T02:16:14.5618261Z Creating stderr named pipe at /podr/container/pipe/b7c3adb8832c_card-social-api/stderr_caa8627d5c1c4dab818591986ec4a112.
2026-03-22T02:16:14.5626085Z Successfully created stderr named pipe at: /podr/container/pipe/b7c3adb8832c_card-social-api/stderr_caa8627d5c1c4dab818591986ec4a112.
2026-03-22T02:16:14.5700286Z Opening named pipe /podr/container/pipe/b7c3adb8832c_card-social-api/stderr_caa8627d5c1c4dab818591986ec4a112 for reading in non-blocking mode.
2026-03-22T02:16:14.5707735Z Successfully opened named pipe: /podr/container/pipe/b7c3adb8832c_card-social-api/stderr_caa8627d5c1c4dab818591986ec4a112.
2026-03-22T02:16:14.5785618Z Successfully removed non-blocking flag from /podr/container/pipe/b7c3adb8832c_card-social-api/stderr_caa8627d5c1c4dab818591986ec4a112.
2026-03-22T02:16:14.5803984Z Creating container with image: appsvc/node:20-lts_20260115.4.tuxprod from registry: 10.1.0.5:13209 and fully qualified image name: 10.1.0.5:13209/appsvc/node:20-lts_20260115.4.tuxprod
2026-03-22T02:16:15.4428154Z Starting container: b7c3adb8832c_card-social-api.
2026-03-22T02:16:15.6535002Z Starting watchers and probes.
2026-03-22T02:16:15.6820171Z Starting metrics collection.
2026-03-22T02:16:15.6823219Z Container is running.
2026-03-22T02:16:15.6830462Z State: Starting, Action: CreatingContainer, LastError: ContainerTimeout, LastErrorTimestamp: 03/22/2026 02:09:59, LastErrorDetails: Container did not start within expected time limit of 230s. Please inspect your container logs for more details., Details: Container card-social-api successfully created and is running., DetailsLevel: INFO
2026-03-22T02:16:15.8391505Z Container start method finished after 2304 ms.
2026-03-22T02:16:15.8406583Z State: Starting, Action: InitiatingSiteWarmUpProbe, LastError: ContainerTimeout, LastErrorTimestamp: 03/22/2026 02:09:59, LastErrorDetails: Container did not start within expected time limit of 230s. Please inspect your container logs for more details., Details: Container card-social-api successfully created and is running., DetailsLevel: INFO
2026-03-22T02:16:15.8406991Z State: Starting, Action: WaitingForSiteWarmUpProbeSuccess, LastError: ContainerTimeout, LastErrorTimestamp: 03/22/2026 02:09:59, LastErrorDetails: Container did not start within expected time limit of 230s. Please inspect your container logs for more details., Details: Pinging warmup path to ensure container is ready to receive requests., DetailsLevel: INFO
2026-03-22T02:16:44.9058420Z Container has finished running with exit code: 1.
2026-03-22T02:16:44.9062842Z Container is terminating. Grace period: 5 seconds.
2026-03-22T02:16:44.9073332Z Stop and delete container. Retry count = 0
2026-03-22T02:16:44.9087457Z Stopping container: b7c3adb8832c_card-social-api.
2026-03-22T02:16:45.0838655Z Deleting container: b7c3adb8832c_card-social-api. Retry count = 0
2026-03-22T02:16:45.3965893Z Container spec TerminationMessagePolicy  path 
2026-03-22T02:16:45.3974841Z Container is terminated. Total time elapsed: 490 ms.
2026-03-22T02:16:45.3981627Z Site container: card-social-api terminated during site startup.
2026-03-22T02:16:45.3991467Z State: Stopping, Action: CancellingStartup, LastError: ContainerTimeout, LastErrorTimestamp: 03/22/2026 02:09:59, LastErrorDetails: Container did not start within expected time limit of 230s. Please inspect your container logs for more details., Details: Site container: card-social-api terminated during site startup. Cancelling site startup., DetailsLevel: ERR
2026-03-22T02:16:45.4276745Z Site startup probe failed after 29.4816611 seconds.
2026-03-22T02:16:45.6246491Z State: Stopping, Action: CancellingStartup, LastError: ContainerTimeout, LastErrorTimestamp: 03/22/2026 02:16:45, LastErrorDetails: Container did not start within expected time limit of 230s. Please inspect your container logs for more details., Details: Site container: card-social-api terminated during site startup. Cancelling site startup., DetailsLevel: ERR
2026-03-22T02:16:45.6534233Z Failed to start site. Revert by stopping site.
2026-03-22T02:16:45.6541078Z State: Stopping, Action: StoppingSite, LastError: ContainerTimeout, LastErrorTimestamp: 03/22/2026 02:16:45, LastErrorDetails: Container did not start within expected time limit of 230s. Please inspect your container logs for more details., Details: Site container: card-social-api terminated during site startup. Cancelling site startup., DetailsLevel: ERR
2026-03-22T02:16:45.6548366Z State: Stopping, Action: StoppingSiteContainers, LastError: ContainerTimeout, LastErrorTimestamp: 03/22/2026 02:16:45, LastErrorDetails: Container did not start within expected time limit of 230s. Please inspect your container logs for more details., Details: Site container: card-social-api terminated during site startup. Cancelling site startup., DetailsLevel: ERR
2026-03-22T02:16:45.6548545Z Site: card-social-api stopped.
2026-03-22T02:16:45.6629746Z State: Stopping, Action: UnmountingVolumes, LastError: ContainerTimeout, LastErrorTimestamp: 03/22/2026 02:16:45, LastErrorDetails: Container did not start within expected time limit of 230s. Please inspect your container logs for more details., Details: Site container: card-social-api terminated during site startup. Cancelling site startup., DetailsLevel: ERR
2026-03-22T02:16:46.0661015Z State: Stopping, Action: StoppingSiteNetworks, LastError: ContainerTimeout, LastErrorTimestamp: 03/22/2026 02:16:45, LastErrorDetails: Container did not start within expected time limit of 230s. Please inspect your container logs for more details., Details: Site container: card-social-api terminated during site startup. Cancelling site startup., DetailsLevel: ERR
2026-03-22T02:16:46.3583986Z Site: card-social-api will be blocked for 2 minutes till 03/22/2026 02:18:46
2026-03-22T02:16:46.3597813Z State: Blocked, Action: StoppingSiteNetworks, LastError: ContainerTimeout, LastErrorTimestamp: 03/22/2026 02:16:45, LastErrorDetails: Container did not start within expected time limit of 230s. Please inspect your container logs for more details., Details: Site: card-social-api will be blocked for 2 minutes till 03/22/2026 02:18:46, DetailsLevel: WARN
2026-03-22T02:16:46.3673651Z State: Stopped, Action: None, LastError: ContainerTimeout, LastErrorTimestamp: 03/22/2026 02:16:45, LastErrorDetails: Container did not start within expected time limit of 230s. Please inspect your container logs for more details., Details: Site stopped at 03/22/2026 02:16:46 (UTC), DetailsLevel: WARN
2026-03-22T02:16:46.6826253Z State: Stopped, Action: None, LastError: ContainerTimeout, LastErrorTimestamp: 03/22/2026 02:16:45, LastErrorDetails: Container did not start within expected time limit of 230s. Please inspect your container logs for more details., Details: Site stopped at 03/22/2026 02:16:46 (UTC), DetailsLevel: WARN
2026-03-22T02:18:46.3461084Z Site: card-social-api is unblocked.
2026-03-22T02:24:58.5190780Z State: Starting, Action: EstablishingSiteNetworks, LastError: ContainerTimeout, LastErrorTimestamp: 03/22/2026 02:16:45, LastErrorDetails: Container did not start within expected time limit of 230s. Please inspect your container logs for more details., Details: Site stopped at 03/22/2026 02:16:46 (UTC), DetailsLevel: WARN
2026-03-22T02:25:01.1547105Z State: Starting, Action: StartingSiteContainers, LastError: ContainerTimeout, LastErrorTimestamp: 03/22/2026 02:16:45, LastErrorDetails: Container did not start within expected time limit of 230s. Please inspect your container logs for more details., Details: Site stopped at 03/22/2026 02:16:46 (UTC), DetailsLevel: WARN
2026-03-22T02:25:01.1620371Z Container start method called.
2026-03-22T02:25:01.1626570Z State: Starting, Action: PullingImage, LastError: ContainerTimeout, LastErrorTimestamp: 03/22/2026 02:16:45, LastErrorDetails: Container did not start within expected time limit of 230s. Please inspect your container logs for more details., Details: Pulling image 10.1.0.5:13209/appsvc/node:20-lts_20260115.4.tuxprod for card-social-api., DetailsLevel: INFO
2026-03-22T02:25:01.1629193Z Establishing network.
2026-03-22T02:25:01.1631995Z Pulling image: appsvc/node:20-lts_20260115.4.tuxprod.
2026-03-22T02:25:01.7739702Z Container is starting.
2026-03-22T02:25:01.7740671Z State: Starting, Action: MountingVolumes, LastError: ContainerTimeout, LastErrorTimestamp: 03/22/2026 02:16:45, LastErrorDetails: Container did not start within expected time limit of 230s. Please inspect your container logs for more details., Details: Mounting volumes for card-social-api., DetailsLevel: INFO
2026-03-22T02:25:01.7741749Z Establishing user namespace if not established already.
2026-03-22T02:25:01.7742983Z Establishing network if not established already.
2026-03-22T02:25:01.7744625Z Mounting volumes.
2026-03-22T02:25:01.7746034Z Nested mountpoint 
2026-03-22T02:25:01.8736504Z Nested mountpoint volatile/logs
2026-03-22T02:25:01.9210487Z Nested mountpoint 
2026-03-22T02:25:01.9513723Z Nested mountpoint 
2026-03-22T02:25:01.9535575Z Nested mountpoint 
2026-03-22T02:25:02.6106234Z State: Starting, Action: CreatingContainer, LastError: ContainerTimeout, LastErrorTimestamp: 03/22/2026 02:16:45, LastErrorDetails: Container did not start within expected time limit of 230s. Please inspect your container logs for more details., Details: Finished pulling container image and mounting volumes for card-social-api. Allocatinng the rest of the container resources to finish container creation., DetailsLevel: INFO
2026-03-22T02:25:02.6107539Z Creating container.
2026-03-22T02:25:02.6108537Z Creating pipes for streaming container io.
2026-03-22T02:25:02.6109586Z Creating stdout named pipe at /podr/container/pipe/77be6889b654_card-social-api/stdout_ec370448ec30445d971e38b6329ba51b.
2026-03-22T02:25:02.6111655Z Successfully created stdout named pipe at: /podr/container/pipe/77be6889b654_card-social-api/stdout_ec370448ec30445d971e38b6329ba51b.
2026-03-22T02:25:02.6112605Z Opening named pipe /podr/container/pipe/77be6889b654_card-social-api/stdout_ec370448ec30445d971e38b6329ba51b for reading in non-blocking mode.
2026-03-22T02:25:02.6114042Z Successfully opened named pipe: /podr/container/pipe/77be6889b654_card-social-api/stdout_ec370448ec30445d971e38b6329ba51b.
2026-03-22T02:25:02.6115011Z Successfully removed non-blocking flag from /podr/container/pipe/77be6889b654_card-social-api/stdout_ec370448ec30445d971e38b6329ba51b.
2026-03-22T02:25:02.6116364Z Creating stderr named pipe at /podr/container/pipe/77be6889b654_card-social-api/stderr_ba995ceee3684b05a62057be4c2ef12d.
2026-03-22T02:25:02.6118054Z Successfully created stderr named pipe at: /podr/container/pipe/77be6889b654_card-social-api/stderr_ba995ceee3684b05a62057be4c2ef12d.
2026-03-22T02:25:02.6119015Z Opening named pipe /podr/container/pipe/77be6889b654_card-social-api/stderr_ba995ceee3684b05a62057be4c2ef12d for reading in non-blocking mode.
2026-03-22T02:25:02.6284320Z Successfully opened named pipe: /podr/container/pipe/77be6889b654_card-social-api/stderr_ba995ceee3684b05a62057be4c2ef12d.
2026-03-22T02:25:02.6286534Z Successfully removed non-blocking flag from /podr/container/pipe/77be6889b654_card-social-api/stderr_ba995ceee3684b05a62057be4c2ef12d.
2026-03-22T02:25:02.6315452Z Creating container with image: appsvc/node:20-lts_20260115.4.tuxprod from registry: 10.1.0.5:13209 and fully qualified image name: 10.1.0.5:13209/appsvc/node:20-lts_20260115.4.tuxprod
2026-03-22T02:25:03.6177658Z Starting container: 77be6889b654_card-social-api.
2026-03-22T02:25:03.7205000Z Starting watchers and probes.
2026-03-22T02:25:03.7293877Z Starting metrics collection.
2026-03-22T02:25:03.7464730Z Container is running.
2026-03-22T02:25:03.7484481Z State: Starting, Action: CreatingContainer, LastError: ContainerTimeout, LastErrorTimestamp: 03/22/2026 02:16:45, LastErrorDetails: Container did not start within expected time limit of 230s. Please inspect your container logs for more details., Details: Container card-social-api successfully created and is running., DetailsLevel: INFO
2026-03-22T02:25:04.1570567Z Container start method finished after 2994 ms.
2026-03-22T02:25:04.1572638Z State: Starting, Action: InitiatingSiteWarmUpProbe, LastError: ContainerTimeout, LastErrorTimestamp: 03/22/2026 02:16:45, LastErrorDetails: Container did not start within expected time limit of 230s. Please inspect your container logs for more details., Details: Container card-social-api successfully created and is running., DetailsLevel: INFO
2026-03-22T02:25:04.1572949Z State: Starting, Action: WaitingForSiteWarmUpProbeSuccess, LastError: ContainerTimeout, LastErrorTimestamp: 03/22/2026 02:16:45, LastErrorDetails: Container did not start within expected time limit of 230s. Please inspect your container logs for more details., Details: Pinging warmup path to ensure container is ready to receive requests., DetailsLevel: INFO
2026-03-22T02:25:30.9166936Z Container has finished running with exit code: 1.
2026-03-22T02:25:30.9171543Z Container is terminating. Grace period: 5 seconds.
2026-03-22T02:25:30.9175207Z Stop and delete container. Retry count = 0
2026-03-22T02:25:30.9262775Z Stopping container: 77be6889b654_card-social-api.
2026-03-22T02:25:31.0169189Z Deleting container: 77be6889b654_card-social-api. Retry count = 0
2026-03-22T02:25:31.3652452Z Container spec TerminationMessagePolicy  path 
2026-03-22T02:25:31.3661784Z Container is terminated. Total time elapsed: 448 ms.
2026-03-22T02:25:31.3663947Z Site container: card-social-api terminated during site startup.
2026-03-22T02:25:31.3665958Z State: Stopping, Action: CancellingStartup, LastError: ContainerTimeout, LastErrorTimestamp: 03/22/2026 02:16:45, LastErrorDetails: Container did not start within expected time limit of 230s. Please inspect your container logs for more details., Details: Site container: card-social-api terminated during site startup. Cancelling site startup., DetailsLevel: ERR
2026-03-22T02:25:31.4042727Z Site startup probe failed after 27.2464523 seconds.
2026-03-22T02:25:31.6286099Z State: Stopping, Action: CancellingStartup, LastError: ContainerTimeout, LastErrorTimestamp: 03/22/2026 02:25:31, LastErrorDetails: Container did not start within expected time limit of 230s. Please inspect your container logs for more details., Details: Site container: card-social-api terminated during site startup. Cancelling site startup., DetailsLevel: ERR
2026-03-22T02:25:31.6567452Z Failed to start site. Revert by stopping site.
2026-03-22T02:25:31.6760710Z State: Stopping, Action: StoppingSite, LastError: ContainerTimeout, LastErrorTimestamp: 03/22/2026 02:25:31, LastErrorDetails: Container did not start within expected time limit of 230s. Please inspect your container logs for more details., Details: Site container: card-social-api terminated during site startup. Cancelling site startup., DetailsLevel: ERR
2026-03-22T02:25:31.7018688Z State: Stopping, Action: StoppingSiteContainers, LastError: ContainerTimeout, LastErrorTimestamp: 03/22/2026 02:25:31, LastErrorDetails: Container did not start within expected time limit of 230s. Please inspect your container logs for more details., Details: Site container: card-social-api terminated during site startup. Cancelling site startup., DetailsLevel: ERR
2026-03-22T02:25:31.7018938Z Site: card-social-api stopped.
2026-03-22T02:25:31.7048541Z State: Stopping, Action: UnmountingVolumes, LastError: ContainerTimeout, LastErrorTimestamp: 03/22/2026 02:25:31, LastErrorDetails: Container did not start within expected time limit of 230s. Please inspect your container logs for more details., Details: Site container: card-social-api terminated during site startup. Cancelling site startup., DetailsLevel: ERR
2026-03-22T02:25:32.1067923Z State: Stopping, Action: StoppingSiteNetworks, LastError: ContainerTimeout, LastErrorTimestamp: 03/22/2026 02:25:31, LastErrorDetails: Container did not start within expected time limit of 230s. Please inspect your container logs for more details., Details: Site container: card-social-api terminated during site startup. Cancelling site startup., DetailsLevel: ERR
2026-03-22T02:25:32.5304491Z Site: card-social-api will be blocked for 2 minutes till 03/22/2026 02:27:32
2026-03-22T02:25:32.5325711Z State: Blocked, Action: StoppingSiteNetworks, LastError: ContainerTimeout, LastErrorTimestamp: 03/22/2026 02:25:31, LastErrorDetails: Container did not start within expected time limit of 230s. Please inspect your container logs for more details., Details: Site: card-social-api will be blocked for 2 minutes till 03/22/2026 02:27:32, DetailsLevel: WARN
2026-03-22T02:25:32.5437931Z State: Stopped, Action: None, LastError: ContainerTimeout, LastErrorTimestamp: 03/22/2026 02:25:31, LastErrorDetails: Container did not start within expected time limit of 230s. Please inspect your container logs for more details., Details: Site stopped at 03/22/2026 02:25:32 (UTC), DetailsLevel: WARN
2026-03-22T02:25:32.8269243Z State: Stopped, Action: None, LastError: ContainerTimeout, LastErrorTimestamp: 03/22/2026 02:25:31, LastErrorDetails: Container did not start within expected time limit of 230s. Please inspect your container logs for more details., Details: Site stopped at 03/22/2026 02:25:32 (UTC), DetailsLevel: WARN
2026-03-22T02:27:32.5221049Z Site: card-social-api is unblocked.
2026-03-22T02:28:16.9100034Z State: Starting, Action: EstablishingSiteNetworks, LastError: ContainerTimeout, LastErrorTimestamp: 03/22/2026 02:25:31, LastErrorDetails: Container did not start within expected time limit of 230s. Please inspect your container logs for more details., Details: Site stopped at 03/22/2026 02:25:32 (UTC), DetailsLevel: WARN
2026-03-22T02:28:19.5993272Z State: Starting, Action: StartingSiteContainers, LastError: ContainerTimeout, LastErrorTimestamp: 03/22/2026 02:25:31, LastErrorDetails: Container did not start within expected time limit of 230s. Please inspect your container logs for more details., Details: Site stopped at 03/22/2026 02:25:32 (UTC), DetailsLevel: WARN
2026-03-22T02:28:19.6545760Z Container start method called.
2026-03-22T02:28:19.6547321Z State: Starting, Action: PullingImage, LastError: ContainerTimeout, LastErrorTimestamp: 03/22/2026 02:25:31, LastErrorDetails: Container did not start within expected time limit of 230s. Please inspect your container logs for more details., Details: Pulling image 10.1.0.5:13209/appsvc/node:20-lts_20260115.4.tuxprod for card-social-api., DetailsLevel: INFO
2026-03-22T02:28:19.6549833Z Establishing network.
2026-03-22T02:28:19.6633637Z Pulling image: appsvc/node:20-lts_20260115.4.tuxprod.
2026-03-22T02:28:19.8938672Z Container is starting.
2026-03-22T02:28:19.8940012Z State: Starting, Action: MountingVolumes, LastError: ContainerTimeout, LastErrorTimestamp: 03/22/2026 02:25:31, LastErrorDetails: Container did not start within expected time limit of 230s. Please inspect your container logs for more details., Details: Mounting volumes for card-social-api., DetailsLevel: INFO
2026-03-22T02:28:19.8941597Z Establishing user namespace if not established already.
2026-03-22T02:28:19.8943353Z Establishing network if not established already.
2026-03-22T02:28:19.9106340Z Mounting volumes.
2026-03-22T02:28:19.9108454Z Nested mountpoint 
2026-03-22T02:28:20.0451521Z Nested mountpoint volatile/logs
2026-03-22T02:28:20.0675970Z Nested mountpoint 
2026-03-22T02:28:20.1237912Z Nested mountpoint 
2026-03-22T02:28:20.2626534Z Nested mountpoint 
2026-03-22T02:28:20.8434757Z State: Starting, Action: CreatingContainer, LastError: ContainerTimeout, LastErrorTimestamp: 03/22/2026 02:25:31, LastErrorDetails: Container did not start within expected time limit of 230s. Please inspect your container logs for more details., Details: Finished pulling container image and mounting volumes for card-social-api. Allocatinng the rest of the container resources to finish container creation., DetailsLevel: INFO
2026-03-22T02:28:20.8442022Z Creating container.
2026-03-22T02:28:20.8526241Z Creating pipes for streaming container io.
2026-03-22T02:28:20.8534428Z Creating stdout named pipe at /podr/container/pipe/1122ae4e4dc4_card-social-api/stdout_424e7211e7714683932d786312eb5ad9.
2026-03-22T02:28:20.8605240Z Successfully created stdout named pipe at: /podr/container/pipe/1122ae4e4dc4_card-social-api/stdout_424e7211e7714683932d786312eb5ad9.
2026-03-22T02:28:20.8610131Z Opening named pipe /podr/container/pipe/1122ae4e4dc4_card-social-api/stdout_424e7211e7714683932d786312eb5ad9 for reading in non-blocking mode.
2026-03-22T02:28:20.8619556Z Successfully opened named pipe: /podr/container/pipe/1122ae4e4dc4_card-social-api/stdout_424e7211e7714683932d786312eb5ad9.
2026-03-22T02:28:20.8642402Z Successfully removed non-blocking flag from /podr/container/pipe/1122ae4e4dc4_card-social-api/stdout_424e7211e7714683932d786312eb5ad9.
2026-03-22T02:28:20.8710764Z Creating stderr named pipe at /podr/container/pipe/1122ae4e4dc4_card-social-api/stderr_0e728d8f0042413c914f5a5644c925f5.
2026-03-22T02:28:20.8716603Z Successfully created stderr named pipe at: /podr/container/pipe/1122ae4e4dc4_card-social-api/stderr_0e728d8f0042413c914f5a5644c925f5.
2026-03-22T02:28:20.8728535Z Opening named pipe /podr/container/pipe/1122ae4e4dc4_card-social-api/stderr_0e728d8f0042413c914f5a5644c925f5 for reading in non-blocking mode.
2026-03-22T02:28:20.8736109Z Successfully opened named pipe: /podr/container/pipe/1122ae4e4dc4_card-social-api/stderr_0e728d8f0042413c914f5a5644c925f5.
2026-03-22T02:28:20.8806197Z Successfully removed non-blocking flag from /podr/container/pipe/1122ae4e4dc4_card-social-api/stderr_0e728d8f0042413c914f5a5644c925f5.
2026-03-22T02:28:20.8810069Z Creating container with image: appsvc/node:20-lts_20260115.4.tuxprod from registry: 10.1.0.5:13209 and fully qualified image name: 10.1.0.5:13209/appsvc/node:20-lts_20260115.4.tuxprod
2026-03-22T02:28:21.6484807Z Starting container: 1122ae4e4dc4_card-social-api.
2026-03-22T02:28:21.7188084Z Starting watchers and probes.
2026-03-22T02:28:21.7209899Z Starting metrics collection.
2026-03-22T02:28:21.7379052Z Container is running.
2026-03-22T02:28:21.7383457Z State: Starting, Action: CreatingContainer, LastError: ContainerTimeout, LastErrorTimestamp: 03/22/2026 02:25:31, LastErrorDetails: Container did not start within expected time limit of 230s. Please inspect your container logs for more details., Details: Container card-social-api successfully created and is running., DetailsLevel: INFO
2026-03-22T02:28:22.0044985Z Container start method finished after 2349 ms.
2026-03-22T02:28:22.0054273Z State: Starting, Action: InitiatingSiteWarmUpProbe, LastError: ContainerTimeout, LastErrorTimestamp: 03/22/2026 02:25:31, LastErrorDetails: Container did not start within expected time limit of 230s. Please inspect your container logs for more details., Details: Container card-social-api successfully created and is running., DetailsLevel: INFO
2026-03-22T02:28:22.0054602Z State: Starting, Action: WaitingForSiteWarmUpProbeSuccess, LastError: ContainerTimeout, LastErrorTimestamp: 03/22/2026 02:25:31, LastErrorDetails: Container did not start within expected time limit of 230s. Please inspect your container logs for more details., Details: Pinging warmup path to ensure container is ready to receive requests., DetailsLevel: INFO
2026-03-22T02:28:47.7115629Z Container has finished running with exit code: 1.
2026-03-22T02:28:47.7127285Z Container is terminating. Grace period: 5 seconds.
2026-03-22T02:28:47.7234637Z Stop and delete container. Retry count = 0
2026-03-22T02:28:47.7236172Z Stopping container: 1122ae4e4dc4_card-social-api.
2026-03-22T02:28:47.8787917Z Deleting container: 1122ae4e4dc4_card-social-api. Retry count = 0
2026-03-22T02:28:48.3040828Z Container spec TerminationMessagePolicy  path 
2026-03-22T02:28:48.3048443Z Container is terminated. Total time elapsed: 591 ms.
2026-03-22T02:28:48.3050292Z Site container: card-social-api terminated during site startup.
2026-03-22T02:28:48.3062642Z State: Stopping, Action: CancellingStartup, LastError: ContainerTimeout, LastErrorTimestamp: 03/22/2026 02:25:31, LastErrorDetails: Container did not start within expected time limit of 230s. Please inspect your container logs for more details., Details: Site container: card-social-api terminated during site startup. Cancelling site startup., DetailsLevel: ERR
2026-03-22T02:28:48.3342721Z Site startup probe failed after 26.2985151 seconds.
2026-03-22T02:28:48.6554488Z State: Stopping, Action: CancellingStartup, LastError: ContainerTimeout, LastErrorTimestamp: 03/22/2026 02:28:48, LastErrorDetails: Container did not start within expected time limit of 230s. Please inspect your container logs for more details., Details: Site container: card-social-api terminated during site startup. Cancelling site startup., DetailsLevel: ERR
2026-03-22T02:28:48.6873501Z Failed to start site. Revert by stopping site.
2026-03-22T02:28:48.7050054Z State: Stopping, Action: StoppingSite, LastError: ContainerTimeout, LastErrorTimestamp: 03/22/2026 02:28:48, LastErrorDetails: Container did not start within expected time limit of 230s. Please inspect your container logs for more details., Details: Site container: card-social-api terminated during site startup. Cancelling site startup., DetailsLevel: ERR
2026-03-22T02:28:48.7152879Z State: Stopping, Action: StoppingSiteContainers, LastError: ContainerTimeout, LastErrorTimestamp: 03/22/2026 02:28:48, LastErrorDetails: Container did not start within expected time limit of 230s. Please inspect your container logs for more details., Details: Site container: card-social-api terminated during site startup. Cancelling site startup., DetailsLevel: ERR
2026-03-22T02:28:48.7153304Z Site: card-social-api stopped.
2026-03-22T02:30:59.2086924Z State: Starting, Action: EstablishingSiteNetworks, LastError: ContainerTimeout, LastErrorTimestamp: 03/22/2026 02:28:48, LastErrorDetails: Container did not start within expected time limit of 230s. Please inspect your container logs for more details., Details: Site is blocked due to multiple, consecutive cold start failures. Site scheduled to be unblocked at 03/22/2026 02:30:49, DetailsLevel: WARN
2026-03-22T02:31:01.9973128Z State: Starting, Action: StartingSiteContainers, LastError: ContainerTimeout, LastErrorTimestamp: 03/22/2026 02:28:48, LastErrorDetails: Container did not start within expected time limit of 230s. Please inspect your container logs for more details., Details: Site is blocked due to multiple, consecutive cold start failures. Site scheduled to be unblocked at 03/22/2026 02:30:49, DetailsLevel: WARN
2026-03-22T02:31:02.0146171Z Container start method called.
2026-03-22T02:31:02.0147104Z State: Starting, Action: PullingImage, LastError: ContainerTimeout, LastErrorTimestamp: 03/22/2026 02:28:48, LastErrorDetails: Container did not start within expected time limit of 230s. Please inspect your container logs for more details., Details: Pulling image 10.1.0.5:13209/appsvc/node:20-lts_20260115.4.tuxprod for card-social-api., DetailsLevel: INFO
2026-03-22T02:31:02.0149686Z Establishing network.
2026-03-22T02:31:02.0161281Z Pulling image: appsvc/node:20-lts_20260115.4.tuxprod.
2026-03-22T02:31:02.2652017Z Container is starting.
2026-03-22T02:31:02.2652839Z State: Starting, Action: MountingVolumes, LastError: ContainerTimeout, LastErrorTimestamp: 03/22/2026 02:28:48, LastErrorDetails: Container did not start within expected time limit of 230s. Please inspect your container logs for more details., Details: Mounting volumes for card-social-api., DetailsLevel: INFO
2026-03-22T02:31:02.2653861Z Establishing user namespace if not established already.
2026-03-22T02:31:02.2655293Z Establishing network if not established already.
2026-03-22T02:31:02.2656674Z Mounting volumes.
2026-03-22T02:31:02.2658024Z Nested mountpoint 
2026-03-22T02:31:02.2877004Z Nested mountpoint volatile/logs
2026-03-22T02:31:02.3849217Z Nested mountpoint 
2026-03-22T02:31:02.4043308Z Nested mountpoint 
2026-03-22T02:31:02.4297218Z Nested mountpoint 
2026-03-22T02:31:02.8491456Z State: Starting, Action: CreatingContainer, LastError: ContainerTimeout, LastErrorTimestamp: 03/22/2026 02:28:48, LastErrorDetails: Container did not start within expected time limit of 230s. Please inspect your container logs for more details., Details: Finished pulling container image and mounting volumes for card-social-api. Allocatinng the rest of the container resources to finish container creation., DetailsLevel: INFO
2026-03-22T02:31:02.8501742Z Creating container.
2026-03-22T02:31:02.8503620Z Creating pipes for streaming container io.
2026-03-22T02:31:02.8507117Z Creating stdout named pipe at /podr/container/pipe/aea6dea2eb04_card-social-api/stdout_8961cfdb1cbc48ea874d66b4bc5bbe4f.
2026-03-22T02:31:02.8518160Z Successfully created stdout named pipe at: /podr/container/pipe/aea6dea2eb04_card-social-api/stdout_8961cfdb1cbc48ea874d66b4bc5bbe4f.
2026-03-22T02:31:02.8521419Z Opening named pipe /podr/container/pipe/aea6dea2eb04_card-social-api/stdout_8961cfdb1cbc48ea874d66b4bc5bbe4f for reading in non-blocking mode.
2026-03-22T02:31:02.8523438Z Successfully opened named pipe: /podr/container/pipe/aea6dea2eb04_card-social-api/stdout_8961cfdb1cbc48ea874d66b4bc5bbe4f.
2026-03-22T02:31:02.8582632Z Successfully removed non-blocking flag from /podr/container/pipe/aea6dea2eb04_card-social-api/stdout_8961cfdb1cbc48ea874d66b4bc5bbe4f.
2026-03-22T02:31:02.8587142Z Creating stderr named pipe at /podr/container/pipe/aea6dea2eb04_card-social-api/stderr_2ddaf2e6cb95464d8a5543ef969f1ac6.
2026-03-22T02:31:02.8590861Z Successfully created stderr named pipe at: /podr/container/pipe/aea6dea2eb04_card-social-api/stderr_2ddaf2e6cb95464d8a5543ef969f1ac6.
2026-03-22T02:31:02.8592512Z Opening named pipe /podr/container/pipe/aea6dea2eb04_card-social-api/stderr_2ddaf2e6cb95464d8a5543ef969f1ac6 for reading in non-blocking mode.
2026-03-22T02:31:02.8594327Z Successfully opened named pipe: /podr/container/pipe/aea6dea2eb04_card-social-api/stderr_2ddaf2e6cb95464d8a5543ef969f1ac6.
2026-03-22T02:31:02.8597311Z Successfully removed non-blocking flag from /podr/container/pipe/aea6dea2eb04_card-social-api/stderr_2ddaf2e6cb95464d8a5543ef969f1ac6.
2026-03-22T02:31:02.8601518Z Creating container with image: appsvc/node:20-lts_20260115.4.tuxprod from registry: 10.1.0.5:13209 and fully qualified image name: 10.1.0.5:13209/appsvc/node:20-lts_20260115.4.tuxprod
2026-03-22T02:31:03.3518262Z Starting container: aea6dea2eb04_card-social-api.
2026-03-22T02:31:03.4550559Z Starting watchers and probes.
2026-03-22T02:31:03.4725852Z Starting metrics collection.
2026-03-22T02:31:03.4734083Z Container is running.
2026-03-22T02:31:03.4742174Z State: Starting, Action: CreatingContainer, LastError: ContainerTimeout, LastErrorTimestamp: 03/22/2026 02:28:48, LastErrorDetails: Container did not start within expected time limit of 230s. Please inspect your container logs for more details., Details: Container card-social-api successfully created and is running., DetailsLevel: INFO
2026-03-22T02:31:03.8584993Z Container start method finished after 1843 ms.
2026-03-22T02:31:03.8598572Z State: Starting, Action: InitiatingSiteWarmUpProbe, LastError: ContainerTimeout, LastErrorTimestamp: 03/22/2026 02:28:48, LastErrorDetails: Container did not start within expected time limit of 230s. Please inspect your container logs for more details., Details: Container card-social-api successfully created and is running., DetailsLevel: INFO
2026-03-22T02:31:03.8599462Z State: Starting, Action: WaitingForSiteWarmUpProbeSuccess, LastError: ContainerTimeout, LastErrorTimestamp: 03/22/2026 02:28:48, LastErrorDetails: Container did not start within expected time limit of 230s. Please inspect your container logs for more details., Details: Pinging warmup path to ensure container is ready to receive requests., DetailsLevel: INFO
2026-03-22T02:31:33.8788690Z Container has finished running with exit code: 1.
2026-03-22T02:31:33.8790409Z Container is terminating. Grace period: 5 seconds.
2026-03-22T02:31:33.8980934Z Stop and delete container. Retry count = 0
2026-03-22T02:31:33.8982257Z Stopping container: aea6dea2eb04_card-social-api.
2026-03-22T02:31:34.0055771Z Deleting container: aea6dea2eb04_card-social-api. Retry count = 0
2026-03-22T02:31:34.2833760Z Container spec TerminationMessagePolicy  path 
2026-03-22T02:31:34.2903280Z Container is terminated. Total time elapsed: 404 ms.
2026-03-22T02:31:34.2906942Z Site container: card-social-api terminated during site startup.
2026-03-22T02:31:34.2910468Z State: Stopping, Action: CancellingStartup, LastError: ContainerTimeout, LastErrorTimestamp: 03/22/2026 02:28:48, LastErrorDetails: Container did not start within expected time limit of 230s. Please inspect your container logs for more details., Details: Site container: card-social-api terminated during site startup. Cancelling site startup., DetailsLevel: ERR
2026-03-22T02:31:34.2930720Z Site startup probe failed after 30.4326741 seconds.
2026-03-22T02:31:34.4386247Z State: Stopping, Action: CancellingStartup, LastError: ContainerTimeout, LastErrorTimestamp: 03/22/2026 02:31:34, LastErrorDetails: Container did not start within expected time limit of 230s. Please inspect your container logs for more details., Details: Site container: card-social-api terminated during site startup. Cancelling site startup., DetailsLevel: ERR
2026-03-22T02:31:34.4676138Z Failed to start site. Revert by stopping site.
2026-03-22T02:31:34.4680186Z State: Stopping, Action: StoppingSite, LastError: ContainerTimeout, LastErrorTimestamp: 03/22/2026 02:31:34, LastErrorDetails: Container did not start within expected time limit of 230s. Please inspect your container logs for more details., Details: Site container: card-social-api terminated during site startup. Cancelling site startup., DetailsLevel: ERR
2026-03-22T02:31:34.4762367Z State: Stopping, Action: StoppingSiteContainers, LastError: ContainerTimeout, LastErrorTimestamp: 03/22/2026 02:31:34, LastErrorDetails: Container did not start within expected time limit of 230s. Please inspect your container logs for more details., Details: Site container: card-social-api terminated during site startup. Cancelling site startup., DetailsLevel: ERR
2026-03-22T02:31:34.4762590Z Site: card-social-api stopped.
2026-03-22T02:31:34.4978826Z State: Stopping, Action: UnmountingVolumes, LastError: ContainerTimeout, LastErrorTimestamp: 03/22/2026 02:31:34, LastErrorDetails: Container did not start within expected time limit of 230s. Please inspect your container logs for more details., Details: Site container: card-social-api terminated during site startup. Cancelling site startup., DetailsLevel: ERR
2026-03-22T02:31:34.9098200Z State: Stopping, Action: StoppingSiteNetworks, LastError: ContainerTimeout, LastErrorTimestamp: 03/22/2026 02:31:34, LastErrorDetails: Container did not start within expected time limit of 230s. Please inspect your container logs for more details., Details: Site container: card-social-api terminated during site startup. Cancelling site startup., DetailsLevel: ERR
2026-03-22T02:31:35.4284490Z State: Stopped, Action: None, LastError: ContainerTimeout, LastErrorTimestamp: 03/22/2026 02:31:34, LastErrorDetails: Container did not start within expected time limit of 230s. Please inspect your container logs for more details., Details: Site stopped at 03/22/2026 02:31:35 (UTC), DetailsLevel: ERR
2026-03-22T02:31:35.5867505Z State: Stopped, Action: None, LastError: ContainerTimeout, LastErrorTimestamp: 03/22/2026 02:31:34, LastErrorDetails: Container did not start within expected time limit of 230s. Please inspect your container logs for more details., Details: Site stopped at 03/22/2026 02:31:35 (UTC), DetailsLevel: ERR
2026-03-22T02:32:08.8956292Z State: Starting, Action: EstablishingSiteNetworks, LastError: ContainerTimeout, LastErrorTimestamp: 03/22/2026 02:31:34, LastErrorDetails: Container did not start within expected time limit of 230s. Please inspect your container logs for more details., Details: Site stopped at 03/22/2026 02:31:35 (UTC), DetailsLevel: ERR
2026-03-22T02:32:12.5540117Z State: Starting, Action: StartingSiteContainers, LastError: ContainerTimeout, LastErrorTimestamp: 03/22/2026 02:31:34, LastErrorDetails: Container did not start within expected time limit of 230s. Please inspect your container logs for more details., Details: Site stopped at 03/22/2026 02:31:35 (UTC), DetailsLevel: ERR
2026-03-22T02:32:12.5541679Z Container start method called.
2026-03-22T02:32:12.5542159Z State: Starting, Action: PullingImage, LastError: ContainerTimeout, LastErrorTimestamp: 03/22/2026 02:31:34, LastErrorDetails: Container did not start within expected time limit of 230s. Please inspect your container logs for more details., Details: Pulling image 10.1.0.5:13209/appsvc/node:20-lts_20260115.4.tuxprod for card-social-api., DetailsLevel: INFO
2026-03-22T02:32:12.5543272Z Establishing network.
2026-03-22T02:32:12.5544603Z Pulling image: appsvc/node:20-lts_20260115.4.tuxprod.
2026-03-22T02:32:13.0575429Z Container is starting.
2026-03-22T02:32:13.0576283Z State: Starting, Action: MountingVolumes, LastError: ContainerTimeout, LastErrorTimestamp: 03/22/2026 02:31:34, LastErrorDetails: Container did not start within expected time limit of 230s. Please inspect your container logs for more details., Details: Mounting volumes for card-social-api., DetailsLevel: INFO
2026-03-22T02:32:13.0577678Z Establishing user namespace if not established already.
2026-03-22T02:32:13.0579732Z Establishing network if not established already.
2026-03-22T02:32:13.0584072Z Mounting volumes.
2026-03-22T02:32:13.0601140Z Nested mountpoint 
2026-03-22T02:32:13.1156363Z Nested mountpoint volatile/logs
2026-03-22T02:32:13.1355861Z Nested mountpoint 
2026-03-22T02:32:13.1628914Z Nested mountpoint 
2026-03-22T02:32:13.3773170Z Nested mountpoint 
2026-03-22T02:32:14.2048133Z State: Starting, Action: CreatingContainer, LastError: ContainerTimeout, LastErrorTimestamp: 03/22/2026 02:31:34, LastErrorDetails: Container did not start within expected time limit of 230s. Please inspect your container logs for more details., Details: Finished pulling container image and mounting volumes for card-social-api. Allocatinng the rest of the container resources to finish container creation., DetailsLevel: INFO
2026-03-22T02:32:14.2132999Z Creating container.
2026-03-22T02:32:14.2137483Z Creating pipes for streaming container io.
2026-03-22T02:32:14.2149898Z Creating stdout named pipe at /podr/container/pipe/f8abd2746b37_card-social-api/stdout_082a6a8c9ecd47e38390c9014b17866e.
2026-03-22T02:32:14.2153139Z Successfully created stdout named pipe at: /podr/container/pipe/f8abd2746b37_card-social-api/stdout_082a6a8c9ecd47e38390c9014b17866e.
2026-03-22T02:32:14.2155708Z Opening named pipe /podr/container/pipe/f8abd2746b37_card-social-api/stdout_082a6a8c9ecd47e38390c9014b17866e for reading in non-blocking mode.
2026-03-22T02:32:14.2352094Z Successfully opened named pipe: /podr/container/pipe/f8abd2746b37_card-social-api/stdout_082a6a8c9ecd47e38390c9014b17866e.
2026-03-22T02:32:14.2355291Z Successfully removed non-blocking flag from /podr/container/pipe/f8abd2746b37_card-social-api/stdout_082a6a8c9ecd47e38390c9014b17866e.
2026-03-22T02:32:14.2425198Z Creating stderr named pipe at /podr/container/pipe/f8abd2746b37_card-social-api/stderr_c156bf650e704c6ba1d19ed340ae1e3e.
2026-03-22T02:32:14.2442591Z Successfully created stderr named pipe at: /podr/container/pipe/f8abd2746b37_card-social-api/stderr_c156bf650e704c6ba1d19ed340ae1e3e.
2026-03-22T02:32:14.2443917Z Opening named pipe /podr/container/pipe/f8abd2746b37_card-social-api/stderr_c156bf650e704c6ba1d19ed340ae1e3e for reading in non-blocking mode.
2026-03-22T02:32:14.2445310Z Successfully opened named pipe: /podr/container/pipe/f8abd2746b37_card-social-api/stderr_c156bf650e704c6ba1d19ed340ae1e3e.
2026-03-22T02:32:14.2446462Z Successfully removed non-blocking flag from /podr/container/pipe/f8abd2746b37_card-social-api/stderr_c156bf650e704c6ba1d19ed340ae1e3e.
2026-03-22T02:32:14.2816762Z Creating container with image: appsvc/node:20-lts_20260115.4.tuxprod from registry: 10.1.0.5:13209 and fully qualified image name: 10.1.0.5:13209/appsvc/node:20-lts_20260115.4.tuxprod
2026-03-22T02:32:15.3466394Z Starting container: f8abd2746b37_card-social-api.
2026-03-22T02:32:15.4612241Z Starting watchers and probes.
2026-03-22T02:32:15.4703700Z Starting metrics collection.
2026-03-22T02:32:15.4709976Z Container is running.
2026-03-22T02:32:15.4896551Z State: Starting, Action: CreatingContainer, LastError: ContainerTimeout, LastErrorTimestamp: 03/22/2026 02:31:34, LastErrorDetails: Container did not start within expected time limit of 230s. Please inspect your container logs for more details., Details: Container card-social-api successfully created and is running., DetailsLevel: INFO
2026-03-22T02:32:15.7114309Z Container start method finished after 3156 ms.
2026-03-22T02:32:15.7119455Z State: Starting, Action: InitiatingSiteWarmUpProbe, LastError: ContainerTimeout, LastErrorTimestamp: 03/22/2026 02:31:34, LastErrorDetails: Container did not start within expected time limit of 230s. Please inspect your container logs for more details., Details: Container card-social-api successfully created and is running., DetailsLevel: INFO
2026-03-22T02:32:15.7327150Z State: Starting, Action: WaitingForSiteWarmUpProbeSuccess, LastError: ContainerTimeout, LastErrorTimestamp: 03/22/2026 02:31:34, LastErrorDetails: Container did not start within expected time limit of 230s. Please inspect your container logs for more details., Details: Pinging warmup path to ensure container is ready to receive requests., DetailsLevel: INFO
2026-03-22T02:32:52.2733269Z Container has finished running with exit code: 1.
2026-03-22T02:32:52.2735923Z Container is terminating. Grace period: 5 seconds.
2026-03-22T02:32:52.2934929Z Stop and delete container. Retry count = 0
2026-03-22T02:32:52.2936567Z Stopping container: f8abd2746b37_card-social-api.
2026-03-22T02:32:52.3822931Z Deleting container: f8abd2746b37_card-social-api. Retry count = 0
2026-03-22T02:32:52.6152069Z Container spec TerminationMessagePolicy  path 
2026-03-22T02:32:52.6157332Z Container is terminated. Total time elapsed: 339 ms.
2026-03-22T02:32:52.6161189Z Site container: card-social-api terminated during site startup.
2026-03-22T02:32:52.6162341Z State: Stopping, Action: CancellingStartup, LastError: ContainerTimeout, LastErrorTimestamp: 03/22/2026 02:31:34, LastErrorDetails: Container did not start within expected time limit of 230s. Please inspect your container logs for more details., Details: Site container: card-social-api terminated during site startup. Cancelling site startup., DetailsLevel: ERR
2026-03-22T02:32:52.6171766Z Site startup probe failed after 36.8753486 seconds.
2026-03-22T02:32:52.8322091Z State: Stopping, Action: CancellingStartup, LastError: ContainerTimeout, LastErrorTimestamp: 03/22/2026 02:32:52, LastErrorDetails: Container did not start within expected time limit of 230s. Please inspect your container logs for more details., Details: Site container: card-social-api terminated during site startup. Cancelling site startup., DetailsLevel: ERR
2026-03-22T02:32:52.8515049Z Failed to start site. Revert by stopping site.
2026-03-22T02:32:52.8517884Z State: Stopping, Action: StoppingSite, LastError: ContainerTimeout, LastErrorTimestamp: 03/22/2026 02:32:52, LastErrorDetails: Container did not start within expected time limit of 230s. Please inspect your container logs for more details., Details: Site container: card-social-api terminated during site startup. Cancelling site startup., DetailsLevel: ERR
2026-03-22T02:32:52.8527590Z State: Stopping, Action: StoppingSiteContainers, LastError: ContainerTimeout, LastErrorTimestamp: 03/22/2026 02:32:52, LastErrorDetails: Container did not start within expected time limit of 230s. Please inspect your container logs for more details., Details: Site container: card-social-api terminated during site startup. Cancelling site startup., DetailsLevel: ERR
2026-03-22T02:32:52.8527816Z Site: card-social-api stopped.
2026-03-22T02:35:20.8352201Z State: Starting, Action: EstablishingSiteNetworks, LastError: ContainerTimeout, LastErrorTimestamp: 03/22/2026 02:32:52, LastErrorDetails: Container did not start within expected time limit of 230s. Please inspect your container logs for more details., Details: Site stopped at 03/22/2026 02:32:53 (UTC), DetailsLevel: WARN
2026-03-22T02:35:25.6645882Z State: Starting, Action: StartingSiteContainers, LastError: ContainerTimeout, LastErrorTimestamp: 03/22/2026 02:32:52, LastErrorDetails: Container did not start within expected time limit of 230s. Please inspect your container logs for more details., Details: Site stopped at 03/22/2026 02:32:53 (UTC), DetailsLevel: WARN
2026-03-22T02:35:25.6931566Z Container start method called.
2026-03-22T02:35:25.6936983Z State: Starting, Action: PullingImage, LastError: ContainerTimeout, LastErrorTimestamp: 03/22/2026 02:32:52, LastErrorDetails: Container did not start within expected time limit of 230s. Please inspect your container logs for more details., Details: Pulling image 10.1.0.5:13209/appsvc/node:20-lts_20260115.4.tuxprod for card-social-api., DetailsLevel: INFO
2026-03-22T02:35:25.6946430Z Establishing network.
2026-03-22T02:35:25.7209626Z Pulling image: appsvc/node:20-lts_20260115.4.tuxprod.
2026-03-22T02:35:26.6272595Z Container is starting.
2026-03-22T02:35:26.6442141Z State: Starting, Action: MountingVolumes, LastError: ContainerTimeout, LastErrorTimestamp: 03/22/2026 02:32:52, LastErrorDetails: Container did not start within expected time limit of 230s. Please inspect your container logs for more details., Details: Mounting volumes for card-social-api., DetailsLevel: INFO
2026-03-22T02:35:26.6444240Z Establishing user namespace if not established already.
2026-03-22T02:35:26.6445470Z Establishing network if not established already.
2026-03-22T02:35:26.6446746Z Mounting volumes.
2026-03-22T02:35:26.6556667Z Nested mountpoint 
2026-03-22T02:35:26.7517331Z Nested mountpoint volatile/logs
2026-03-22T02:35:26.7643245Z Nested mountpoint 
2026-03-22T02:35:26.8487021Z Nested mountpoint 
2026-03-22T02:35:27.0186023Z Nested mountpoint 
2026-03-22T02:35:27.4968213Z State: Starting, Action: CreatingContainer, LastError: ContainerTimeout, LastErrorTimestamp: 03/22/2026 02:32:52, LastErrorDetails: Container did not start within expected time limit of 230s. Please inspect your container logs for more details., Details: Finished pulling container image and mounting volumes for card-social-api. Allocatinng the rest of the container resources to finish container creation., DetailsLevel: INFO
2026-03-22T02:35:27.4982573Z Creating container.
2026-03-22T02:35:27.4986062Z Creating pipes for streaming container io.
2026-03-22T02:35:27.5271831Z Creating stdout named pipe at /podr/container/pipe/0842c8bd5a2c_card-social-api/stdout_4c9edb179b904ac9bd84704b6eda8a79.
2026-03-22T02:35:27.5355999Z Successfully created stdout named pipe at: /podr/container/pipe/0842c8bd5a2c_card-social-api/stdout_4c9edb179b904ac9bd84704b6eda8a79.
2026-03-22T02:35:27.5358741Z Opening named pipe /podr/container/pipe/0842c8bd5a2c_card-social-api/stdout_4c9edb179b904ac9bd84704b6eda8a79 for reading in non-blocking mode.
2026-03-22T02:35:27.5368461Z Successfully opened named pipe: /podr/container/pipe/0842c8bd5a2c_card-social-api/stdout_4c9edb179b904ac9bd84704b6eda8a79.
2026-03-22T02:35:27.5370276Z Successfully removed non-blocking flag from /podr/container/pipe/0842c8bd5a2c_card-social-api/stdout_4c9edb179b904ac9bd84704b6eda8a79.
2026-03-22T02:35:27.5449408Z Creating stderr named pipe at /podr/container/pipe/0842c8bd5a2c_card-social-api/stderr_2cdeb22b263e424990695533e8eef0d5.
2026-03-22T02:35:27.5451815Z Successfully created stderr named pipe at: /podr/container/pipe/0842c8bd5a2c_card-social-api/stderr_2cdeb22b263e424990695533e8eef0d5.
2026-03-22T02:35:27.5453366Z Opening named pipe /podr/container/pipe/0842c8bd5a2c_card-social-api/stderr_2cdeb22b263e424990695533e8eef0d5 for reading in non-blocking mode.
2026-03-22T02:35:27.5456610Z Successfully opened named pipe: /podr/container/pipe/0842c8bd5a2c_card-social-api/stderr_2cdeb22b263e424990695533e8eef0d5.
2026-03-22T02:35:27.5458426Z Successfully removed non-blocking flag from /podr/container/pipe/0842c8bd5a2c_card-social-api/stderr_2cdeb22b263e424990695533e8eef0d5.
2026-03-22T02:35:27.5645093Z Creating container with image: appsvc/node:20-lts_20260115.4.tuxprod from registry: 10.1.0.5:13209 and fully qualified image name: 10.1.0.5:13209/appsvc/node:20-lts_20260115.4.tuxprod
2026-03-22T02:35:29.5910159Z Starting container: 0842c8bd5a2c_card-social-api.
2026-03-22T02:35:29.8108808Z Starting watchers and probes.
2026-03-22T02:35:29.8127903Z Starting metrics collection.
2026-03-22T02:35:29.8130653Z Container is running.
2026-03-22T02:35:29.8311576Z State: Starting, Action: CreatingContainer, LastError: ContainerTimeout, LastErrorTimestamp: 03/22/2026 02:32:52, LastErrorDetails: Container did not start within expected time limit of 230s. Please inspect your container logs for more details., Details: Container card-social-api successfully created and is running., DetailsLevel: INFO
2026-03-22T02:35:30.1206388Z Container start method finished after 4427 ms.
2026-03-22T02:35:30.1297610Z State: Starting, Action: InitiatingSiteWarmUpProbe, LastError: ContainerTimeout, LastErrorTimestamp: 03/22/2026 02:32:52, LastErrorDetails: Container did not start within expected time limit of 230s. Please inspect your container logs for more details., Details: Container card-social-api successfully created and is running., DetailsLevel: INFO
2026-03-22T02:35:30.1299698Z State: Starting, Action: WaitingForSiteWarmUpProbeSuccess, LastError: ContainerTimeout, LastErrorTimestamp: 03/22/2026 02:32:52, LastErrorDetails: Container did not start within expected time limit of 230s. Please inspect your container logs for more details., Details: Pinging warmup path to ensure container is ready to receive requests., DetailsLevel: INFO
2026-03-22T02:36:04.8078889Z Container has finished running with exit code: 1.
2026-03-22T02:36:04.8086537Z Container is terminating. Grace period: 5 seconds.
2026-03-22T02:36:04.8172358Z Stop and delete container. Retry count = 0
2026-03-22T02:36:04.8180442Z Stopping container: 0842c8bd5a2c_card-social-api.
2026-03-22T02:36:05.1992944Z Deleting container: 0842c8bd5a2c_card-social-api. Retry count = 0
2026-03-22T02:36:05.8932951Z Container spec TerminationMessagePolicy  path 
2026-03-22T02:36:05.8938290Z Container is terminated. Total time elapsed: 1084 ms.
2026-03-22T02:36:05.8940890Z Site container: card-social-api terminated during site startup.
2026-03-22T02:36:05.8946500Z State: Stopping, Action: CancellingStartup, LastError: ContainerTimeout, LastErrorTimestamp: 03/22/2026 02:32:52, LastErrorDetails: Container did not start within expected time limit of 230s. Please inspect your container logs for more details., Details: Site container: card-social-api terminated during site startup. Cancelling site startup., DetailsLevel: ERR
2026-03-22T02:36:05.9244291Z Site startup probe failed after 35.7912726 seconds.
2026-03-22T02:36:06.3057977Z State: Stopping, Action: CancellingStartup, LastError: ContainerTimeout, LastErrorTimestamp: 03/22/2026 02:36:06, LastErrorDetails: Container did not start within expected time limit of 230s. Please inspect your container logs for more details., Details: Site container: card-social-api terminated during site startup. Cancelling site startup., DetailsLevel: ERR
2026-03-22T02:36:06.3683975Z Failed to start site. Revert by stopping site.
2026-03-22T02:36:06.3687840Z State: Stopping, Action: StoppingSite, LastError: ContainerTimeout, LastErrorTimestamp: 03/22/2026 02:36:06, LastErrorDetails: Container did not start within expected time limit of 230s. Please inspect your container logs for more details., Details: Site container: card-social-api terminated during site startup. Cancelling site startup., DetailsLevel: ERR
2026-03-22T02:36:06.3704811Z State: Stopping, Action: StoppingSiteContainers, LastError: ContainerTimeout, LastErrorTimestamp: 03/22/2026 02:36:06, LastErrorDetails: Container did not start within expected time limit of 230s. Please inspect your container logs for more details., Details: Site container: card-social-api terminated during site startup. Cancelling site startup., DetailsLevel: ERR
2026-03-22T02:36:06.3708532Z Site: card-social-api stopped.
2026-03-22T02:39:59.1654152Z State: Starting, Action: EstablishingSiteNetworks, LastError: ContainerTimeout, LastErrorTimestamp: 03/22/2026 02:36:06, LastErrorDetails: Container did not start within expected time limit of 230s. Please inspect your container logs for more details., Details: Site stopped at 03/22/2026 02:36:07 (UTC), DetailsLevel: ERR
2026-03-22T02:40:04.7705616Z State: Starting, Action: StartingSiteContainers, LastError: ContainerTimeout, LastErrorTimestamp: 03/22/2026 02:36:06, LastErrorDetails: Container did not start within expected time limit of 230s. Please inspect your container logs for more details., Details: Site stopped at 03/22/2026 02:36:07 (UTC), DetailsLevel: ERR
2026-03-22T02:40:04.7708540Z Container start method called.
2026-03-22T02:40:04.7709595Z State: Starting, Action: PullingImage, LastError: ContainerTimeout, LastErrorTimestamp: 03/22/2026 02:36:06, LastErrorDetails: Container did not start within expected time limit of 230s. Please inspect your container logs for more details., Details: Pulling image 10.1.0.5:13209/appsvc/node:20-lts_20260115.4.tuxprod for card-social-api., DetailsLevel: INFO
2026-03-22T02:40:05.0350013Z Establishing network.
2026-03-22T02:40:05.0353170Z Pulling image: appsvc/node:20-lts_20260115.4.tuxprod.
2026-03-22T02:40:06.2297500Z Container is starting.
2026-03-22T02:40:06.2298476Z State: Starting, Action: MountingVolumes, LastError: ContainerTimeout, LastErrorTimestamp: 03/22/2026 02:36:06, LastErrorDetails: Container did not start within expected time limit of 230s. Please inspect your container logs for more details., Details: Mounting volumes for card-social-api., DetailsLevel: INFO
2026-03-22T02:40:06.2299735Z Establishing user namespace if not established already.
2026-03-22T02:40:06.2399978Z Establishing network if not established already.
2026-03-22T02:40:06.2404774Z Mounting volumes.
2026-03-22T02:40:06.2406635Z Nested mountpoint 
2026-03-22T02:40:06.3310517Z Nested mountpoint volatile/logs
2026-03-22T02:40:06.4247380Z Nested mountpoint 
2026-03-22T02:40:06.4329052Z Nested mountpoint 
2026-03-22T02:40:06.6478438Z Nested mountpoint 
2026-03-22T02:40:07.5693649Z State: Starting, Action: CreatingContainer, LastError: ContainerTimeout, LastErrorTimestamp: 03/22/2026 02:36:06, LastErrorDetails: Container did not start within expected time limit of 230s. Please inspect your container logs for more details., Details: Finished pulling container image and mounting volumes for card-social-api. Allocatinng the rest of the container resources to finish container creation., DetailsLevel: INFO
2026-03-22T02:40:07.5695476Z Creating container.
2026-03-22T02:40:07.5696656Z Creating pipes for streaming container io.
2026-03-22T02:40:07.5697880Z Creating stdout named pipe at /podr/container/pipe/86705a725b4f_card-social-api/stdout_1631c22749af4f57b596965f6c6cdd62.
2026-03-22T02:40:07.6300441Z Successfully created stdout named pipe at: /podr/container/pipe/86705a725b4f_card-social-api/stdout_1631c22749af4f57b596965f6c6cdd62.
2026-03-22T02:40:07.6303306Z Opening named pipe /podr/container/pipe/86705a725b4f_card-social-api/stdout_1631c22749af4f57b596965f6c6cdd62 for reading in non-blocking mode.
2026-03-22T02:40:07.6307936Z Successfully opened named pipe: /podr/container/pipe/86705a725b4f_card-social-api/stdout_1631c22749af4f57b596965f6c6cdd62.
2026-03-22T02:40:07.6309421Z Successfully removed non-blocking flag from /podr/container/pipe/86705a725b4f_card-social-api/stdout_1631c22749af4f57b596965f6c6cdd62.
2026-03-22T02:40:07.6573878Z Creating stderr named pipe at /podr/container/pipe/86705a725b4f_card-social-api/stderr_59717b2cfcb5400aa632ece71b99a41f.
2026-03-22T02:40:07.6593801Z Successfully created stderr named pipe at: /podr/container/pipe/86705a725b4f_card-social-api/stderr_59717b2cfcb5400aa632ece71b99a41f.
2026-03-22T02:40:07.6595672Z Opening named pipe /podr/container/pipe/86705a725b4f_card-social-api/stderr_59717b2cfcb5400aa632ece71b99a41f for reading in non-blocking mode.
2026-03-22T02:40:07.6599011Z Successfully opened named pipe: /podr/container/pipe/86705a725b4f_card-social-api/stderr_59717b2cfcb5400aa632ece71b99a41f.
2026-03-22T02:40:07.6603038Z Successfully removed non-blocking flag from /podr/container/pipe/86705a725b4f_card-social-api/stderr_59717b2cfcb5400aa632ece71b99a41f.
2026-03-22T02:40:07.6606185Z Creating container with image: appsvc/node:20-lts_20260115.4.tuxprod from registry: 10.1.0.5:13209 and fully qualified image name: 10.1.0.5:13209/appsvc/node:20-lts_20260115.4.tuxprod
2026-03-22T02:40:09.5528856Z Starting container: 86705a725b4f_card-social-api.
2026-03-22T02:40:09.7771726Z Starting watchers and probes.
2026-03-22T02:40:09.7776199Z Starting metrics collection.
2026-03-22T02:40:09.8057603Z Container is running.
2026-03-22T02:40:09.8058758Z State: Starting, Action: CreatingContainer, LastError: ContainerTimeout, LastErrorTimestamp: 03/22/2026 02:36:06, LastErrorDetails: Container did not start within expected time limit of 230s. Please inspect your container logs for more details., Details: Container card-social-api successfully created and is running., DetailsLevel: INFO
2026-03-22T02:40:10.0086522Z Container start method finished after 5237 ms.
2026-03-22T02:40:10.0165417Z State: Starting, Action: InitiatingSiteWarmUpProbe, LastError: ContainerTimeout, LastErrorTimestamp: 03/22/2026 02:36:06, LastErrorDetails: Container did not start within expected time limit of 230s. Please inspect your container logs for more details., Details: Container card-social-api successfully created and is running., DetailsLevel: INFO
2026-03-22T02:40:10.0166379Z State: Starting, Action: WaitingForSiteWarmUpProbeSuccess, LastError: ContainerTimeout, LastErrorTimestamp: 03/22/2026 02:36:06, LastErrorDetails: Container did not start within expected time limit of 230s. Please inspect your container logs for more details., Details: Pinging warmup path to ensure container is ready to receive requests., DetailsLevel: INFO
2026-03-22T02:41:01.0886000Z Site startup probe succeeded after 51.0660859 seconds.
2026-03-22T02:41:01.3054800Z State: Starting, Action: WarmUpProbeSucceeded, LastError: ContainerTimeout, LastErrorTimestamp: 03/22/2026 02:36:06, LastErrorDetails: Container did not start within expected time limit of 230s. Please inspect your container logs for more details., Details: Site startup probe succeeded after 51.0660859 seconds., DetailsLevel: INFO
2026-03-22T02:41:01.3569034Z State: Starting, Action: StartingAuthContainer, LastError: ContainerTimeout, LastErrorTimestamp: 03/22/2026 02:36:06, LastErrorDetails: Container did not start within expected time limit of 230s. Please inspect your container logs for more details., Details: Site startup probe succeeded after 51.0660859 seconds., DetailsLevel: INFO
2026-03-22T02:41:08.2585411Z Site is running with deployment version: 2fc48c71-5912-4fcb-8753-3cc4369779a4
2026-03-22T02:41:08.2593872Z Site started.
2026-03-22T02:41:08.2595256Z State: Started, Action: None, LastError: ContainerTimeout, LastErrorTimestamp: 03/22/2026 02:36:06, LastErrorDetails: Container did not start within expected time limit of 230s. Please inspect your container logs for more details., Details: Site started at 03/22/2026 02:41:08 (UTC), DetailsLevel: INFO
2026-03-22T02:41:08.3079404Z Site is running with patch version NODE 20.20.0
2026-03-22T02:41:09.3379760Z State: Starting, Action: EstablishingSiteNetworks, LastError: , LastErrorTimestamp: 01/01/0001 00:00:00, LastErrorDetails: , Details: , DetailsLevel: INFO
2026-03-22T02:41:13.8823515Z State: Starting, Action: StartingSiteContainers, LastError: , LastErrorTimestamp: 01/01/0001 00:00:00, LastErrorDetails: , Details: , DetailsLevel: INFO
2026-03-22T02:41:13.8826593Z Container start method called.
2026-03-22T02:41:13.8827129Z State: Starting, Action: PullingImage, LastError: , LastErrorTimestamp: 01/01/0001 00:00:00, LastErrorDetails: , Details: Pulling image 10.1.0.5:13209/appsvc/node:20-lts_20260115.4.tuxprod for card-social-api., DetailsLevel: INFO
2026-03-22T02:41:13.8828433Z Establishing network.
2026-03-22T02:41:13.8829707Z Pulling image: appsvc/node:20-lts_20260115.4.tuxprod.
2026-03-22T02:41:14.2650020Z Container is starting.
2026-03-22T02:41:14.2650892Z State: Starting, Action: MountingVolumes, LastError: , LastErrorTimestamp: 01/01/0001 00:00:00, LastErrorDetails: , Details: Mounting volumes for card-social-api., DetailsLevel: INFO
2026-03-22T02:41:14.2912456Z Establishing user namespace if not established already.
2026-03-22T02:41:14.2915042Z Establishing network if not established already.
2026-03-22T02:41:14.2916836Z Mounting volumes.
2026-03-22T02:41:14.2918495Z Nested mountpoint 
2026-03-22T02:41:14.3232971Z Nested mountpoint volatile/logs
2026-03-22T02:41:14.3698804Z Nested mountpoint 
2026-03-22T02:41:14.3705928Z Nested mountpoint 
2026-03-22T02:41:14.4090211Z Nested mountpoint 
2026-03-22T02:41:15.0593910Z State: Starting, Action: CreatingContainer, LastError: , LastErrorTimestamp: 01/01/0001 00:00:00, LastErrorDetails: , Details: Finished pulling container image and mounting volumes for card-social-api. Allocatinng the rest of the container resources to finish container creation., DetailsLevel: INFO
2026-03-22T02:41:15.0631082Z Creating container.
2026-03-22T02:41:15.0703937Z Creating pipes for streaming container io.
2026-03-22T02:41:15.0722569Z Creating stdout named pipe at /podr/container/pipe/0511eb5d32a0_card-social-api/stdout_42e55dd33db14f0aad847618592b0fec.
2026-03-22T02:41:15.0977537Z Successfully created stdout named pipe at: /podr/container/pipe/0511eb5d32a0_card-social-api/stdout_42e55dd33db14f0aad847618592b0fec.
2026-03-22T02:41:15.1006030Z Opening named pipe /podr/container/pipe/0511eb5d32a0_card-social-api/stdout_42e55dd33db14f0aad847618592b0fec for reading in non-blocking mode.
2026-03-22T02:41:15.1011763Z Successfully opened named pipe: /podr/container/pipe/0511eb5d32a0_card-social-api/stdout_42e55dd33db14f0aad847618592b0fec.
2026-03-22T02:41:15.1181216Z Successfully removed non-blocking flag from /podr/container/pipe/0511eb5d32a0_card-social-api/stdout_42e55dd33db14f0aad847618592b0fec.
2026-03-22T02:41:15.1196063Z Creating stderr named pipe at /podr/container/pipe/0511eb5d32a0_card-social-api/stderr_b3bf690445e54095b4712467b07dbcee.
2026-03-22T02:41:15.1205850Z Successfully created stderr named pipe at: /podr/container/pipe/0511eb5d32a0_card-social-api/stderr_b3bf690445e54095b4712467b07dbcee.
2026-03-22T02:41:15.1298787Z Opening named pipe /podr/container/pipe/0511eb5d32a0_card-social-api/stderr_b3bf690445e54095b4712467b07dbcee for reading in non-blocking mode.
2026-03-22T02:41:15.1305234Z Successfully opened named pipe: /podr/container/pipe/0511eb5d32a0_card-social-api/stderr_b3bf690445e54095b4712467b07dbcee.
2026-03-22T02:41:15.1307166Z Successfully removed non-blocking flag from /podr/container/pipe/0511eb5d32a0_card-social-api/stderr_b3bf690445e54095b4712467b07dbcee.
2026-03-22T02:41:15.1392610Z Creating container with image: appsvc/node:20-lts_20260115.4.tuxprod from registry: 10.1.0.5:13209 and fully qualified image name: 10.1.0.5:13209/appsvc/node:20-lts_20260115.4.tuxprod
2026-03-22T02:41:15.8114399Z Starting container: 0511eb5d32a0_card-social-api.
2026-03-22T02:41:15.9376804Z Starting watchers and probes.
2026-03-22T02:41:15.9450733Z Starting metrics collection.
2026-03-22T02:41:15.9453424Z Container is running.
2026-03-22T02:41:15.9460849Z State: Starting, Action: CreatingContainer, LastError: , LastErrorTimestamp: 01/01/0001 00:00:00, LastErrorDetails: , Details: Container card-social-api successfully created and is running., DetailsLevel: INFO
2026-03-22T02:41:16.3159697Z Container start method finished after 2433 ms.
2026-03-22T02:41:16.3221517Z State: Starting, Action: InitiatingSiteWarmUpProbe, LastError: , LastErrorTimestamp: 01/01/0001 00:00:00, LastErrorDetails: , Details: Container card-social-api successfully created and is running., DetailsLevel: INFO
2026-03-22T02:41:16.3222025Z State: Starting, Action: WaitingForSiteWarmUpProbeSuccess, LastError: , LastErrorTimestamp: 01/01/0001 00:00:00, LastErrorDetails: , Details: Pinging warmup path to ensure container is ready to receive requests., DetailsLevel: INFO
2026-03-22T02:42:11.5383997Z Site startup probe succeeded after 55.2050088 seconds.
2026-03-22T02:42:12.3260194Z State: Starting, Action: WarmUpProbeSucceeded, LastError: , LastErrorTimestamp: 01/01/0001 00:00:00, LastErrorDetails: , Details: Site startup probe succeeded after 55.2050088 seconds., DetailsLevel: INFO
2026-03-22T02:42:12.3631763Z State: Starting, Action: StartingAuthContainer, LastError: , LastErrorTimestamp: 01/01/0001 00:00:00, LastErrorDetails: , Details: Site startup probe succeeded after 55.2050088 seconds., DetailsLevel: INFO
2026-03-22T02:42:23.3273597Z Site is running with deployment version: 2fc48c71-5912-4fcb-8753-3cc4369779a4
2026-03-22T02:42:23.5805073Z Site started.
2026-03-22T02:42:23.5833197Z State: Started, Action: None, LastError: , LastErrorTimestamp: 01/01/0001 00:00:00, LastErrorDetails: , Details: Site started at 03/22/2026 02:42:23 (UTC), DetailsLevel: INFO
2026-03-22T02:42:23.6307570Z Site is running with patch version NODE 20.20.0
2026-03-22T02:42:43.9488838Z State: Stopping, Action: StoppingSite, LastError: ContainerTimeout, LastErrorTimestamp: 03/22/2026 02:36:06, LastErrorDetails: Container did not start within expected time limit of 230s. Please inspect your container logs for more details., Details: Site started at 03/22/2026 02:41:08 (UTC), DetailsLevel: INFO
2026-03-22T02:42:43.9615431Z State: Stopping, Action: StoppingSiteContainers, LastError: ContainerTimeout, LastErrorTimestamp: 03/22/2026 02:36:06, LastErrorDetails: Container did not start within expected time limit of 230s. Please inspect your container logs for more details., Details: Site started at 03/22/2026 02:41:08 (UTC), DetailsLevel: INFO
2026-03-22T02:42:43.9715678Z Container is terminating. Grace period: 5 seconds.
2026-03-22T02:42:44.0702793Z Stop and delete container. Retry count = 0
2026-03-22T02:42:44.0791971Z Stopping container: 86705a725b4f_card-social-api.
2026-03-22T02:42:49.1499286Z Deleting container: 86705a725b4f_card-social-api. Retry count = 0
2026-03-22T02:42:50.3140198Z Container spec TerminationMessagePolicy  path 
2026-03-22T02:42:50.3159693Z Container is terminated. Total time elapsed: 6343 ms.
2026-03-22T02:42:50.3239785Z Site: card-social-api stopped.
2026-03-22T02:58:15.0131094Z State: Starting, Action: EstablishingSiteNetworks, LastError: , LastErrorTimestamp: 01/01/0001 00:00:00, LastErrorDetails: , Details: , DetailsLevel: INFO
2026-03-22T02:58:18.2774392Z State: Starting, Action: StartingSiteContainers, LastError: , LastErrorTimestamp: 01/01/0001 00:00:00, LastErrorDetails: , Details: , DetailsLevel: INFO
2026-03-22T02:58:18.2777173Z Container start method called.
2026-03-22T02:58:18.2886923Z State: Starting, Action: PullingImage, LastError: , LastErrorTimestamp: 01/01/0001 00:00:00, LastErrorDetails: , Details: Pulling image 10.1.0.5:13209/appsvc/node:20-lts_20260115.4.tuxprod for card-social-api., DetailsLevel: INFO
2026-03-22T02:58:18.2901056Z Establishing network.
2026-03-22T02:58:18.3402747Z Pulling image: appsvc/node:20-lts_20260115.4.tuxprod.
2026-03-22T02:58:18.6677882Z Container is starting.
2026-03-22T02:58:18.6678835Z State: Starting, Action: MountingVolumes, LastError: , LastErrorTimestamp: 01/01/0001 00:00:00, LastErrorDetails: , Details: Mounting volumes for card-social-api., DetailsLevel: INFO
2026-03-22T02:58:18.6843678Z Establishing user namespace if not established already.
2026-03-22T02:58:18.6846101Z Establishing network if not established already.
2026-03-22T02:58:18.6862316Z Mounting volumes.
2026-03-22T02:58:18.6954725Z Nested mountpoint 
2026-03-22T02:58:18.7780394Z Nested mountpoint volatile/logs
2026-03-22T02:58:18.8123044Z Nested mountpoint 
2026-03-22T02:58:18.8611934Z Nested mountpoint 
2026-03-22T02:58:18.8624161Z Nested mountpoint 
2026-03-22T02:58:19.2866249Z State: Starting, Action: CreatingContainer, LastError: , LastErrorTimestamp: 01/01/0001 00:00:00, LastErrorDetails: , Details: Finished pulling container image and mounting volumes for card-social-api. Allocatinng the rest of the container resources to finish container creation., DetailsLevel: INFO
2026-03-22T02:58:19.2886064Z Creating container.
2026-03-22T02:58:19.3149563Z Creating pipes for streaming container io.
2026-03-22T02:58:19.3162391Z Creating stdout named pipe at /podr/container/pipe/b940efff9da7_card-social-api/stdout_feb65bd8ea7343c7b97cdea47fc64863.
2026-03-22T02:58:19.3340962Z Successfully created stdout named pipe at: /podr/container/pipe/b940efff9da7_card-social-api/stdout_feb65bd8ea7343c7b97cdea47fc64863.
2026-03-22T02:58:19.3349446Z Opening named pipe /podr/container/pipe/b940efff9da7_card-social-api/stdout_feb65bd8ea7343c7b97cdea47fc64863 for reading in non-blocking mode.
2026-03-22T02:58:19.3355714Z Successfully opened named pipe: /podr/container/pipe/b940efff9da7_card-social-api/stdout_feb65bd8ea7343c7b97cdea47fc64863.
2026-03-22T02:58:19.3362214Z Successfully removed non-blocking flag from /podr/container/pipe/b940efff9da7_card-social-api/stdout_feb65bd8ea7343c7b97cdea47fc64863.
2026-03-22T02:58:19.3740694Z Creating stderr named pipe at /podr/container/pipe/b940efff9da7_card-social-api/stderr_15339b261bc44174bc3adf1490feaa18.
2026-03-22T02:58:19.3743258Z Successfully created stderr named pipe at: /podr/container/pipe/b940efff9da7_card-social-api/stderr_15339b261bc44174bc3adf1490feaa18.
2026-03-22T02:58:19.3745198Z Opening named pipe /podr/container/pipe/b940efff9da7_card-social-api/stderr_15339b261bc44174bc3adf1490feaa18 for reading in non-blocking mode.
2026-03-22T02:58:19.3746836Z Successfully opened named pipe: /podr/container/pipe/b940efff9da7_card-social-api/stderr_15339b261bc44174bc3adf1490feaa18.
2026-03-22T02:58:19.3748120Z Successfully removed non-blocking flag from /podr/container/pipe/b940efff9da7_card-social-api/stderr_15339b261bc44174bc3adf1490feaa18.
2026-03-22T02:58:19.4104242Z Creating container with image: appsvc/node:20-lts_20260115.4.tuxprod from registry: 10.1.0.5:13209 and fully qualified image name: 10.1.0.5:13209/appsvc/node:20-lts_20260115.4.tuxprod
2026-03-22T02:58:20.2918754Z Starting container: b940efff9da7_card-social-api.
2026-03-22T02:58:20.3979073Z Starting watchers and probes.
2026-03-22T02:58:20.4086824Z Starting metrics collection.
2026-03-22T02:58:20.4159228Z Container is running.
2026-03-22T02:58:20.4161707Z State: Starting, Action: CreatingContainer, LastError: , LastErrorTimestamp: 01/01/0001 00:00:00, LastErrorDetails: , Details: Container card-social-api successfully created and is running., DetailsLevel: INFO
2026-03-22T02:58:20.7279578Z Container start method finished after 2450 ms.
2026-03-22T02:58:20.8082418Z State: Starting, Action: InitiatingSiteWarmUpProbe, LastError: , LastErrorTimestamp: 01/01/0001 00:00:00, LastErrorDetails: , Details: Container card-social-api successfully created and is running., DetailsLevel: INFO
2026-03-22T02:58:20.8082995Z State: Starting, Action: WaitingForSiteWarmUpProbeSuccess, LastError: , LastErrorTimestamp: 01/01/0001 00:00:00, LastErrorDetails: , Details: Pinging warmup path to ensure container is ready to receive requests., DetailsLevel: INFO
2026-03-22T02:59:03.9548806Z Site startup probe succeeded after 43.0685743 seconds.
2026-03-22T02:59:04.1599702Z State: Starting, Action: WarmUpProbeSucceeded, LastError: , LastErrorTimestamp: 01/01/0001 00:00:00, LastErrorDetails: , Details: Site startup probe succeeded after 43.0685743 seconds., DetailsLevel: INFO
2026-03-22T02:59:04.2175605Z State: Starting, Action: StartingAuthContainer, LastError: , LastErrorTimestamp: 01/01/0001 00:00:00, LastErrorDetails: , Details: Site startup probe succeeded after 43.0685743 seconds., DetailsLevel: INFO
2026-03-22T02:59:12.4262410Z Site is running with deployment version: 362b220b-ac0b-4238-a361-5306e67a7154
2026-03-22T02:59:12.4339915Z Site started.
2026-03-22T02:59:12.4341757Z State: Started, Action: None, LastError: , LastErrorTimestamp: 01/01/0001 00:00:00, LastErrorDetails: , Details: Site started at 03/22/2026 02:59:12 (UTC), DetailsLevel: INFO
2026-03-22T02:59:12.4470005Z Site is running with patch version NODE 20.20.0
2026-03-22T02:59:32.6779033Z State: Stopping, Action: StoppingSite, LastError: ContainerTimeout, LastErrorTimestamp: 03/22/2026 02:36:06, LastErrorDetails: Container did not start within expected time limit of 230s. Please inspect your container logs for more details., Details: Site started at 03/22/2026 02:42:23 (UTC), DetailsLevel: INFO
2026-03-22T02:59:32.6813271Z State: Stopping, Action: StoppingSiteContainers, LastError: ContainerTimeout, LastErrorTimestamp: 03/22/2026 02:36:06, LastErrorDetails: Container did not start within expected time limit of 230s. Please inspect your container logs for more details., Details: Site started at 03/22/2026 02:42:23 (UTC), DetailsLevel: INFO
2026-03-22T02:59:32.6878531Z Container is terminating. Grace period: 5 seconds.
2026-03-22T02:59:32.7619179Z Stop and delete container. Retry count = 0
2026-03-22T02:59:32.7655792Z Stopping container: 0511eb5d32a0_card-social-api.
2026-03-22T02:59:38.0087002Z Deleting container: 0511eb5d32a0_card-social-api. Retry count = 0
2026-03-22T02:59:39.1069099Z Container spec TerminationMessagePolicy  path 
2026-03-22T02:59:39.1090877Z Container is terminated. Total time elapsed: 6420 ms.
2026-03-22T02:59:39.1179787Z Site: card-social-api stopped.
2026-03-22T08:40:38.1762878Z State: Starting, Action: EstablishingSiteNetworks, LastError: , LastErrorTimestamp: 01/01/0001 00:00:00, LastErrorDetails: , Details: , DetailsLevel: INFO
2026-03-22T08:40:44.9721184Z State: Starting, Action: StartingSiteContainers, LastError: , LastErrorTimestamp: 01/01/0001 00:00:00, LastErrorDetails: , Details: , DetailsLevel: INFO
2026-03-22T08:40:44.9725672Z Container start method called.
2026-03-22T08:40:44.9726425Z State: Starting, Action: PullingImage, LastError: , LastErrorTimestamp: 01/01/0001 00:00:00, LastErrorDetails: , Details: Pulling image 10.1.0.5:13209/appsvc/node:20-lts_20260115.4.tuxprod for card-social-api., DetailsLevel: INFO
2026-03-22T08:40:44.9727856Z Establishing network.
2026-03-22T08:40:44.9729375Z Pulling image: appsvc/node:20-lts_20260115.4.tuxprod.
2026-03-22T08:40:46.1196246Z Container is starting.
2026-03-22T08:40:46.1215970Z State: Starting, Action: MountingVolumes, LastError: , LastErrorTimestamp: 01/01/0001 00:00:00, LastErrorDetails: , Details: Mounting volumes for card-social-api., DetailsLevel: INFO
2026-03-22T08:40:46.1401116Z Establishing user namespace if not established already.
2026-03-22T08:40:46.1408266Z Establishing network if not established already.
2026-03-22T08:40:46.1420291Z Mounting volumes.
2026-03-22T08:40:46.1484316Z Nested mountpoint 
2026-03-22T08:40:46.1610358Z Nested mountpoint volatile/logs
2026-03-22T08:40:46.2271190Z Nested mountpoint 
2026-03-22T08:40:46.2659383Z Nested mountpoint 
2026-03-22T08:40:46.4491224Z Nested mountpoint 
2026-03-22T08:40:47.4693985Z State: Starting, Action: CreatingContainer, LastError: , LastErrorTimestamp: 01/01/0001 00:00:00, LastErrorDetails: , Details: Finished pulling container image and mounting volumes for card-social-api. Allocatinng the rest of the container resources to finish container creation., DetailsLevel: INFO
2026-03-22T08:40:47.4695522Z Creating container.
2026-03-22T08:40:47.4696599Z Creating pipes for streaming container io.
2026-03-22T08:40:47.4697629Z Creating stdout named pipe at /podr/container/pipe/9964814ed820_card-social-api/stdout_574fdad285b44ad7937ea9dfb0c4813d.
2026-03-22T08:40:47.4699932Z Successfully created stdout named pipe at: /podr/container/pipe/9964814ed820_card-social-api/stdout_574fdad285b44ad7937ea9dfb0c4813d.
2026-03-22T08:40:47.4700909Z Opening named pipe /podr/container/pipe/9964814ed820_card-social-api/stdout_574fdad285b44ad7937ea9dfb0c4813d for reading in non-blocking mode.
2026-03-22T08:40:47.4702077Z Successfully opened named pipe: /podr/container/pipe/9964814ed820_card-social-api/stdout_574fdad285b44ad7937ea9dfb0c4813d.
2026-03-22T08:40:47.4703101Z Successfully removed non-blocking flag from /podr/container/pipe/9964814ed820_card-social-api/stdout_574fdad285b44ad7937ea9dfb0c4813d.
2026-03-22T08:40:47.4891120Z Creating stderr named pipe at /podr/container/pipe/9964814ed820_card-social-api/stderr_16bec0e87ef8493db5ef4d4dfead6d64.
2026-03-22T08:40:47.4893181Z Successfully created stderr named pipe at: /podr/container/pipe/9964814ed820_card-social-api/stderr_16bec0e87ef8493db5ef4d4dfead6d64.
2026-03-22T08:40:47.4894267Z Opening named pipe /podr/container/pipe/9964814ed820_card-social-api/stderr_16bec0e87ef8493db5ef4d4dfead6d64 for reading in non-blocking mode.
2026-03-22T08:40:47.4895536Z Successfully opened named pipe: /podr/container/pipe/9964814ed820_card-social-api/stderr_16bec0e87ef8493db5ef4d4dfead6d64.
2026-03-22T08:40:47.4898461Z Successfully removed non-blocking flag from /podr/container/pipe/9964814ed820_card-social-api/stderr_16bec0e87ef8493db5ef4d4dfead6d64.
2026-03-22T08:40:47.5091478Z Creating container with image: appsvc/node:20-lts_20260115.4.tuxprod from registry: 10.1.0.5:13209 and fully qualified image name: 10.1.0.5:13209/appsvc/node:20-lts_20260115.4.tuxprod
2026-03-22T08:40:49.7409990Z Starting container: 9964814ed820_card-social-api.
2026-03-22T08:40:50.2874768Z Starting watchers and probes.
2026-03-22T08:40:50.3725442Z Starting metrics collection.
2026-03-22T08:40:50.3729270Z Container is running.
2026-03-22T08:40:50.3747665Z State: Starting, Action: CreatingContainer, LastError: , LastErrorTimestamp: 01/01/0001 00:00:00, LastErrorDetails: , Details: Container card-social-api successfully created and is running., DetailsLevel: INFO
2026-03-22T08:40:52.9539873Z Container start method finished after 7973 ms.
2026-03-22T08:40:52.9568082Z State: Starting, Action: InitiatingSiteWarmUpProbe, LastError: , LastErrorTimestamp: 01/01/0001 00:00:00, LastErrorDetails: , Details: Container card-social-api successfully created and is running., DetailsLevel: INFO
2026-03-22T08:40:53.0532891Z State: Starting, Action: WaitingForSiteWarmUpProbeSuccess, LastError: , LastErrorTimestamp: 01/01/0001 00:00:00, LastErrorDetails: , Details: Pinging warmup path to ensure container is ready to receive requests., DetailsLevel: INFO
2026-03-22T08:41:47.6044745Z Container has finished running with exit code: 1.
2026-03-22T08:41:47.6060804Z Container is terminating. Grace period: 5 seconds.
2026-03-22T08:41:47.6236351Z Stop and delete container. Retry count = 0
2026-03-22T08:41:47.6241044Z Stopping container: 9964814ed820_card-social-api.
2026-03-22T08:41:47.7030157Z Deleting container: 9964814ed820_card-social-api. Retry count = 0
2026-03-22T08:41:48.0054824Z Container spec TerminationMessagePolicy  path 
2026-03-22T08:41:48.0063171Z Container is terminated. Total time elapsed: 399 ms.
2026-03-22T08:41:48.0068660Z Site container: card-social-api terminated during site startup.
2026-03-22T08:41:48.0073194Z State: Stopping, Action: CancellingStartup, LastError: , LastErrorTimestamp: 01/01/0001 00:00:00, LastErrorDetails: , Details: Site container: card-social-api terminated during site startup. Cancelling site startup., DetailsLevel: ERR
2026-03-22T08:41:48.0545813Z Site startup probe failed after 55.0002972 seconds.
2026-03-22T08:41:48.3764183Z State: Stopping, Action: CancellingStartup, LastError: ContainerTimeout, LastErrorTimestamp: 03/22/2026 08:41:48, LastErrorDetails: Container did not start within expected time limit of 230s. Please inspect your container logs for more details., Details: Site container: card-social-api terminated during site startup. Cancelling site startup., DetailsLevel: ERR
2026-03-22T08:41:48.3897347Z Failed to start site. Revert by stopping site.
2026-03-22T08:41:48.4151459Z State: Stopping, Action: StoppingSite, LastError: ContainerTimeout, LastErrorTimestamp: 03/22/2026 08:41:48, LastErrorDetails: Container did not start within expected time limit of 230s. Please inspect your container logs for more details., Details: Site container: card-social-api terminated during site startup. Cancelling site startup., DetailsLevel: ERR
2026-03-22T08:41:48.4170186Z State: Stopping, Action: StoppingSiteContainers, LastError: ContainerTimeout, LastErrorTimestamp: 03/22/2026 08:41:48, LastErrorDetails: Container did not start within expected time limit of 230s. Please inspect your container logs for more details., Details: Site container: card-social-api terminated during site startup. Cancelling site startup., DetailsLevel: ERR
2026-03-22T08:41:48.4170378Z Site: card-social-api stopped.
2026-03-22T08:41:48.4282103Z State: Stopping, Action: UnmountingVolumes, LastError: ContainerTimeout, LastErrorTimestamp: 03/22/2026 08:41:48, LastErrorDetails: Container did not start within expected time limit of 230s. Please inspect your container logs for more details., Details: Site container: card-social-api terminated during site startup. Cancelling site startup., DetailsLevel: ERR
2026-03-22T08:41:49.0583034Z State: Stopping, Action: StoppingSiteNetworks, LastError: ContainerTimeout, LastErrorTimestamp: 03/22/2026 08:41:48, LastErrorDetails: Container did not start within expected time limit of 230s. Please inspect your container logs for more details., Details: Site container: card-social-api terminated during site startup. Cancelling site startup., DetailsLevel: ERR
2026-03-22T08:41:49.6413077Z State: Stopped, Action: None, LastError: ContainerTimeout, LastErrorTimestamp: 03/22/2026 08:41:48, LastErrorDetails: Container did not start within expected time limit of 230s. Please inspect your container logs for more details., Details: Site stopped at 03/22/2026 08:41:49 (UTC), DetailsLevel: ERR
2026-03-22T08:41:49.6445358Z State: Stopped, Action: None, LastError: ContainerTimeout, LastErrorTimestamp: 03/22/2026 08:41:48, LastErrorDetails: Container did not start within expected time limit of 230s. Please inspect your container logs for more details., Details: Site stopped at 03/22/2026 08:41:49 (UTC), DetailsLevel: ERR
2026-03-22T10:58:00.6946977Z State: Starting, Action: EstablishingSiteNetworks, LastError: ContainerTimeout, LastErrorTimestamp: 03/22/2026 08:41:48, LastErrorDetails: Container did not start within expected time limit of 230s. Please inspect your container logs for more details., Details: Site stopped at 03/22/2026 08:41:49 (UTC), DetailsLevel: ERR
2026-03-22T10:58:04.7265640Z State: Starting, Action: StartingSiteContainers, LastError: ContainerTimeout, LastErrorTimestamp: 03/22/2026 08:41:48, LastErrorDetails: Container did not start within expected time limit of 230s. Please inspect your container logs for more details., Details: Site stopped at 03/22/2026 08:41:49 (UTC), DetailsLevel: ERR
2026-03-22T10:58:04.7438096Z Container start method called.
2026-03-22T10:58:04.7451609Z State: Starting, Action: PullingImage, LastError: ContainerTimeout, LastErrorTimestamp: 03/22/2026 08:41:48, LastErrorDetails: Container did not start within expected time limit of 230s. Please inspect your container logs for more details., Details: Pulling image 10.1.0.5:13209/appsvc/node:20-lts_20260115.4.tuxprod for card-social-api., DetailsLevel: INFO
2026-03-22T10:58:04.7477717Z Establishing network.
2026-03-22T10:58:04.7845746Z Pulling image: appsvc/node:20-lts_20260115.4.tuxprod.
2026-03-22T10:58:05.3888327Z Container is starting.
2026-03-22T10:58:05.3890000Z State: Starting, Action: MountingVolumes, LastError: ContainerTimeout, LastErrorTimestamp: 03/22/2026 08:41:48, LastErrorDetails: Container did not start within expected time limit of 230s. Please inspect your container logs for more details., Details: Mounting volumes for card-social-api., DetailsLevel: INFO
2026-03-22T10:58:05.3891839Z Establishing user namespace if not established already.
2026-03-22T10:58:05.3893691Z Establishing network if not established already.
2026-03-22T10:58:05.3895536Z Mounting volumes.
2026-03-22T10:58:05.4371595Z Nested mountpoint 
2026-03-22T10:58:05.6530064Z Nested mountpoint volatile/logs
2026-03-22T10:58:05.7300568Z Nested mountpoint 
2026-03-22T10:58:05.8098128Z Nested mountpoint 
2026-03-22T10:58:05.8657603Z Nested mountpoint 
2026-03-22T10:58:06.5702212Z State: Starting, Action: CreatingContainer, LastError: ContainerTimeout, LastErrorTimestamp: 03/22/2026 08:41:48, LastErrorDetails: Container did not start within expected time limit of 230s. Please inspect your container logs for more details., Details: Finished pulling container image and mounting volumes for card-social-api. Allocatinng the rest of the container resources to finish container creation., DetailsLevel: INFO
2026-03-22T10:58:06.5721650Z Creating container.
2026-03-22T10:58:06.5728629Z Creating pipes for streaming container io.
2026-03-22T10:58:06.5730908Z Creating stdout named pipe at /podr/container/pipe/b964a691edf4_card-social-api/stdout_4e2a392f62aa4632945098bed8d3df11.
2026-03-22T10:58:06.5826036Z Successfully created stdout named pipe at: /podr/container/pipe/b964a691edf4_card-social-api/stdout_4e2a392f62aa4632945098bed8d3df11.
2026-03-22T10:58:06.5913925Z Opening named pipe /podr/container/pipe/b964a691edf4_card-social-api/stdout_4e2a392f62aa4632945098bed8d3df11 for reading in non-blocking mode.
2026-03-22T10:58:06.5996310Z Successfully opened named pipe: /podr/container/pipe/b964a691edf4_card-social-api/stdout_4e2a392f62aa4632945098bed8d3df11.
2026-03-22T10:58:06.6009028Z Successfully removed non-blocking flag from /podr/container/pipe/b964a691edf4_card-social-api/stdout_4e2a392f62aa4632945098bed8d3df11.
2026-03-22T10:58:06.6400820Z Creating stderr named pipe at /podr/container/pipe/b964a691edf4_card-social-api/stderr_b12b2618b86440469c246bc6597f0298.
2026-03-22T10:58:06.6406398Z Successfully created stderr named pipe at: /podr/container/pipe/b964a691edf4_card-social-api/stderr_b12b2618b86440469c246bc6597f0298.
2026-03-22T10:58:06.6407594Z Opening named pipe /podr/container/pipe/b964a691edf4_card-social-api/stderr_b12b2618b86440469c246bc6597f0298 for reading in non-blocking mode.
2026-03-22T10:58:06.6409114Z Successfully opened named pipe: /podr/container/pipe/b964a691edf4_card-social-api/stderr_b12b2618b86440469c246bc6597f0298.
2026-03-22T10:58:06.6410172Z Successfully removed non-blocking flag from /podr/container/pipe/b964a691edf4_card-social-api/stderr_b12b2618b86440469c246bc6597f0298.
2026-03-22T10:58:06.6699496Z Creating container with image: appsvc/node:20-lts_20260115.4.tuxprod from registry: 10.1.0.5:13209 and fully qualified image name: 10.1.0.5:13209/appsvc/node:20-lts_20260115.4.tuxprod
2026-03-22T10:58:07.6315001Z Starting container: b964a691edf4_card-social-api.
2026-03-22T10:58:07.7464785Z Starting watchers and probes.
2026-03-22T10:58:07.7630678Z Starting metrics collection.
2026-03-22T10:58:07.7678590Z Container is running.
2026-03-22T10:58:07.7687766Z State: Starting, Action: CreatingContainer, LastError: ContainerTimeout, LastErrorTimestamp: 03/22/2026 08:41:48, LastErrorDetails: Container did not start within expected time limit of 230s. Please inspect your container logs for more details., Details: Container card-social-api successfully created and is running., DetailsLevel: INFO
2026-03-22T10:58:08.1891537Z Container start method finished after 3438 ms.
2026-03-22T10:58:08.1914299Z State: Starting, Action: InitiatingSiteWarmUpProbe, LastError: ContainerTimeout, LastErrorTimestamp: 03/22/2026 08:41:48, LastErrorDetails: Container did not start within expected time limit of 230s. Please inspect your container logs for more details., Details: Container card-social-api successfully created and is running., DetailsLevel: INFO
2026-03-22T10:58:08.1991544Z State: Starting, Action: WaitingForSiteWarmUpProbeSuccess, LastError: ContainerTimeout, LastErrorTimestamp: 03/22/2026 08:41:48, LastErrorDetails: Container did not start within expected time limit of 230s. Please inspect your container logs for more details., Details: Pinging warmup path to ensure container is ready to receive requests., DetailsLevel: INFO
2026-03-22T10:58:39.8906449Z Container has finished running with exit code: 1.
2026-03-22T10:58:39.8919561Z Container is terminating. Grace period: 5 seconds.
2026-03-22T10:58:39.9115670Z Stop and delete container. Retry count = 0
2026-03-22T10:58:39.9118730Z Stopping container: b964a691edf4_card-social-api.
2026-03-22T10:58:40.0368728Z Deleting container: b964a691edf4_card-social-api. Retry count = 0
2026-03-22T10:58:40.3964358Z Container spec TerminationMessagePolicy  path 
2026-03-22T10:58:40.4126842Z Container is terminated. Total time elapsed: 514 ms.
2026-03-22T10:58:40.4135453Z Site container: card-social-api terminated during site startup.
2026-03-22T10:58:40.4227390Z State: Stopping, Action: CancellingStartup, LastError: ContainerTimeout, LastErrorTimestamp: 03/22/2026 08:41:48, LastErrorDetails: Container did not start within expected time limit of 230s. Please inspect your container logs for more details., Details: Site container: card-social-api terminated during site startup. Cancelling site startup., DetailsLevel: ERR
2026-03-22T10:58:40.5255871Z Site startup probe failed after 32.2687286 seconds.
2026-03-22T10:58:40.8322557Z State: Stopping, Action: CancellingStartup, LastError: ContainerTimeout, LastErrorTimestamp: 03/22/2026 10:58:40, LastErrorDetails: Container did not start within expected time limit of 230s. Please inspect your container logs for more details., Details: Site container: card-social-api terminated during site startup. Cancelling site startup., DetailsLevel: ERR
2026-03-22T10:58:40.8801306Z Failed to start site. Revert by stopping site.
2026-03-22T10:58:40.9065187Z State: Stopping, Action: StoppingSite, LastError: ContainerTimeout, LastErrorTimestamp: 03/22/2026 10:58:40, LastErrorDetails: Container did not start within expected time limit of 230s. Please inspect your container logs for more details., Details: Site container: card-social-api terminated during site startup. Cancelling site startup., DetailsLevel: ERR
2026-03-22T10:58:40.9182261Z State: Stopping, Action: StoppingSiteContainers, LastError: ContainerTimeout, LastErrorTimestamp: 03/22/2026 10:58:40, LastErrorDetails: Container did not start within expected time limit of 230s. Please inspect your container logs for more details., Details: Site container: card-social-api terminated during site startup. Cancelling site startup., DetailsLevel: ERR
2026-03-22T10:58:40.9197280Z Site: card-social-api stopped.
2026-03-22T10:58:40.9372595Z State: Stopping, Action: UnmountingVolumes, LastError: ContainerTimeout, LastErrorTimestamp: 03/22/2026 10:58:40, LastErrorDetails: Container did not start within expected time limit of 230s. Please inspect your container logs for more details., Details: Site container: card-social-api terminated during site startup. Cancelling site startup., DetailsLevel: ERR
2026-03-22T10:58:41.4398277Z State: Stopping, Action: StoppingSiteNetworks, LastError: ContainerTimeout, LastErrorTimestamp: 03/22/2026 10:58:40, LastErrorDetails: Container did not start within expected time limit of 230s. Please inspect your container logs for more details., Details: Site container: card-social-api terminated during site startup. Cancelling site startup., DetailsLevel: ERR
2026-03-22T10:58:41.8090231Z Site: card-social-api will be blocked for 1 minutes till 03/22/2026 10:59:41
2026-03-22T10:58:41.8106815Z State: Blocked, Action: StoppingSiteNetworks, LastError: ContainerTimeout, LastErrorTimestamp: 03/22/2026 10:58:40, LastErrorDetails: Container did not start within expected time limit of 230s. Please inspect your container logs for more details., Details: Site: card-social-api will be blocked for 1 minutes till 03/22/2026 10:59:41, DetailsLevel: WARN
2026-03-22T10:58:41.8210321Z State: Stopped, Action: None, LastError: ContainerTimeout, LastErrorTimestamp: 03/22/2026 10:58:40, LastErrorDetails: Container did not start within expected time limit of 230s. Please inspect your container logs for more details., Details: Site stopped at 03/22/2026 10:58:41 (UTC), DetailsLevel: WARN
2026-03-22T10:58:41.9387886Z State: Stopped, Action: None, LastError: ContainerTimeout, LastErrorTimestamp: 03/22/2026 10:58:40, LastErrorDetails: Container did not start within expected time limit of 230s. Please inspect your container logs for more details., Details: Site stopped at 03/22/2026 10:58:41 (UTC), DetailsLevel: WARN
2026-03-22T10:59:41.8084415Z Site: card-social-api is unblocked.
2026-03-22T11:38:20.4369634Z State: Starting, Action: EstablishingSiteNetworks, LastError: ContainerTimeout, LastErrorTimestamp: 03/22/2026 10:58:40, LastErrorDetails: Container did not start within expected time limit of 230s. Please inspect your container logs for more details., Details: Site stopped at 03/22/2026 10:58:41 (UTC), DetailsLevel: WARN
2026-03-22T11:38:23.5650175Z State: Starting, Action: StartingSiteContainers, LastError: ContainerTimeout, LastErrorTimestamp: 03/22/2026 10:58:40, LastErrorDetails: Container did not start within expected time limit of 230s. Please inspect your container logs for more details., Details: Site stopped at 03/22/2026 10:58:41 (UTC), DetailsLevel: WARN
2026-03-22T11:38:23.5659861Z Container start method called.
2026-03-22T11:38:23.5739549Z State: Starting, Action: PullingImage, LastError: ContainerTimeout, LastErrorTimestamp: 03/22/2026 10:58:40, LastErrorDetails: Container did not start within expected time limit of 230s. Please inspect your container logs for more details., Details: Pulling image 10.1.0.5:13209/appsvc/node:20-lts_20260115.4.tuxprod for card-social-api., DetailsLevel: INFO
2026-03-22T11:38:23.5748342Z Establishing network.
2026-03-22T11:38:23.5766297Z Pulling image: appsvc/node:20-lts_20260115.4.tuxprod.
2026-03-22T11:38:24.0970860Z Container is starting.
2026-03-22T11:38:24.1018576Z State: Starting, Action: MountingVolumes, LastError: ContainerTimeout, LastErrorTimestamp: 03/22/2026 10:58:40, LastErrorDetails: Container did not start within expected time limit of 230s. Please inspect your container logs for more details., Details: Mounting volumes for card-social-api., DetailsLevel: INFO
2026-03-22T11:38:24.1020894Z Establishing user namespace if not established already.
2026-03-22T11:38:24.1022468Z Establishing network if not established already.
2026-03-22T11:38:24.1023772Z Mounting volumes.
2026-03-22T11:38:24.1148593Z Nested mountpoint 
2026-03-22T11:38:24.1702536Z Nested mountpoint volatile/logs
2026-03-22T11:38:24.1981040Z Nested mountpoint 
2026-03-22T11:38:24.2838319Z Nested mountpoint 
2026-03-22T11:38:24.3230451Z Nested mountpoint 
2026-03-22T11:38:24.8746244Z State: Starting, Action: CreatingContainer, LastError: ContainerTimeout, LastErrorTimestamp: 03/22/2026 10:58:40, LastErrorDetails: Container did not start within expected time limit of 230s. Please inspect your container logs for more details., Details: Finished pulling container image and mounting volumes for card-social-api. Allocatinng the rest of the container resources to finish container creation., DetailsLevel: INFO
2026-03-22T11:38:24.8756915Z Creating container.
2026-03-22T11:38:24.8763943Z Creating pipes for streaming container io.
2026-03-22T11:38:24.8765616Z Creating stdout named pipe at /podr/container/pipe/4defa97a7d63_card-social-api/stdout_1f3053dcd7614522b8fe58c129f2e50e.
2026-03-22T11:38:24.8773476Z Successfully created stdout named pipe at: /podr/container/pipe/4defa97a7d63_card-social-api/stdout_1f3053dcd7614522b8fe58c129f2e50e.
2026-03-22T11:38:24.8774638Z Opening named pipe /podr/container/pipe/4defa97a7d63_card-social-api/stdout_1f3053dcd7614522b8fe58c129f2e50e for reading in non-blocking mode.
2026-03-22T11:38:24.8858982Z Successfully opened named pipe: /podr/container/pipe/4defa97a7d63_card-social-api/stdout_1f3053dcd7614522b8fe58c129f2e50e.
2026-03-22T11:38:24.8865055Z Successfully removed non-blocking flag from /podr/container/pipe/4defa97a7d63_card-social-api/stdout_1f3053dcd7614522b8fe58c129f2e50e.
2026-03-22T11:38:24.8961242Z Creating stderr named pipe at /podr/container/pipe/4defa97a7d63_card-social-api/stderr_944a8dce3b2d4a7db3b8badd718be624.
2026-03-22T11:38:24.8972536Z Successfully created stderr named pipe at: /podr/container/pipe/4defa97a7d63_card-social-api/stderr_944a8dce3b2d4a7db3b8badd718be624.
2026-03-22T11:38:24.9040520Z Opening named pipe /podr/container/pipe/4defa97a7d63_card-social-api/stderr_944a8dce3b2d4a7db3b8badd718be624 for reading in non-blocking mode.
2026-03-22T11:38:24.9042921Z Successfully opened named pipe: /podr/container/pipe/4defa97a7d63_card-social-api/stderr_944a8dce3b2d4a7db3b8badd718be624.
2026-03-22T11:38:24.9044606Z Successfully removed non-blocking flag from /podr/container/pipe/4defa97a7d63_card-social-api/stderr_944a8dce3b2d4a7db3b8badd718be624.
2026-03-22T11:38:24.9066014Z Creating container with image: appsvc/node:20-lts_20260115.4.tuxprod from registry: 10.1.0.5:13209 and fully qualified image name: 10.1.0.5:13209/appsvc/node:20-lts_20260115.4.tuxprod
2026-03-22T11:38:26.0749483Z Starting container: 4defa97a7d63_card-social-api.
2026-03-22T11:38:26.1944087Z Starting watchers and probes.
2026-03-22T11:38:26.2133153Z Starting metrics collection.
2026-03-22T11:38:26.2250201Z Container is running.
2026-03-22T11:38:26.2252090Z State: Starting, Action: CreatingContainer, LastError: ContainerTimeout, LastErrorTimestamp: 03/22/2026 10:58:40, LastErrorDetails: Container did not start within expected time limit of 230s. Please inspect your container logs for more details., Details: Container card-social-api successfully created and is running., DetailsLevel: INFO
2026-03-22T11:38:26.4412385Z Container start method finished after 2826 ms.
2026-03-22T11:38:26.4418279Z State: Starting, Action: InitiatingSiteWarmUpProbe, LastError: ContainerTimeout, LastErrorTimestamp: 03/22/2026 10:58:40, LastErrorDetails: Container did not start within expected time limit of 230s. Please inspect your container logs for more details., Details: Container card-social-api successfully created and is running., DetailsLevel: INFO
2026-03-22T11:38:26.4580940Z State: Starting, Action: WaitingForSiteWarmUpProbeSuccess, LastError: ContainerTimeout, LastErrorTimestamp: 03/22/2026 10:58:40, LastErrorDetails: Container did not start within expected time limit of 230s. Please inspect your container logs for more details., Details: Pinging warmup path to ensure container is ready to receive requests., DetailsLevel: INFO
2026-03-22T11:38:53.3973415Z Container has finished running with exit code: 1.
2026-03-22T11:38:53.3995329Z Container is terminating. Grace period: 5 seconds.
2026-03-22T11:38:53.4074437Z Stop and delete container. Retry count = 0
2026-03-22T11:38:53.4075817Z Stopping container: 4defa97a7d63_card-social-api.
2026-03-22T11:38:53.5132158Z Deleting container: 4defa97a7d63_card-social-api. Retry count = 0
2026-03-22T11:38:53.9101526Z Container spec TerminationMessagePolicy  path 
2026-03-22T11:38:53.9182274Z Container is terminated. Total time elapsed: 517 ms.
2026-03-22T11:38:53.9197690Z Site container: card-social-api terminated during site startup.
2026-03-22T11:38:53.9202229Z State: Stopping, Action: CancellingStartup, LastError: ContainerTimeout, LastErrorTimestamp: 03/22/2026 10:58:40, LastErrorDetails: Container did not start within expected time limit of 230s. Please inspect your container logs for more details., Details: Site container: card-social-api terminated during site startup. Cancelling site startup., DetailsLevel: ERR
2026-03-22T11:38:54.0564505Z Site startup probe failed after 27.5172989 seconds.
2026-03-22T11:38:54.2964329Z State: Stopping, Action: CancellingStartup, LastError: ContainerTimeout, LastErrorTimestamp: 03/22/2026 11:38:54, LastErrorDetails: Container did not start within expected time limit of 230s. Please inspect your container logs for more details., Details: Site container: card-social-api terminated during site startup. Cancelling site startup., DetailsLevel: ERR
2026-03-22T11:38:54.3574004Z Failed to start site. Revert by stopping site.
2026-03-22T11:38:54.3679649Z State: Stopping, Action: StoppingSite, LastError: ContainerTimeout, LastErrorTimestamp: 03/22/2026 11:38:54, LastErrorDetails: Container did not start within expected time limit of 230s. Please inspect your container logs for more details., Details: Site container: card-social-api terminated during site startup. Cancelling site startup., DetailsLevel: ERR
2026-03-22T11:38:54.3870934Z State: Stopping, Action: StoppingSiteContainers, LastError: ContainerTimeout, LastErrorTimestamp: 03/22/2026 11:38:54, LastErrorDetails: Container did not start within expected time limit of 230s. Please inspect your container logs for more details., Details: Site container: card-social-api terminated during site startup. Cancelling site startup., DetailsLevel: ERR
2026-03-22T11:38:54.3871412Z Site: card-social-api stopped.
2026-03-22T11:38:54.4173038Z State: Stopping, Action: UnmountingVolumes, LastError: ContainerTimeout, LastErrorTimestamp: 03/22/2026 11:38:54, LastErrorDetails: Container did not start within expected time limit of 230s. Please inspect your container logs for more details., Details: Site container: card-social-api terminated during site startup. Cancelling site startup., DetailsLevel: ERR
2026-03-22T11:38:54.8969958Z State: Stopping, Action: StoppingSiteNetworks, LastError: ContainerTimeout, LastErrorTimestamp: 03/22/2026 11:38:54, LastErrorDetails: Container did not start within expected time limit of 230s. Please inspect your container logs for more details., Details: Site container: card-social-api terminated during site startup. Cancelling site startup., DetailsLevel: ERR
2026-03-22T11:38:55.3381757Z Site: card-social-api will be blocked for 1 minutes till 03/22/2026 11:39:55
2026-03-22T11:38:55.3385271Z State: Blocked, Action: StoppingSiteNetworks, LastError: ContainerTimeout, LastErrorTimestamp: 03/22/2026 11:38:54, LastErrorDetails: Container did not start within expected time limit of 230s. Please inspect your container logs for more details., Details: Site: card-social-api will be blocked for 1 minutes till 03/22/2026 11:39:55, DetailsLevel: WARN
2026-03-22T11:38:55.3771572Z State: Stopped, Action: None, LastError: ContainerTimeout, LastErrorTimestamp: 03/22/2026 11:38:54, LastErrorDetails: Container did not start within expected time limit of 230s. Please inspect your container logs for more details., Details: Site stopped at 03/22/2026 11:38:55 (UTC), DetailsLevel: WARN
2026-03-22T11:38:55.5316223Z State: Stopped, Action: None, LastError: ContainerTimeout, LastErrorTimestamp: 03/22/2026 11:38:54, LastErrorDetails: Container did not start within expected time limit of 230s. Please inspect your container logs for more details., Details: Site stopped at 03/22/2026 11:38:55 (UTC), DetailsLevel: WARN
2026-03-22T11:39:55.3378999Z Site: card-social-api is unblocked.
2026-03-22T12:31:58.8216714Z State: Starting, Action: EstablishingSiteNetworks, LastError: ContainerTimeout, LastErrorTimestamp: 03/22/2026 11:38:54, LastErrorDetails: Container did not start within expected time limit of 230s. Please inspect your container logs for more details., Details: Site stopped at 03/22/2026 11:38:55 (UTC), DetailsLevel: WARN
2026-03-22T12:32:02.0366656Z State: Starting, Action: StartingSiteContainers, LastError: ContainerTimeout, LastErrorTimestamp: 03/22/2026 11:38:54, LastErrorDetails: Container did not start within expected time limit of 230s. Please inspect your container logs for more details., Details: Site stopped at 03/22/2026 11:38:55 (UTC), DetailsLevel: WARN
2026-03-22T12:32:02.0381634Z Container start method called.
2026-03-22T12:32:02.0382634Z State: Starting, Action: PullingImage, LastError: ContainerTimeout, LastErrorTimestamp: 03/22/2026 11:38:54, LastErrorDetails: Container did not start within expected time limit of 230s. Please inspect your container logs for more details., Details: Pulling image 10.1.0.5:13209/appsvc/node:20-lts_20260115.4.tuxprod for card-social-api., DetailsLevel: INFO
2026-03-22T12:32:02.0383840Z Establishing network.
2026-03-22T12:32:02.0385196Z Pulling image: appsvc/node:20-lts_20260115.4.tuxprod.
2026-03-22T12:32:02.4533163Z Container is starting.
2026-03-22T12:32:02.4534181Z State: Starting, Action: MountingVolumes, LastError: ContainerTimeout, LastErrorTimestamp: 03/22/2026 11:38:54, LastErrorDetails: Container did not start within expected time limit of 230s. Please inspect your container logs for more details., Details: Mounting volumes for card-social-api., DetailsLevel: INFO
2026-03-22T12:32:02.4535364Z Establishing user namespace if not established already.
2026-03-22T12:32:02.4536398Z Establishing network if not established already.
2026-03-22T12:32:02.4537703Z Mounting volumes.
2026-03-22T12:32:02.4733097Z Nested mountpoint 
2026-03-22T12:32:02.6383940Z Nested mountpoint volatile/logs
2026-03-22T12:32:02.8016069Z Nested mountpoint 
2026-03-22T12:32:02.8050323Z Nested mountpoint 
2026-03-22T12:32:02.9192534Z Nested mountpoint 
2026-03-22T12:32:03.7739897Z State: Starting, Action: CreatingContainer, LastError: ContainerTimeout, LastErrorTimestamp: 03/22/2026 11:38:54, LastErrorDetails: Container did not start within expected time limit of 230s. Please inspect your container logs for more details., Details: Finished pulling container image and mounting volumes for card-social-api. Allocatinng the rest of the container resources to finish container creation., DetailsLevel: INFO
2026-03-22T12:32:03.7744261Z Creating container.
2026-03-22T12:32:03.7812130Z Creating pipes for streaming container io.
2026-03-22T12:32:03.7817441Z Creating stdout named pipe at /podr/container/pipe/2db37ad7d8e7_card-social-api/stdout_a28bd80abd9f499d9284268f065d56aa.
2026-03-22T12:32:03.7838098Z Successfully created stdout named pipe at: /podr/container/pipe/2db37ad7d8e7_card-social-api/stdout_a28bd80abd9f499d9284268f065d56aa.
2026-03-22T12:32:03.7839798Z Opening named pipe /podr/container/pipe/2db37ad7d8e7_card-social-api/stdout_a28bd80abd9f499d9284268f065d56aa for reading in non-blocking mode.
2026-03-22T12:32:03.7911569Z Successfully opened named pipe: /podr/container/pipe/2db37ad7d8e7_card-social-api/stdout_a28bd80abd9f499d9284268f065d56aa.
2026-03-22T12:32:03.7914385Z Successfully removed non-blocking flag from /podr/container/pipe/2db37ad7d8e7_card-social-api/stdout_a28bd80abd9f499d9284268f065d56aa.
2026-03-22T12:32:03.8015228Z Creating stderr named pipe at /podr/container/pipe/2db37ad7d8e7_card-social-api/stderr_5caf9bbe82be42be993eef0144caf49b.
2026-03-22T12:32:03.8035151Z Successfully created stderr named pipe at: /podr/container/pipe/2db37ad7d8e7_card-social-api/stderr_5caf9bbe82be42be993eef0144caf49b.
2026-03-22T12:32:03.8222699Z Opening named pipe /podr/container/pipe/2db37ad7d8e7_card-social-api/stderr_5caf9bbe82be42be993eef0144caf49b for reading in non-blocking mode.
2026-03-22T12:32:03.8701172Z Successfully opened named pipe: /podr/container/pipe/2db37ad7d8e7_card-social-api/stderr_5caf9bbe82be42be993eef0144caf49b.
2026-03-22T12:32:03.8703940Z Successfully removed non-blocking flag from /podr/container/pipe/2db37ad7d8e7_card-social-api/stderr_5caf9bbe82be42be993eef0144caf49b.
2026-03-22T12:32:03.8706655Z Creating container with image: appsvc/node:20-lts_20260115.4.tuxprod from registry: 10.1.0.5:13209 and fully qualified image name: 10.1.0.5:13209/appsvc/node:20-lts_20260115.4.tuxprod
2026-03-22T12:32:05.3436948Z Starting container: 2db37ad7d8e7_card-social-api.
2026-03-22T12:32:05.5990303Z Starting watchers and probes.
2026-03-22T12:32:05.6001885Z Starting metrics collection.
2026-03-22T12:32:05.6004160Z Container is running.
2026-03-22T12:32:05.6084402Z State: Starting, Action: CreatingContainer, LastError: ContainerTimeout, LastErrorTimestamp: 03/22/2026 11:38:54, LastErrorDetails: Container did not start within expected time limit of 230s. Please inspect your container logs for more details., Details: Container card-social-api successfully created and is running., DetailsLevel: INFO
2026-03-22T12:32:05.9423619Z Container start method finished after 3903 ms.
2026-03-22T12:32:05.9426013Z State: Starting, Action: InitiatingSiteWarmUpProbe, LastError: ContainerTimeout, LastErrorTimestamp: 03/22/2026 11:38:54, LastErrorDetails: Container did not start within expected time limit of 230s. Please inspect your container logs for more details., Details: Container card-social-api successfully created and is running., DetailsLevel: INFO
2026-03-22T12:32:05.9440814Z State: Starting, Action: WaitingForSiteWarmUpProbeSuccess, LastError: ContainerTimeout, LastErrorTimestamp: 03/22/2026 11:38:54, LastErrorDetails: Container did not start within expected time limit of 230s. Please inspect your container logs for more details., Details: Pinging warmup path to ensure container is ready to receive requests., DetailsLevel: INFO
2026-03-22T12:32:47.6391821Z Container has finished running with exit code: 1.
2026-03-22T12:32:47.6410380Z Container is terminating. Grace period: 5 seconds.
2026-03-22T12:32:47.6597623Z Stop and delete container. Retry count = 0
2026-03-22T12:32:47.6598825Z Stopping container: 2db37ad7d8e7_card-social-api.
2026-03-22T12:32:47.8926291Z Deleting container: 2db37ad7d8e7_card-social-api. Retry count = 0
2026-03-22T12:32:48.4891645Z Container spec TerminationMessagePolicy  path 
2026-03-22T12:32:48.5082486Z Container is terminated. Total time elapsed: 866 ms.
2026-03-22T12:32:48.5086057Z Site container: card-social-api terminated during site startup.
2026-03-22T12:32:48.5095411Z State: Stopping, Action: CancellingStartup, LastError: ContainerTimeout, LastErrorTimestamp: 03/22/2026 11:38:54, LastErrorDetails: Container did not start within expected time limit of 230s. Please inspect your container logs for more details., Details: Site container: card-social-api terminated during site startup. Cancelling site startup., DetailsLevel: ERR
2026-03-22T12:32:48.6076873Z Site startup probe failed after 42.6143159 seconds.
2026-03-22T12:32:48.8613060Z State: Stopping, Action: CancellingStartup, LastError: ContainerTimeout, LastErrorTimestamp: 03/22/2026 12:32:48, LastErrorDetails: Container did not start within expected time limit of 230s. Please inspect your container logs for more details., Details: Site container: card-social-api terminated during site startup. Cancelling site startup., DetailsLevel: ERR
2026-03-22T12:32:48.8823641Z Failed to start site. Revert by stopping site.
2026-03-22T12:32:48.9023301Z State: Stopping, Action: StoppingSite, LastError: ContainerTimeout, LastErrorTimestamp: 03/22/2026 12:32:48, LastErrorDetails: Container did not start within expected time limit of 230s. Please inspect your container logs for more details., Details: Site container: card-social-api terminated during site startup. Cancelling site startup., DetailsLevel: ERR
2026-03-22T12:32:48.9205755Z State: Stopping, Action: StoppingSiteContainers, LastError: ContainerTimeout, LastErrorTimestamp: 03/22/2026 12:32:48, LastErrorDetails: Container did not start within expected time limit of 230s. Please inspect your container logs for more details., Details: Site container: card-social-api terminated during site startup. Cancelling site startup., DetailsLevel: ERR
2026-03-22T12:32:48.9206080Z Site: card-social-api stopped.
2026-03-22T12:32:48.9383194Z State: Stopping, Action: UnmountingVolumes, LastError: ContainerTimeout, LastErrorTimestamp: 03/22/2026 12:32:48, LastErrorDetails: Container did not start within expected time limit of 230s. Please inspect your container logs for more details., Details: Site container: card-social-api terminated during site startup. Cancelling site startup., DetailsLevel: ERR
2026-03-22T12:32:49.4496362Z State: Stopping, Action: StoppingSiteNetworks, LastError: ContainerTimeout, LastErrorTimestamp: 03/22/2026 12:32:48, LastErrorDetails: Container did not start within expected time limit of 230s. Please inspect your container logs for more details., Details: Site container: card-social-api terminated during site startup. Cancelling site startup., DetailsLevel: ERR
2026-03-22T12:32:49.9604131Z Site: card-social-api will be blocked for 2 minutes till 03/22/2026 12:34:49
2026-03-22T12:32:49.9609457Z State: Blocked, Action: StoppingSiteNetworks, LastError: ContainerTimeout, LastErrorTimestamp: 03/22/2026 12:32:48, LastErrorDetails: Container did not start within expected time limit of 230s. Please inspect your container logs for more details., Details: Site: card-social-api will be blocked for 2 minutes till 03/22/2026 12:34:49, DetailsLevel: WARN
2026-03-22T12:32:49.9976744Z State: Stopped, Action: None, LastError: ContainerTimeout, LastErrorTimestamp: 03/22/2026 12:32:48, LastErrorDetails: Container did not start within expected time limit of 230s. Please inspect your container logs for more details., Details: Site stopped at 03/22/2026 12:32:49 (UTC), DetailsLevel: WARN
2026-03-22T12:32:50.2203864Z State: Stopped, Action: None, LastError: ContainerTimeout, LastErrorTimestamp: 03/22/2026 12:32:48, LastErrorDetails: Container did not start within expected time limit of 230s. Please inspect your container logs for more details., Details: Site stopped at 03/22/2026 12:32:49 (UTC), DetailsLevel: WARN
2026-03-22T12:34:49.9597213Z Site: card-social-api is unblocked.
2026-03-22T13:42:46.2345938Z State: Starting, Action: EstablishingSiteNetworks, LastError: ContainerTimeout, LastErrorTimestamp: 03/22/2026 12:32:48, LastErrorDetails: Container did not start within expected time limit of 230s. Please inspect your container logs for more details., Details: Site stopped at 03/22/2026 12:32:49 (UTC), DetailsLevel: WARN
2026-03-22T13:42:49.3316483Z State: Starting, Action: StartingSiteContainers, LastError: ContainerTimeout, LastErrorTimestamp: 03/22/2026 12:32:48, LastErrorDetails: Container did not start within expected time limit of 230s. Please inspect your container logs for more details., Details: Site stopped at 03/22/2026 12:32:49 (UTC), DetailsLevel: WARN
2026-03-22T13:42:49.3413628Z Container start method called.
2026-03-22T13:42:49.3532072Z State: Starting, Action: PullingImage, LastError: ContainerTimeout, LastErrorTimestamp: 03/22/2026 12:32:48, LastErrorDetails: Container did not start within expected time limit of 230s. Please inspect your container logs for more details., Details: Pulling image 10.1.0.5:13209/appsvc/node:20-lts_20260115.4.tuxprod for card-social-api., DetailsLevel: INFO
2026-03-22T13:42:49.3538167Z Establishing network.
2026-03-22T13:42:49.3619368Z Pulling image: appsvc/node:20-lts_20260115.4.tuxprod.
2026-03-22T13:42:49.8158595Z Container is starting.
2026-03-22T13:42:49.8169621Z State: Starting, Action: MountingVolumes, LastError: ContainerTimeout, LastErrorTimestamp: 03/22/2026 12:32:48, LastErrorDetails: Container did not start within expected time limit of 230s. Please inspect your container logs for more details., Details: Mounting volumes for card-social-api., DetailsLevel: INFO
2026-03-22T13:42:49.8174153Z Establishing user namespace if not established already.
2026-03-22T13:42:49.8242123Z Establishing network if not established already.
2026-03-22T13:42:49.8244145Z Mounting volumes.
2026-03-22T13:42:49.8349183Z Nested mountpoint 
2026-03-22T13:42:49.9050741Z Nested mountpoint volatile/logs
2026-03-22T13:42:49.9587641Z Nested mountpoint 
2026-03-22T13:42:50.0168913Z Nested mountpoint 
2026-03-22T13:42:50.0263823Z Nested mountpoint 
2026-03-22T13:42:50.4929084Z State: Starting, Action: CreatingContainer, LastError: ContainerTimeout, LastErrorTimestamp: 03/22/2026 12:32:48, LastErrorDetails: Container did not start within expected time limit of 230s. Please inspect your container logs for more details., Details: Finished pulling container image and mounting volumes for card-social-api. Allocatinng the rest of the container resources to finish container creation., DetailsLevel: INFO
2026-03-22T13:42:50.5006573Z Creating container.
2026-03-22T13:42:50.5009226Z Creating pipes for streaming container io.
2026-03-22T13:42:50.5016714Z Creating stdout named pipe at /podr/container/pipe/a699c8b602aa_card-social-api/stdout_03e1b63a5ac34f508c79b8202d52fae1.
2026-03-22T13:42:50.5029608Z Successfully created stdout named pipe at: /podr/container/pipe/a699c8b602aa_card-social-api/stdout_03e1b63a5ac34f508c79b8202d52fae1.
2026-03-22T13:42:50.5086817Z Opening named pipe /podr/container/pipe/a699c8b602aa_card-social-api/stdout_03e1b63a5ac34f508c79b8202d52fae1 for reading in non-blocking mode.
2026-03-22T13:42:50.5096664Z Successfully opened named pipe: /podr/container/pipe/a699c8b602aa_card-social-api/stdout_03e1b63a5ac34f508c79b8202d52fae1.
2026-03-22T13:42:50.5110087Z Successfully removed non-blocking flag from /podr/container/pipe/a699c8b602aa_card-social-api/stdout_03e1b63a5ac34f508c79b8202d52fae1.
2026-03-22T13:42:50.5188898Z Creating stderr named pipe at /podr/container/pipe/a699c8b602aa_card-social-api/stderr_f081552083ba482fa7d2b41c16f17f88.
2026-03-22T13:42:50.5199117Z Successfully created stderr named pipe at: /podr/container/pipe/a699c8b602aa_card-social-api/stderr_f081552083ba482fa7d2b41c16f17f88.
2026-03-22T13:42:50.5283277Z Opening named pipe /podr/container/pipe/a699c8b602aa_card-social-api/stderr_f081552083ba482fa7d2b41c16f17f88 for reading in non-blocking mode.
2026-03-22T13:42:50.5381694Z Successfully opened named pipe: /podr/container/pipe/a699c8b602aa_card-social-api/stderr_f081552083ba482fa7d2b41c16f17f88.
2026-03-22T13:42:50.5389982Z Successfully removed non-blocking flag from /podr/container/pipe/a699c8b602aa_card-social-api/stderr_f081552083ba482fa7d2b41c16f17f88.
2026-03-22T13:42:50.5475628Z Creating container with image: appsvc/node:20-lts_20260115.4.tuxprod from registry: 10.1.0.5:13209 and fully qualified image name: 10.1.0.5:13209/appsvc/node:20-lts_20260115.4.tuxprod
2026-03-22T13:42:51.2452356Z Starting container: a699c8b602aa_card-social-api.
2026-03-22T13:42:51.3305842Z Starting watchers and probes.
2026-03-22T13:42:51.3362447Z Starting metrics collection.
2026-03-22T13:42:51.3377113Z Container is running.
2026-03-22T13:42:51.3378107Z State: Starting, Action: CreatingContainer, LastError: ContainerTimeout, LastErrorTimestamp: 03/22/2026 12:32:48, LastErrorDetails: Container did not start within expected time limit of 230s. Please inspect your container logs for more details., Details: Container card-social-api successfully created and is running., DetailsLevel: INFO
2026-03-22T13:42:51.7934441Z Container start method finished after 2451 ms.
2026-03-22T13:42:51.7943773Z State: Starting, Action: InitiatingSiteWarmUpProbe, LastError: ContainerTimeout, LastErrorTimestamp: 03/22/2026 12:32:48, LastErrorDetails: Container did not start within expected time limit of 230s. Please inspect your container logs for more details., Details: Container card-social-api successfully created and is running., DetailsLevel: INFO
2026-03-22T13:42:51.8012056Z State: Starting, Action: WaitingForSiteWarmUpProbeSuccess, LastError: ContainerTimeout, LastErrorTimestamp: 03/22/2026 12:32:48, LastErrorDetails: Container did not start within expected time limit of 230s. Please inspect your container logs for more details., Details: Pinging warmup path to ensure container is ready to receive requests., DetailsLevel: INFO
2026-03-22T13:43:20.3544654Z Container has finished running with exit code: 1.
2026-03-22T13:43:20.3661710Z Container is terminating. Grace period: 5 seconds.
2026-03-22T13:43:20.4027775Z Stop and delete container. Retry count = 0
2026-03-22T13:43:20.4038826Z Stopping container: a699c8b602aa_card-social-api.
2026-03-22T13:43:20.5297979Z Deleting container: a699c8b602aa_card-social-api. Retry count = 0
2026-03-22T13:43:20.8821654Z Container spec TerminationMessagePolicy  path 
2026-03-22T13:43:20.8907348Z Container is terminated. Total time elapsed: 523 ms.
2026-03-22T13:43:20.8915585Z Site container: card-social-api terminated during site startup.
2026-03-22T13:43:20.8989785Z State: Stopping, Action: CancellingStartup, LastError: ContainerTimeout, LastErrorTimestamp: 03/22/2026 12:32:48, LastErrorDetails: Container did not start within expected time limit of 230s. Please inspect your container logs for more details., Details: Site container: card-social-api terminated during site startup. Cancelling site startup., DetailsLevel: ERR
2026-03-22T13:43:20.9754414Z Site startup probe failed after 29.1582536 seconds.
2026-03-22T13:43:21.2033891Z State: Stopping, Action: CancellingStartup, LastError: ContainerTimeout, LastErrorTimestamp: 03/22/2026 13:43:21, LastErrorDetails: Container did not start within expected time limit of 230s. Please inspect your container logs for more details., Details: Site container: card-social-api terminated during site startup. Cancelling site startup., DetailsLevel: ERR
2026-03-22T13:43:21.2445263Z Failed to start site. Revert by stopping site.
2026-03-22T13:43:21.2522945Z State: Stopping, Action: StoppingSite, LastError: ContainerTimeout, LastErrorTimestamp: 03/22/2026 13:43:21, LastErrorDetails: Container did not start within expected time limit of 230s. Please inspect your container logs for more details., Details: Site container: card-social-api terminated during site startup. Cancelling site startup., DetailsLevel: ERR
2026-03-22T13:43:21.2548209Z State: Stopping, Action: StoppingSiteContainers, LastError: ContainerTimeout, LastErrorTimestamp: 03/22/2026 13:43:21, LastErrorDetails: Container did not start within expected time limit of 230s. Please inspect your container logs for more details., Details: Site container: card-social-api terminated during site startup. Cancelling site startup., DetailsLevel: ERR
2026-03-22T13:43:21.2596283Z Site: card-social-api stopped.
2026-03-22T14:10:44.6968823Z State: Starting, Action: EstablishingSiteNetworks, LastError: ContainerTimeout, LastErrorTimestamp: 03/22/2026 13:43:21, LastErrorDetails: Container did not start within expected time limit of 230s. Please inspect your container logs for more details., Details: Site is blocked due to multiple, consecutive cold start failures. Site scheduled to be unblocked at 03/22/2026 13:45:22, DetailsLevel: WARN
2026-03-22T14:10:48.7550928Z State: Starting, Action: StartingSiteContainers, LastError: ContainerTimeout, LastErrorTimestamp: 03/22/2026 13:43:21, LastErrorDetails: Container did not start within expected time limit of 230s. Please inspect your container logs for more details., Details: Site is blocked due to multiple, consecutive cold start failures. Site scheduled to be unblocked at 03/22/2026 13:45:22, DetailsLevel: WARN
2026-03-22T14:10:48.7552664Z Container start method called.
2026-03-22T14:10:48.8077105Z State: Starting, Action: PullingImage, LastError: ContainerTimeout, LastErrorTimestamp: 03/22/2026 13:43:21, LastErrorDetails: Container did not start within expected time limit of 230s. Please inspect your container logs for more details., Details: Pulling image 10.1.0.5:13209/appsvc/node:20-lts_20260115.4.tuxprod for card-social-api., DetailsLevel: INFO
2026-03-22T14:10:48.8080580Z Establishing network.
2026-03-22T14:10:48.8082108Z Pulling image: appsvc/node:20-lts_20260115.4.tuxprod.
2026-03-22T14:10:49.3776704Z Container is starting.
2026-03-22T14:10:49.3778282Z State: Starting, Action: MountingVolumes, LastError: ContainerTimeout, LastErrorTimestamp: 03/22/2026 13:43:21, LastErrorDetails: Container did not start within expected time limit of 230s. Please inspect your container logs for more details., Details: Mounting volumes for card-social-api., DetailsLevel: INFO
2026-03-22T14:10:49.3779525Z Establishing user namespace if not established already.
2026-03-22T14:10:49.3780829Z Establishing network if not established already.
2026-03-22T14:10:49.3782695Z Mounting volumes.
2026-03-22T14:10:49.3784497Z Nested mountpoint site/wwwroot
2026-03-22T14:10:49.4744182Z Nested mountpoint volatile/logs
2026-03-22T14:10:49.5997077Z Nested mountpoint 
2026-03-22T14:10:49.6104871Z Nested mountpoint 
2026-03-22T14:10:49.6935435Z Nested mountpoint 
2026-03-22T14:10:49.6943757Z Nested mountpoint 
2026-03-22T14:10:51.4455139Z State: Starting, Action: CreatingContainer, LastError: ContainerTimeout, LastErrorTimestamp: 03/22/2026 13:43:21, LastErrorDetails: Container did not start within expected time limit of 230s. Please inspect your container logs for more details., Details: Finished pulling container image and mounting volumes for card-social-api. Allocatinng the rest of the container resources to finish container creation., DetailsLevel: INFO
2026-03-22T14:10:51.4458289Z Creating container.
2026-03-22T14:10:51.4466160Z Creating pipes for streaming container io.
2026-03-22T14:10:51.4468168Z Creating stdout named pipe at /podr/container/pipe/5b9bfb32dbe0_card-social-api/stdout_b1105d9cc9ea4b5b952181abec4cc0f0.
2026-03-22T14:10:51.4567543Z Successfully created stdout named pipe at: /podr/container/pipe/5b9bfb32dbe0_card-social-api/stdout_b1105d9cc9ea4b5b952181abec4cc0f0.
2026-03-22T14:10:51.4569704Z Opening named pipe /podr/container/pipe/5b9bfb32dbe0_card-social-api/stdout_b1105d9cc9ea4b5b952181abec4cc0f0 for reading in non-blocking mode.
2026-03-22T14:10:51.4571506Z Successfully opened named pipe: /podr/container/pipe/5b9bfb32dbe0_card-social-api/stdout_b1105d9cc9ea4b5b952181abec4cc0f0.
2026-03-22T14:10:51.4663274Z Successfully removed non-blocking flag from /podr/container/pipe/5b9bfb32dbe0_card-social-api/stdout_b1105d9cc9ea4b5b952181abec4cc0f0.
2026-03-22T14:10:51.5042376Z Creating stderr named pipe at /podr/container/pipe/5b9bfb32dbe0_card-social-api/stderr_1b4f6a7f2cd146e8805d1db8ec7e0c51.
2026-03-22T14:10:51.5044533Z Successfully created stderr named pipe at: /podr/container/pipe/5b9bfb32dbe0_card-social-api/stderr_1b4f6a7f2cd146e8805d1db8ec7e0c51.
2026-03-22T14:10:51.5045735Z Opening named pipe /podr/container/pipe/5b9bfb32dbe0_card-social-api/stderr_1b4f6a7f2cd146e8805d1db8ec7e0c51 for reading in non-blocking mode.
2026-03-22T14:10:51.5047522Z Successfully opened named pipe: /podr/container/pipe/5b9bfb32dbe0_card-social-api/stderr_1b4f6a7f2cd146e8805d1db8ec7e0c51.
2026-03-22T14:10:51.5048722Z Successfully removed non-blocking flag from /podr/container/pipe/5b9bfb32dbe0_card-social-api/stderr_1b4f6a7f2cd146e8805d1db8ec7e0c51.
2026-03-22T14:10:51.6217384Z Creating container with image: appsvc/node:20-lts_20260115.4.tuxprod from registry: 10.1.0.5:13209 and fully qualified image name: 10.1.0.5:13209/appsvc/node:20-lts_20260115.4.tuxprod
2026-03-22T14:10:52.7230529Z Starting container: 5b9bfb32dbe0_card-social-api.
2026-03-22T14:10:52.8415973Z Starting watchers and probes.
2026-03-22T14:10:52.8429301Z Starting metrics collection.
2026-03-22T14:10:52.8431586Z Container is running.
2026-03-22T14:10:52.8504982Z State: Starting, Action: CreatingContainer, LastError: ContainerTimeout, LastErrorTimestamp: 03/22/2026 13:43:21, LastErrorDetails: Container did not start within expected time limit of 230s. Please inspect your container logs for more details., Details: Container card-social-api successfully created and is running., DetailsLevel: INFO
2026-03-22T14:10:53.2022849Z Container start method finished after 4446 ms.
2026-03-22T14:10:53.2027026Z State: Starting, Action: InitiatingSiteWarmUpProbe, LastError: ContainerTimeout, LastErrorTimestamp: 03/22/2026 13:43:21, LastErrorDetails: Container did not start within expected time limit of 230s. Please inspect your container logs for more details., Details: Container card-social-api successfully created and is running., DetailsLevel: INFO
2026-03-22T14:10:53.2032650Z State: Starting, Action: WaitingForSiteWarmUpProbeSuccess, LastError: ContainerTimeout, LastErrorTimestamp: 03/22/2026 13:43:21, LastErrorDetails: Container did not start within expected time limit of 230s. Please inspect your container logs for more details., Details: Pinging warmup path to ensure container is ready to receive requests., DetailsLevel: INFO
2026-03-22T14:11:25.8852957Z Container has finished running with exit code: 1.
2026-03-22T14:11:25.8854731Z Container is terminating. Grace period: 5 seconds.
2026-03-22T14:11:25.8861505Z Stop and delete container. Retry count = 0
2026-03-22T14:11:25.8862801Z Stopping container: 5b9bfb32dbe0_card-social-api.
2026-03-22T14:11:26.4692384Z Deleting container: 5b9bfb32dbe0_card-social-api. Retry count = 0
2026-03-22T14:11:26.7072292Z Container spec TerminationMessagePolicy  path 
2026-03-22T14:11:26.7132337Z Container is terminated. Total time elapsed: 821 ms.
2026-03-22T14:11:26.7138107Z Site container: card-social-api terminated during site startup.
2026-03-22T14:11:26.7141355Z State: Stopping, Action: CancellingStartup, LastError: ContainerTimeout, LastErrorTimestamp: 03/22/2026 13:43:21, LastErrorDetails: Container did not start within expected time limit of 230s. Please inspect your container logs for more details., Details: Site container: card-social-api terminated during site startup. Cancelling site startup., DetailsLevel: ERR
2026-03-22T14:11:26.7732261Z Site startup probe failed after 33.5330959 seconds.
2026-03-22T14:11:27.0032522Z State: Stopping, Action: CancellingStartup, LastError: ContainerTimeout, LastErrorTimestamp: 03/22/2026 14:11:26, LastErrorDetails: Container did not start within expected time limit of 230s. Please inspect your container logs for more details., Details: Site container: card-social-api terminated during site startup. Cancelling site startup., DetailsLevel: ERR
2026-03-22T14:11:27.0230525Z Failed to start site. Revert by stopping site.
2026-03-22T14:11:27.0233633Z State: Stopping, Action: StoppingSite, LastError: ContainerTimeout, LastErrorTimestamp: 03/22/2026 14:11:26, LastErrorDetails: Container did not start within expected time limit of 230s. Please inspect your container logs for more details., Details: Site container: card-social-api terminated during site startup. Cancelling site startup., DetailsLevel: ERR
2026-03-22T14:11:27.0302270Z State: Stopping, Action: StoppingSiteContainers, LastError: ContainerTimeout, LastErrorTimestamp: 03/22/2026 14:11:26, LastErrorDetails: Container did not start within expected time limit of 230s. Please inspect your container logs for more details., Details: Site container: card-social-api terminated during site startup. Cancelling site startup., DetailsLevel: ERR
2026-03-22T14:11:27.0302438Z Site: card-social-api stopped.
2026-03-22T15:05:47.5429927Z State: Starting, Action: EstablishingSiteNetworks, LastError: ContainerTimeout, LastErrorTimestamp: 03/22/2026 14:11:26, LastErrorDetails: Container did not start within expected time limit of 230s. Please inspect your container logs for more details., Details: Site stopped at 03/22/2026 14:11:27 (UTC), DetailsLevel: ERR
2026-03-22T15:05:50.8990420Z State: Starting, Action: StartingSiteContainers, LastError: ContainerTimeout, LastErrorTimestamp: 03/22/2026 14:11:26, LastErrorDetails: Container did not start within expected time limit of 230s. Please inspect your container logs for more details., Details: Site stopped at 03/22/2026 14:11:27 (UTC), DetailsLevel: ERR
2026-03-22T15:05:50.9015327Z Container start method called.
2026-03-22T15:05:50.9075230Z State: Starting, Action: PullingImage, LastError: ContainerTimeout, LastErrorTimestamp: 03/22/2026 14:11:26, LastErrorDetails: Container did not start within expected time limit of 230s. Please inspect your container logs for more details., Details: Pulling image 10.1.0.4:13209/appsvc/node:20-lts_20260115.4.tuxprod for card-social-api., DetailsLevel: INFO
2026-03-22T15:05:50.9088194Z Establishing network.
2026-03-22T15:05:50.9099243Z Pulling image: appsvc/node:20-lts_20260115.4.tuxprod.
2026-03-22T15:05:51.4402920Z Image appsvc/node:20-lts_20260115.4.tuxprod is pulled from registry 10.1.0.4:13209
2026-03-22T15:05:51.4494595Z Container is starting.
2026-03-22T15:05:51.4786675Z State: Starting, Action: MountingVolumes, LastError: ContainerTimeout, LastErrorTimestamp: 03/22/2026 14:11:26, LastErrorDetails: Container did not start within expected time limit of 230s. Please inspect your container logs for more details., Details: Mounting volumes for card-social-api., DetailsLevel: INFO
2026-03-22T15:05:51.4794195Z Establishing user namespace if not established already.
2026-03-22T15:05:51.4957680Z Establishing network if not established already.
2026-03-22T15:05:51.4960549Z Mounting volumes.
2026-03-22T15:05:51.5160647Z Nested mountpoint site/wwwroot
2026-03-22T15:05:51.5929385Z Nested mountpoint volatile/logs
2026-03-22T15:05:51.6213320Z Nested mountpoint 
2026-03-22T15:05:51.6687404Z Nested mountpoint 
2026-03-22T15:05:51.7365057Z Nested mountpoint 
2026-03-22T15:05:51.7636514Z Nested mountpoint 
2026-03-22T15:05:52.7294444Z State: Starting, Action: CreatingContainer, LastError: ContainerTimeout, LastErrorTimestamp: 03/22/2026 14:11:26, LastErrorDetails: Container did not start within expected time limit of 230s. Please inspect your container logs for more details., Details: Finished pulling container image and mounting volumes for card-social-api. Allocatinng the rest of the container resources to finish container creation., DetailsLevel: INFO
2026-03-22T15:05:52.7301046Z Creating container.
2026-03-22T15:05:52.7304271Z Creating pipes for streaming container io.
2026-03-22T15:05:52.7312982Z Creating stdout named pipe at /podr/container/pipe/f1f4353573c0_card-social-api/stdout_85d080d1b4334abaaf1a5e0534d7f767.
2026-03-22T15:05:52.7323557Z Successfully created stdout named pipe at: /podr/container/pipe/f1f4353573c0_card-social-api/stdout_85d080d1b4334abaaf1a5e0534d7f767.
2026-03-22T15:05:52.7330492Z Opening named pipe /podr/container/pipe/f1f4353573c0_card-social-api/stdout_85d080d1b4334abaaf1a5e0534d7f767 for reading in non-blocking mode.
2026-03-22T15:05:52.7385922Z Successfully opened named pipe: /podr/container/pipe/f1f4353573c0_card-social-api/stdout_85d080d1b4334abaaf1a5e0534d7f767.
2026-03-22T15:05:52.7406409Z Successfully removed non-blocking flag from /podr/container/pipe/f1f4353573c0_card-social-api/stdout_85d080d1b4334abaaf1a5e0534d7f767.
2026-03-22T15:05:52.7504085Z Creating stderr named pipe at /podr/container/pipe/f1f4353573c0_card-social-api/stderr_071dd33d09b2482d88f9f67b6aff7d33.
2026-03-22T15:05:52.7513689Z Successfully created stderr named pipe at: /podr/container/pipe/f1f4353573c0_card-social-api/stderr_071dd33d09b2482d88f9f67b6aff7d33.
2026-03-22T15:05:52.7585701Z Opening named pipe /podr/container/pipe/f1f4353573c0_card-social-api/stderr_071dd33d09b2482d88f9f67b6aff7d33 for reading in non-blocking mode.
2026-03-22T15:05:52.7592535Z Successfully opened named pipe: /podr/container/pipe/f1f4353573c0_card-social-api/stderr_071dd33d09b2482d88f9f67b6aff7d33.
2026-03-22T15:05:52.7602361Z Successfully removed non-blocking flag from /podr/container/pipe/f1f4353573c0_card-social-api/stderr_071dd33d09b2482d88f9f67b6aff7d33.
2026-03-22T15:05:52.7616965Z Creating container with image: appsvc/node:20-lts_20260115.4.tuxprod from registry: 10.1.0.4:13209 and fully qualified image name: 10.1.0.4:13209/appsvc/node:20-lts_20260115.4.tuxprod
2026-03-22T15:05:54.1506988Z Starting container: f1f4353573c0_card-social-api.
2026-03-22T15:05:54.2888489Z Starting watchers and probes.
2026-03-22T15:05:54.3059512Z Starting metrics collection.
2026-03-22T15:05:54.3077838Z Container is running.
2026-03-22T15:05:54.3078838Z State: Starting, Action: CreatingContainer, LastError: ContainerTimeout, LastErrorTimestamp: 03/22/2026 14:11:26, LastErrorDetails: Container did not start within expected time limit of 230s. Please inspect your container logs for more details., Details: Container card-social-api successfully created and is running., DetailsLevel: INFO
2026-03-22T15:05:54.5814269Z Container start method finished after 3679 ms.
2026-03-22T15:05:54.6260179Z State: Starting, Action: InitiatingSiteWarmUpProbe, LastError: ContainerTimeout, LastErrorTimestamp: 03/22/2026 14:11:26, LastErrorDetails: Container did not start within expected time limit of 230s. Please inspect your container logs for more details., Details: Container card-social-api successfully created and is running., DetailsLevel: INFO
2026-03-22T15:05:54.6276793Z State: Starting, Action: WaitingForSiteWarmUpProbeSuccess, LastError: ContainerTimeout, LastErrorTimestamp: 03/22/2026 14:11:26, LastErrorDetails: Container did not start within expected time limit of 230s. Please inspect your container logs for more details., Details: Pinging warmup path to ensure container is ready to receive requests., DetailsLevel: INFO
2026-03-22T15:06:27.4552482Z Container has finished running with exit code: 1.
2026-03-22T15:06:27.4559970Z Container is terminating. Grace period: 5 seconds.
2026-03-22T15:06:27.4649229Z Stop and delete container. Retry count = 0
2026-03-22T15:06:27.4650869Z Stopping container: f1f4353573c0_card-social-api.
2026-03-22T15:06:27.5950593Z Deleting container: f1f4353573c0_card-social-api. Retry count = 0
2026-03-22T15:06:28.0205420Z Container spec TerminationMessagePolicy  path 
2026-03-22T15:06:28.0296960Z Container is terminated. Total time elapsed: 573 ms.
2026-03-22T15:06:28.0302478Z Site container: card-social-api terminated during site startup.
2026-03-22T15:06:28.0385759Z State: Stopping, Action: CancellingStartup, LastError: ContainerTimeout, LastErrorTimestamp: 03/22/2026 14:11:26, LastErrorDetails: Container did not start within expected time limit of 230s. Please inspect your container logs for more details., Details: Site container: card-social-api terminated during site startup. Cancelling site startup., DetailsLevel: ERR
2026-03-22T15:06:28.2930516Z Site startup probe failed after 33.6059826 seconds.
2026-03-22T15:06:28.6188549Z State: Stopping, Action: CancellingStartup, LastError: ContainerTimeout, LastErrorTimestamp: 03/22/2026 15:06:28, LastErrorDetails: Container did not start within expected time limit of 230s. Please inspect your container logs for more details., Details: Site container: card-social-api terminated during site startup. Cancelling site startup., DetailsLevel: ERR
2026-03-22T15:06:28.6482752Z Failed to start site. Revert by stopping site.
2026-03-22T15:06:28.6589526Z State: Stopping, Action: StoppingSite, LastError: ContainerTimeout, LastErrorTimestamp: 03/22/2026 15:06:28, LastErrorDetails: Container did not start within expected time limit of 230s. Please inspect your container logs for more details., Details: Site container: card-social-api terminated during site startup. Cancelling site startup., DetailsLevel: ERR
2026-03-22T15:06:28.6671916Z State: Stopping, Action: StoppingSiteContainers, LastError: ContainerTimeout, LastErrorTimestamp: 03/22/2026 15:06:28, LastErrorDetails: Container did not start within expected time limit of 230s. Please inspect your container logs for more details., Details: Site container: card-social-api terminated during site startup. Cancelling site startup., DetailsLevel: ERR
2026-03-22T15:06:28.6764003Z Site: card-social-api stopped.
2026-03-22T15:06:28.7154292Z State: Stopping, Action: UnmountingVolumes, LastError: ContainerTimeout, LastErrorTimestamp: 03/22/2026 15:06:28, LastErrorDetails: Container did not start within expected time limit of 230s. Please inspect your container logs for more details., Details: Site container: card-social-api terminated during site startup. Cancelling site startup., DetailsLevel: ERR
2026-03-22T15:06:29.3263745Z State: Stopping, Action: StoppingSiteNetworks, LastError: ContainerTimeout, LastErrorTimestamp: 03/22/2026 15:06:28, LastErrorDetails: Container did not start within expected time limit of 230s. Please inspect your container logs for more details., Details: Site container: card-social-api terminated during site startup. Cancelling site startup., DetailsLevel: ERR
2026-03-22T15:06:29.6373604Z State: Stopped, Action: None, LastError: ContainerTimeout, LastErrorTimestamp: 03/22/2026 15:06:28, LastErrorDetails: Container did not start within expected time limit of 230s. Please inspect your container logs for more details., Details: Site stopped at 03/22/2026 15:06:29 (UTC), DetailsLevel: ERR
2026-03-22T15:06:29.8422086Z State: Stopped, Action: None, LastError: ContainerTimeout, LastErrorTimestamp: 03/22/2026 15:06:28, LastErrorDetails: Container did not start within expected time limit of 230s. Please inspect your container logs for more details., Details: Site stopped at 03/22/2026 15:06:29 (UTC), DetailsLevel: ERR
2026-03-22T15:06:39.2554737Z State: Starting, Action: EstablishingSiteNetworks, LastError: ContainerTimeout, LastErrorTimestamp: 03/22/2026 15:06:28, LastErrorDetails: Container did not start within expected time limit of 230s. Please inspect your container logs for more details., Details: Site stopped at 03/22/2026 15:06:29 (UTC), DetailsLevel: ERR
2026-03-22T15:06:41.6743223Z State: Starting, Action: StartingSiteContainers, LastError: ContainerTimeout, LastErrorTimestamp: 03/22/2026 15:06:28, LastErrorDetails: Container did not start within expected time limit of 230s. Please inspect your container logs for more details., Details: Site stopped at 03/22/2026 15:06:29 (UTC), DetailsLevel: ERR
2026-03-22T15:06:41.6744872Z Container start method called.
2026-03-22T15:06:41.6745454Z State: Starting, Action: PullingImage, LastError: ContainerTimeout, LastErrorTimestamp: 03/22/2026 15:06:28, LastErrorDetails: Container did not start within expected time limit of 230s. Please inspect your container logs for more details., Details: Pulling image 10.1.0.4:13209/appsvc/node:20-lts_20260115.4.tuxprod for card-social-api., DetailsLevel: INFO
2026-03-22T15:06:41.6746540Z Establishing network.
2026-03-22T15:06:41.6747764Z Pulling image: appsvc/node:20-lts_20260115.4.tuxprod.
2026-03-22T15:06:41.9869254Z Container is starting.
2026-03-22T15:06:41.9870287Z State: Starting, Action: MountingVolumes, LastError: ContainerTimeout, LastErrorTimestamp: 03/22/2026 15:06:28, LastErrorDetails: Container did not start within expected time limit of 230s. Please inspect your container logs for more details., Details: Mounting volumes for card-social-api., DetailsLevel: INFO
2026-03-22T15:06:41.9871325Z Establishing user namespace if not established already.
2026-03-22T15:06:41.9872274Z Establishing network if not established already.
2026-03-22T15:06:41.9873614Z Mounting volumes.
2026-03-22T15:06:42.0070400Z Nested mountpoint site/wwwroot
2026-03-22T15:06:42.0837967Z Nested mountpoint volatile/logs
2026-03-22T15:06:42.1421117Z Nested mountpoint 
2026-03-22T15:06:42.1430169Z Nested mountpoint 
2026-03-22T15:06:42.2413898Z Nested mountpoint 
2026-03-22T15:06:42.2793635Z Nested mountpoint 
2026-03-22T15:06:43.1910461Z State: Starting, Action: CreatingContainer, LastError: ContainerTimeout, LastErrorTimestamp: 03/22/2026 15:06:28, LastErrorDetails: Container did not start within expected time limit of 230s. Please inspect your container logs for more details., Details: Finished pulling container image and mounting volumes for card-social-api. Allocatinng the rest of the container resources to finish container creation., DetailsLevel: INFO
2026-03-22T15:06:43.1911809Z Creating container.
2026-03-22T15:06:43.1912806Z Creating pipes for streaming container io.
2026-03-22T15:06:43.1913924Z Creating stdout named pipe at /podr/container/pipe/a112372548c4_card-social-api/stdout_6f5c2b9419c24b2191f35b9519b7d677.
2026-03-22T15:06:43.1917146Z Successfully created stdout named pipe at: /podr/container/pipe/a112372548c4_card-social-api/stdout_6f5c2b9419c24b2191f35b9519b7d677.
2026-03-22T15:06:43.1918177Z Opening named pipe /podr/container/pipe/a112372548c4_card-social-api/stdout_6f5c2b9419c24b2191f35b9519b7d677 for reading in non-blocking mode.
2026-03-22T15:06:43.1919510Z Successfully opened named pipe: /podr/container/pipe/a112372548c4_card-social-api/stdout_6f5c2b9419c24b2191f35b9519b7d677.
2026-03-22T15:06:43.1921316Z Successfully removed non-blocking flag from /podr/container/pipe/a112372548c4_card-social-api/stdout_6f5c2b9419c24b2191f35b9519b7d677.
2026-03-22T15:06:43.1923341Z Creating stderr named pipe at /podr/container/pipe/a112372548c4_card-social-api/stderr_ae0dc176468742e3b151170fedcf92d1.
2026-03-22T15:06:43.1924930Z Successfully created stderr named pipe at: /podr/container/pipe/a112372548c4_card-social-api/stderr_ae0dc176468742e3b151170fedcf92d1.
2026-03-22T15:06:43.1926025Z Opening named pipe /podr/container/pipe/a112372548c4_card-social-api/stderr_ae0dc176468742e3b151170fedcf92d1 for reading in non-blocking mode.
2026-03-22T15:06:43.1927321Z Successfully opened named pipe: /podr/container/pipe/a112372548c4_card-social-api/stderr_ae0dc176468742e3b151170fedcf92d1.
2026-03-22T15:06:43.1928307Z Successfully removed non-blocking flag from /podr/container/pipe/a112372548c4_card-social-api/stderr_ae0dc176468742e3b151170fedcf92d1.
2026-03-22T15:06:43.2112487Z Creating container with image: appsvc/node:20-lts_20260115.4.tuxprod from registry: 10.1.0.4:13209 and fully qualified image name: 10.1.0.4:13209/appsvc/node:20-lts_20260115.4.tuxprod
2026-03-22T15:06:44.6213216Z Starting container: a112372548c4_card-social-api.
2026-03-22T15:06:44.7066837Z Starting watchers and probes.
2026-03-22T15:06:44.7144488Z Starting metrics collection.
2026-03-22T15:06:44.7147137Z Container is running.
2026-03-22T15:06:44.7152221Z State: Starting, Action: CreatingContainer, LastError: ContainerTimeout, LastErrorTimestamp: 03/22/2026 15:06:28, LastErrorDetails: Container did not start within expected time limit of 230s. Please inspect your container logs for more details., Details: Container card-social-api successfully created and is running., DetailsLevel: INFO
2026-03-22T15:06:45.0049679Z Container start method finished after 3330 ms.
2026-03-22T15:06:45.0226983Z State: Starting, Action: InitiatingSiteWarmUpProbe, LastError: ContainerTimeout, LastErrorTimestamp: 03/22/2026 15:06:28, LastErrorDetails: Container did not start within expected time limit of 230s. Please inspect your container logs for more details., Details: Container card-social-api successfully created and is running., DetailsLevel: INFO
2026-03-22T15:06:45.0232577Z State: Starting, Action: WaitingForSiteWarmUpProbeSuccess, LastError: ContainerTimeout, LastErrorTimestamp: 03/22/2026 15:06:28, LastErrorDetails: Container did not start within expected time limit of 230s. Please inspect your container logs for more details., Details: Pinging warmup path to ensure container is ready to receive requests., DetailsLevel: INFO
2026-03-22T15:07:15.5751897Z Container has finished running with exit code: 1.
2026-03-22T15:07:15.5755686Z Container is terminating. Grace period: 5 seconds.
2026-03-22T15:07:15.5845628Z Stop and delete container. Retry count = 0
2026-03-22T15:07:15.5849179Z Stopping container: a112372548c4_card-social-api.
2026-03-22T15:07:15.6437524Z Deleting container: a112372548c4_card-social-api. Retry count = 0
2026-03-22T15:07:15.8741966Z Container spec TerminationMessagePolicy  path 
2026-03-22T15:07:15.8748851Z Container is terminated. Total time elapsed: 298 ms.
2026-03-22T15:07:15.8750624Z Site container: card-social-api terminated during site startup.
2026-03-22T15:07:15.8751814Z State: Stopping, Action: CancellingStartup, LastError: ContainerTimeout, LastErrorTimestamp: 03/22/2026 15:06:28, LastErrorDetails: Container did not start within expected time limit of 230s. Please inspect your container logs for more details., Details: Site container: card-social-api terminated during site startup. Cancelling site startup., DetailsLevel: ERR
2026-03-22T15:07:15.9330400Z Site startup probe failed after 30.8831895 seconds.
2026-03-22T15:07:16.3794006Z State: Stopping, Action: CancellingStartup, LastError: ContainerTimeout, LastErrorTimestamp: 03/22/2026 15:07:16, LastErrorDetails: Container did not start within expected time limit of 230s. Please inspect your container logs for more details., Details: Site container: card-social-api terminated during site startup. Cancelling site startup., DetailsLevel: ERR
2026-03-22T15:07:16.3812814Z Failed to start site. Revert by stopping site.
2026-03-22T15:07:16.3830169Z State: Stopping, Action: StoppingSite, LastError: ContainerTimeout, LastErrorTimestamp: 03/22/2026 15:07:16, LastErrorDetails: Container did not start within expected time limit of 230s. Please inspect your container logs for more details., Details: Site container: card-social-api terminated during site startup. Cancelling site startup., DetailsLevel: ERR
2026-03-22T15:07:16.4274086Z State: Stopping, Action: StoppingSiteContainers, LastError: ContainerTimeout, LastErrorTimestamp: 03/22/2026 15:07:16, LastErrorDetails: Container did not start within expected time limit of 230s. Please inspect your container logs for more details., Details: Site container: card-social-api terminated during site startup. Cancelling site startup., DetailsLevel: ERR
2026-03-22T15:07:16.4274338Z Site: card-social-api stopped.
2026-03-22T15:07:16.4294298Z State: Stopping, Action: UnmountingVolumes, LastError: ContainerTimeout, LastErrorTimestamp: 03/22/2026 15:07:16, LastErrorDetails: Container did not start within expected time limit of 230s. Please inspect your container logs for more details., Details: Site container: card-social-api terminated during site startup. Cancelling site startup., DetailsLevel: ERR
2026-03-22T15:07:17.3899471Z State: Stopping, Action: StoppingSiteNetworks, LastError: ContainerTimeout, LastErrorTimestamp: 03/22/2026 15:07:16, LastErrorDetails: Container did not start within expected time limit of 230s. Please inspect your container logs for more details., Details: Site container: card-social-api terminated during site startup. Cancelling site startup., DetailsLevel: ERR
2026-03-22T15:07:18.2013270Z Site: card-social-api will be blocked for 1 minutes till 03/22/2026 15:08:18
2026-03-22T15:07:18.2125622Z State: Blocked, Action: StoppingSiteNetworks, LastError: ContainerTimeout, LastErrorTimestamp: 03/22/2026 15:07:16, LastErrorDetails: Container did not start within expected time limit of 230s. Please inspect your container logs for more details., Details: Site: card-social-api will be blocked for 1 minutes till 03/22/2026 15:08:18, DetailsLevel: WARN
2026-03-22T15:07:18.2419535Z State: Stopped, Action: None, LastError: ContainerTimeout, LastErrorTimestamp: 03/22/2026 15:07:16, LastErrorDetails: Container did not start within expected time limit of 230s. Please inspect your container logs for more details., Details: Site stopped at 03/22/2026 15:07:18 (UTC), DetailsLevel: WARN
2026-03-22T15:07:18.7001807Z State: Stopped, Action: None, LastError: ContainerTimeout, LastErrorTimestamp: 03/22/2026 15:07:16, LastErrorDetails: Container did not start within expected time limit of 230s. Please inspect your container logs for more details., Details: Site stopped at 03/22/2026 15:07:18 (UTC), DetailsLevel: WARN
2026-03-22T15:08:03.3282520Z State: Blocked, Action: None, LastError: ContainerTimeout, LastErrorTimestamp: 03/22/2026 15:07:16, LastErrorDetails: Container did not start within expected time limit of 230s. Please inspect your container logs for more details., Details: Site is blocked due to multiple, consecutive cold start failures. Site scheduled to be unblocked at 03/22/2026 15:08:18, DetailsLevel: WARN
2026-03-22T15:08:03.3366169Z Start site prohibitted because the site is being blocked.
2026-03-22T15:08:18.2024792Z Site: card-social-api is unblocked.
2026-03-22T15:10:13.0700584Z State: Starting, Action: EstablishingSiteNetworks, LastError: ContainerTimeout, LastErrorTimestamp: 03/22/2026 15:07:16, LastErrorDetails: Container did not start within expected time limit of 230s. Please inspect your container logs for more details., Details: Site is blocked due to multiple, consecutive cold start failures. Site scheduled to be unblocked at 03/22/2026 15:08:18, DetailsLevel: WARN
2026-03-22T15:10:16.0878724Z State: Starting, Action: StartingSiteContainers, LastError: ContainerTimeout, LastErrorTimestamp: 03/22/2026 15:07:16, LastErrorDetails: Container did not start within expected time limit of 230s. Please inspect your container logs for more details., Details: Site is blocked due to multiple, consecutive cold start failures. Site scheduled to be unblocked at 03/22/2026 15:08:18, DetailsLevel: WARN
2026-03-22T15:10:16.0964681Z Container start method called.
2026-03-22T15:10:16.0972570Z State: Starting, Action: PullingImage, LastError: ContainerTimeout, LastErrorTimestamp: 03/22/2026 15:07:16, LastErrorDetails: Container did not start within expected time limit of 230s. Please inspect your container logs for more details., Details: Pulling image 10.1.0.4:13209/appsvc/node:20-lts_20260115.4.tuxprod for card-social-api., DetailsLevel: INFO
2026-03-22T15:10:16.0984765Z Establishing network.
2026-03-22T15:10:16.1169144Z Pulling image: appsvc/node:20-lts_20260115.4.tuxprod.
2026-03-22T15:10:16.4606156Z Container is starting.
2026-03-22T15:10:16.4687805Z State: Starting, Action: MountingVolumes, LastError: ContainerTimeout, LastErrorTimestamp: 03/22/2026 15:07:16, LastErrorDetails: Container did not start within expected time limit of 230s. Please inspect your container logs for more details., Details: Mounting volumes for card-social-api., DetailsLevel: INFO
2026-03-22T15:10:16.4698889Z Establishing user namespace if not established already.
2026-03-22T15:10:16.4764521Z Establishing network if not established already.
2026-03-22T15:10:16.4766892Z Mounting volumes.
2026-03-22T15:10:16.4768603Z Nested mountpoint site/wwwroot
2026-03-22T15:10:16.5090795Z Nested mountpoint volatile/logs
2026-03-22T15:10:16.6459551Z Nested mountpoint 
2026-03-22T15:10:16.6912239Z Nested mountpoint 
2026-03-22T15:10:16.8302966Z Nested mountpoint 
2026-03-22T15:10:16.9680406Z Nested mountpoint 
2026-03-22T15:10:17.7038090Z State: Starting, Action: CreatingContainer, LastError: ContainerTimeout, LastErrorTimestamp: 03/22/2026 15:07:16, LastErrorDetails: Container did not start within expected time limit of 230s. Please inspect your container logs for more details., Details: Finished pulling container image and mounting volumes for card-social-api. Allocatinng the rest of the container resources to finish container creation., DetailsLevel: INFO
2026-03-22T15:10:17.7039650Z Creating container.
2026-03-22T15:10:17.7221567Z Creating pipes for streaming container io.
2026-03-22T15:10:17.7223534Z Creating stdout named pipe at /podr/container/pipe/62390d5b3294_card-social-api/stdout_59fad6b4881246a0855bfaa8899d5057.
2026-03-22T15:10:17.7232170Z Successfully created stdout named pipe at: /podr/container/pipe/62390d5b3294_card-social-api/stdout_59fad6b4881246a0855bfaa8899d5057.
2026-03-22T15:10:17.7234062Z Opening named pipe /podr/container/pipe/62390d5b3294_card-social-api/stdout_59fad6b4881246a0855bfaa8899d5057 for reading in non-blocking mode.
2026-03-22T15:10:17.7235638Z Successfully opened named pipe: /podr/container/pipe/62390d5b3294_card-social-api/stdout_59fad6b4881246a0855bfaa8899d5057.
2026-03-22T15:10:17.7236700Z Successfully removed non-blocking flag from /podr/container/pipe/62390d5b3294_card-social-api/stdout_59fad6b4881246a0855bfaa8899d5057.
2026-03-22T15:10:17.7443733Z Creating stderr named pipe at /podr/container/pipe/62390d5b3294_card-social-api/stderr_6bddd26c5d9749a9aabbbb81dd4ba85e.
2026-03-22T15:10:17.7540792Z Successfully created stderr named pipe at: /podr/container/pipe/62390d5b3294_card-social-api/stderr_6bddd26c5d9749a9aabbbb81dd4ba85e.
2026-03-22T15:10:17.7622841Z Opening named pipe /podr/container/pipe/62390d5b3294_card-social-api/stderr_6bddd26c5d9749a9aabbbb81dd4ba85e for reading in non-blocking mode.
2026-03-22T15:10:17.7625469Z Successfully opened named pipe: /podr/container/pipe/62390d5b3294_card-social-api/stderr_6bddd26c5d9749a9aabbbb81dd4ba85e.
2026-03-22T15:10:17.7626762Z Successfully removed non-blocking flag from /podr/container/pipe/62390d5b3294_card-social-api/stderr_6bddd26c5d9749a9aabbbb81dd4ba85e.
2026-03-22T15:10:17.7706226Z Creating container with image: appsvc/node:20-lts_20260115.4.tuxprod from registry: 10.1.0.4:13209 and fully qualified image name: 10.1.0.4:13209/appsvc/node:20-lts_20260115.4.tuxprod
2026-03-22T15:10:18.4794631Z Starting container: 62390d5b3294_card-social-api.
2026-03-22T15:10:18.5675805Z Starting watchers and probes.
2026-03-22T15:10:18.5679492Z Starting metrics collection.
2026-03-22T15:10:18.5769282Z Container is running.
2026-03-22T15:10:18.5845807Z State: Starting, Action: CreatingContainer, LastError: ContainerTimeout, LastErrorTimestamp: 03/22/2026 15:07:16, LastErrorDetails: Container did not start within expected time limit of 230s. Please inspect your container logs for more details., Details: Container card-social-api successfully created and is running., DetailsLevel: INFO
2026-03-22T15:10:18.8017715Z Container start method finished after 2704 ms.
2026-03-22T15:10:18.8413159Z State: Starting, Action: InitiatingSiteWarmUpProbe, LastError: ContainerTimeout, LastErrorTimestamp: 03/22/2026 15:07:16, LastErrorDetails: Container did not start within expected time limit of 230s. Please inspect your container logs for more details., Details: Container card-social-api successfully created and is running., DetailsLevel: INFO
2026-03-22T15:10:18.8774189Z State: Starting, Action: WaitingForSiteWarmUpProbeSuccess, LastError: ContainerTimeout, LastErrorTimestamp: 03/22/2026 15:07:16, LastErrorDetails: Container did not start within expected time limit of 230s. Please inspect your container logs for more details., Details: Pinging warmup path to ensure container is ready to receive requests., DetailsLevel: INFO
2026-03-22T15:10:45.3225912Z Container has finished running with exit code: 1.
2026-03-22T15:10:45.3385524Z Container is terminating. Grace period: 5 seconds.
2026-03-22T15:10:45.3390654Z Stop and delete container. Retry count = 0
2026-03-22T15:10:45.3392294Z Stopping container: 62390d5b3294_card-social-api.
2026-03-22T15:10:45.4478725Z Deleting container: 62390d5b3294_card-social-api. Retry count = 0
2026-03-22T15:10:45.7315640Z Container spec TerminationMessagePolicy  path 
2026-03-22T15:10:45.7438580Z Container is terminated. Total time elapsed: 404 ms.
2026-03-22T15:10:45.7442689Z Site container: card-social-api terminated during site startup.
2026-03-22T15:10:45.7512405Z State: Stopping, Action: CancellingStartup, LastError: ContainerTimeout, LastErrorTimestamp: 03/22/2026 15:07:16, LastErrorDetails: Container did not start within expected time limit of 230s. Please inspect your container logs for more details., Details: Site container: card-social-api terminated during site startup. Cancelling site startup., DetailsLevel: ERR
2026-03-22T15:10:45.8222031Z Site startup probe failed after 26.8989185 seconds.
2026-03-22T15:10:46.2988238Z State: Stopping, Action: CancellingStartup, LastError: ContainerTimeout, LastErrorTimestamp: 03/22/2026 15:10:46, LastErrorDetails: Container did not start within expected time limit of 230s. Please inspect your container logs for more details., Details: Site container: card-social-api terminated during site startup. Cancelling site startup., DetailsLevel: ERR
2026-03-22T15:10:46.3013875Z Failed to start site. Revert by stopping site.
2026-03-22T15:10:46.3015719Z State: Stopping, Action: StoppingSite, LastError: ContainerTimeout, LastErrorTimestamp: 03/22/2026 15:10:46, LastErrorDetails: Container did not start within expected time limit of 230s. Please inspect your container logs for more details., Details: Site container: card-social-api terminated during site startup. Cancelling site startup., DetailsLevel: ERR
2026-03-22T15:10:46.3018368Z State: Stopping, Action: StoppingSiteContainers, LastError: ContainerTimeout, LastErrorTimestamp: 03/22/2026 15:10:46, LastErrorDetails: Container did not start within expected time limit of 230s. Please inspect your container logs for more details., Details: Site container: card-social-api terminated during site startup. Cancelling site startup., DetailsLevel: ERR
2026-03-22T15:10:46.3018501Z Site: card-social-api stopped.
2026-03-22T15:11:45.5879696Z State: Starting, Action: EstablishingSiteNetworks, LastError: ContainerTimeout, LastErrorTimestamp: 03/22/2026 15:10:46, LastErrorDetails: Container did not start within expected time limit of 230s. Please inspect your container logs for more details., Details: Site stopped at 03/22/2026 15:10:47 (UTC), DetailsLevel: WARN
2026-03-22T15:11:49.9292825Z State: Starting, Action: StartingSiteContainers, LastError: ContainerTimeout, LastErrorTimestamp: 03/22/2026 15:10:46, LastErrorDetails: Container did not start within expected time limit of 230s. Please inspect your container logs for more details., Details: Site stopped at 03/22/2026 15:10:47 (UTC), DetailsLevel: WARN
2026-03-22T15:11:49.9294458Z Container start method called.
2026-03-22T15:11:49.9295233Z State: Starting, Action: PullingImage, LastError: ContainerTimeout, LastErrorTimestamp: 03/22/2026 15:10:46, LastErrorDetails: Container did not start within expected time limit of 230s. Please inspect your container logs for more details., Details: Pulling image 10.1.0.5:13209/appsvc/node:20-lts_20260115.4.tuxprod for card-social-api., DetailsLevel: INFO
2026-03-22T15:11:49.9296275Z Establishing network.
2026-03-22T15:11:49.9297503Z Pulling image: appsvc/node:20-lts_20260115.4.tuxprod.
2026-03-22T15:11:50.4150715Z Container is starting.
2026-03-22T15:11:50.4151617Z State: Starting, Action: MountingVolumes, LastError: ContainerTimeout, LastErrorTimestamp: 03/22/2026 15:10:46, LastErrorDetails: Container did not start within expected time limit of 230s. Please inspect your container logs for more details., Details: Mounting volumes for card-social-api., DetailsLevel: INFO
2026-03-22T15:11:50.4152644Z Establishing user namespace if not established already.
2026-03-22T15:11:50.4153651Z Establishing network if not established already.
2026-03-22T15:11:50.4155090Z Mounting volumes.
2026-03-22T15:11:50.4157091Z Nested mountpoint site/wwwroot
2026-03-22T15:11:50.5576014Z Nested mountpoint volatile/logs
2026-03-22T15:11:50.6057292Z Nested mountpoint 
2026-03-22T15:11:50.6064036Z Nested mountpoint 
2026-03-22T15:11:50.7615877Z Nested mountpoint 
2026-03-22T15:11:50.7910201Z Nested mountpoint 
2026-03-22T15:11:52.4256271Z State: Starting, Action: CreatingContainer, LastError: ContainerTimeout, LastErrorTimestamp: 03/22/2026 15:10:46, LastErrorDetails: Container did not start within expected time limit of 230s. Please inspect your container logs for more details., Details: Finished pulling container image and mounting volumes for card-social-api. Allocatinng the rest of the container resources to finish container creation., DetailsLevel: INFO
2026-03-22T15:11:52.4272585Z Creating container.
2026-03-22T15:11:52.4274868Z Creating pipes for streaming container io.
2026-03-22T15:11:52.4441146Z Creating stdout named pipe at /podr/container/pipe/2efa5c8be118_card-social-api/stdout_074c134040d94fc1a6892215344b5178.
2026-03-22T15:11:52.4451190Z Successfully created stdout named pipe at: /podr/container/pipe/2efa5c8be118_card-social-api/stdout_074c134040d94fc1a6892215344b5178.
2026-03-22T15:11:52.4453457Z Opening named pipe /podr/container/pipe/2efa5c8be118_card-social-api/stdout_074c134040d94fc1a6892215344b5178 for reading in non-blocking mode.
2026-03-22T15:11:52.4455179Z Successfully opened named pipe: /podr/container/pipe/2efa5c8be118_card-social-api/stdout_074c134040d94fc1a6892215344b5178.
2026-03-22T15:11:52.4456339Z Successfully removed non-blocking flag from /podr/container/pipe/2efa5c8be118_card-social-api/stdout_074c134040d94fc1a6892215344b5178.
2026-03-22T15:11:52.4457931Z Creating stderr named pipe at /podr/container/pipe/2efa5c8be118_card-social-api/stderr_2927048455a84d2fb4a473b207ac6684.
2026-03-22T15:11:52.4459447Z Successfully created stderr named pipe at: /podr/container/pipe/2efa5c8be118_card-social-api/stderr_2927048455a84d2fb4a473b207ac6684.
2026-03-22T15:11:52.4460538Z Opening named pipe /podr/container/pipe/2efa5c8be118_card-social-api/stderr_2927048455a84d2fb4a473b207ac6684 for reading in non-blocking mode.
2026-03-22T15:11:52.4732910Z Successfully opened named pipe: /podr/container/pipe/2efa5c8be118_card-social-api/stderr_2927048455a84d2fb4a473b207ac6684.
2026-03-22T15:11:52.4735011Z Successfully removed non-blocking flag from /podr/container/pipe/2efa5c8be118_card-social-api/stderr_2927048455a84d2fb4a473b207ac6684.
2026-03-22T15:11:52.4736640Z Creating container with image: appsvc/node:20-lts_20260115.4.tuxprod from registry: 10.1.0.5:13209 and fully qualified image name: 10.1.0.5:13209/appsvc/node:20-lts_20260115.4.tuxprod
2026-03-22T15:11:53.5754401Z Starting container: 2efa5c8be118_card-social-api.
2026-03-22T15:11:53.6626067Z Starting watchers and probes.
2026-03-22T15:11:53.6634351Z Starting metrics collection.
2026-03-22T15:11:53.6641838Z Container is running.
2026-03-22T15:11:53.6643899Z State: Starting, Action: CreatingContainer, LastError: ContainerTimeout, LastErrorTimestamp: 03/22/2026 15:10:46, LastErrorDetails: Container did not start within expected time limit of 230s. Please inspect your container logs for more details., Details: Container card-social-api successfully created and is running., DetailsLevel: INFO
2026-03-22T15:11:53.8828106Z Container start method finished after 3953 ms.
2026-03-22T15:11:53.9129723Z State: Starting, Action: InitiatingSiteWarmUpProbe, LastError: ContainerTimeout, LastErrorTimestamp: 03/22/2026 15:10:46, LastErrorDetails: Container did not start within expected time limit of 230s. Please inspect your container logs for more details., Details: Container card-social-api successfully created and is running., DetailsLevel: INFO
2026-03-22T15:11:53.9130612Z State: Starting, Action: WaitingForSiteWarmUpProbeSuccess, LastError: ContainerTimeout, LastErrorTimestamp: 03/22/2026 15:10:46, LastErrorDetails: Container did not start within expected time limit of 230s. Please inspect your container logs for more details., Details: Pinging warmup path to ensure container is ready to receive requests., DetailsLevel: INFO
2026-03-22T15:12:45.8647482Z Container has finished running with exit code: 1.
2026-03-22T15:12:45.8651623Z Container is terminating. Grace period: 5 seconds.
2026-03-22T15:12:45.8660121Z Stop and delete container. Retry count = 0
2026-03-22T15:12:45.8661158Z Stopping container: 2efa5c8be118_card-social-api.
2026-03-22T15:12:46.0114107Z Deleting container: 2efa5c8be118_card-social-api. Retry count = 0
2026-03-22T15:12:46.3959794Z Container spec TerminationMessagePolicy  path 
2026-03-22T15:12:46.3977642Z Container is terminated. Total time elapsed: 530 ms.
2026-03-22T15:12:46.3982060Z Site container: card-social-api terminated during site startup.
2026-03-22T15:12:46.4046128Z State: Stopping, Action: CancellingStartup, LastError: ContainerTimeout, LastErrorTimestamp: 03/22/2026 15:10:46, LastErrorDetails: Container did not start within expected time limit of 230s. Please inspect your container logs for more details., Details: Site container: card-social-api terminated during site startup. Cancelling site startup., DetailsLevel: ERR
2026-03-22T15:12:46.5199822Z Site startup probe failed after 52.5462741 seconds.
2026-03-22T15:12:47.1768755Z State: Stopping, Action: CancellingStartup, LastError: ContainerTimeout, LastErrorTimestamp: 03/22/2026 15:12:47, LastErrorDetails: Container did not start within expected time limit of 230s. Please inspect your container logs for more details., Details: Site container: card-social-api terminated during site startup. Cancelling site startup., DetailsLevel: ERR
2026-03-22T15:12:47.2180541Z Failed to start site. Revert by stopping site.
2026-03-22T15:12:47.2186565Z State: Stopping, Action: StoppingSite, LastError: ContainerTimeout, LastErrorTimestamp: 03/22/2026 15:12:47, LastErrorDetails: Container did not start within expected time limit of 230s. Please inspect your container logs for more details., Details: Site container: card-social-api terminated during site startup. Cancelling site startup., DetailsLevel: ERR
2026-03-22T15:12:47.2262149Z State: Stopping, Action: StoppingSiteContainers, LastError: ContainerTimeout, LastErrorTimestamp: 03/22/2026 15:12:47, LastErrorDetails: Container did not start within expected time limit of 230s. Please inspect your container logs for more details., Details: Site container: card-social-api terminated during site startup. Cancelling site startup., DetailsLevel: ERR
2026-03-22T15:12:47.3140168Z Site: card-social-api stopped.
2026-03-22T15:15:15.6171322Z State: Starting, Action: EstablishingSiteNetworks, LastError: ContainerTimeout, LastErrorTimestamp: 03/22/2026 15:12:47, LastErrorDetails: Container did not start within expected time limit of 230s. Please inspect your container logs for more details., Details: Site stopped at 03/22/2026 15:12:48 (UTC), DetailsLevel: ERR
2026-03-22T15:15:17.8969992Z State: Starting, Action: StartingSiteContainers, LastError: ContainerTimeout, LastErrorTimestamp: 03/22/2026 15:12:47, LastErrorDetails: Container did not start within expected time limit of 230s. Please inspect your container logs for more details., Details: Site stopped at 03/22/2026 15:12:48 (UTC), DetailsLevel: ERR
2026-03-22T15:15:17.8971808Z Container start method called.
2026-03-22T15:15:17.8972313Z State: Starting, Action: PullingImage, LastError: ContainerTimeout, LastErrorTimestamp: 03/22/2026 15:12:47, LastErrorDetails: Container did not start within expected time limit of 230s. Please inspect your container logs for more details., Details: Pulling image 10.1.0.4:13209/appsvc/node:20-lts_20260115.4.tuxprod for card-social-api., DetailsLevel: INFO
2026-03-22T15:15:17.8973853Z Establishing network.
2026-03-22T15:15:17.8975125Z Pulling image: appsvc/node:20-lts_20260115.4.tuxprod.
2026-03-22T15:15:18.2512870Z Container is starting.
2026-03-22T15:15:18.2577324Z State: Starting, Action: MountingVolumes, LastError: ContainerTimeout, LastErrorTimestamp: 03/22/2026 15:12:47, LastErrorDetails: Container did not start within expected time limit of 230s. Please inspect your container logs for more details., Details: Mounting volumes for card-social-api., DetailsLevel: INFO
2026-03-22T15:15:18.2579323Z Establishing user namespace if not established already.
2026-03-22T15:15:18.2580547Z Establishing network if not established already.
2026-03-22T15:15:18.2581761Z Mounting volumes.
2026-03-22T15:15:18.2583221Z Nested mountpoint 
2026-03-22T15:15:18.3288123Z Nested mountpoint volatile/logs
2026-03-22T15:15:18.3886413Z Nested mountpoint 
2026-03-22T15:15:18.4371091Z Nested mountpoint 
2026-03-22T15:15:18.4856727Z Nested mountpoint 
2026-03-22T15:15:18.8192190Z State: Starting, Action: CreatingContainer, LastError: ContainerTimeout, LastErrorTimestamp: 03/22/2026 15:12:47, LastErrorDetails: Container did not start within expected time limit of 230s. Please inspect your container logs for more details., Details: Finished pulling container image and mounting volumes for card-social-api. Allocatinng the rest of the container resources to finish container creation., DetailsLevel: INFO
2026-03-22T15:15:18.8194684Z Creating container.
2026-03-22T15:15:18.8196480Z Creating pipes for streaming container io.
2026-03-22T15:15:18.8199826Z Creating stdout named pipe at /podr/container/pipe/146f854d2c92_card-social-api/stdout_cecd997105bf4deaae21446edbfe0f0b.
2026-03-22T15:15:18.8204425Z Successfully created stdout named pipe at: /podr/container/pipe/146f854d2c92_card-social-api/stdout_cecd997105bf4deaae21446edbfe0f0b.
2026-03-22T15:15:18.8206071Z Opening named pipe /podr/container/pipe/146f854d2c92_card-social-api/stdout_cecd997105bf4deaae21446edbfe0f0b for reading in non-blocking mode.
2026-03-22T15:15:18.8208969Z Successfully opened named pipe: /podr/container/pipe/146f854d2c92_card-social-api/stdout_cecd997105bf4deaae21446edbfe0f0b.
2026-03-22T15:15:18.8213929Z Successfully removed non-blocking flag from /podr/container/pipe/146f854d2c92_card-social-api/stdout_cecd997105bf4deaae21446edbfe0f0b.
2026-03-22T15:15:18.8219216Z Creating stderr named pipe at /podr/container/pipe/146f854d2c92_card-social-api/stderr_fc1542d3b9604096bc360f0d4502db06.
2026-03-22T15:15:18.8314244Z Successfully created stderr named pipe at: /podr/container/pipe/146f854d2c92_card-social-api/stderr_fc1542d3b9604096bc360f0d4502db06.
2026-03-22T15:15:18.8376908Z Opening named pipe /podr/container/pipe/146f854d2c92_card-social-api/stderr_fc1542d3b9604096bc360f0d4502db06 for reading in non-blocking mode.
2026-03-22T15:15:18.8378804Z Successfully opened named pipe: /podr/container/pipe/146f854d2c92_card-social-api/stderr_fc1542d3b9604096bc360f0d4502db06.
2026-03-22T15:15:18.8379829Z Successfully removed non-blocking flag from /podr/container/pipe/146f854d2c92_card-social-api/stderr_fc1542d3b9604096bc360f0d4502db06.
2026-03-22T15:15:18.8388500Z Creating container with image: appsvc/node:20-lts_20260115.4.tuxprod from registry: 10.1.0.4:13209 and fully qualified image name: 10.1.0.4:13209/appsvc/node:20-lts_20260115.4.tuxprod
2026-03-22T15:15:19.3085220Z Starting container: 146f854d2c92_card-social-api.
2026-03-22T15:15:19.3898957Z Starting watchers and probes.
2026-03-22T15:15:19.3912707Z Starting metrics collection.
2026-03-22T15:15:19.3919262Z Container is running.
2026-03-22T15:15:19.3930878Z State: Starting, Action: CreatingContainer, LastError: ContainerTimeout, LastErrorTimestamp: 03/22/2026 15:12:47, LastErrorDetails: Container did not start within expected time limit of 230s. Please inspect your container logs for more details., Details: Container card-social-api successfully created and is running., DetailsLevel: INFO
2026-03-22T15:15:19.5385896Z Container start method finished after 1641 ms.
2026-03-22T15:15:19.5671883Z State: Starting, Action: InitiatingSiteWarmUpProbe, LastError: ContainerTimeout, LastErrorTimestamp: 03/22/2026 15:12:47, LastErrorDetails: Container did not start within expected time limit of 230s. Please inspect your container logs for more details., Details: Container card-social-api successfully created and is running., DetailsLevel: INFO
2026-03-22T15:15:19.5672514Z State: Starting, Action: WaitingForSiteWarmUpProbeSuccess, LastError: ContainerTimeout, LastErrorTimestamp: 03/22/2026 15:12:47, LastErrorDetails: Container did not start within expected time limit of 230s. Please inspect your container logs for more details., Details: Pinging warmup path to ensure container is ready to receive requests., DetailsLevel: INFO
2026-03-22T15:15:46.1571335Z Container has finished running with exit code: 1.
2026-03-22T15:15:46.1583122Z Container is terminating. Grace period: 5 seconds.
2026-03-22T15:15:46.1677956Z Stop and delete container. Retry count = 0
2026-03-22T15:15:46.1682638Z Stopping container: 146f854d2c92_card-social-api.
2026-03-22T15:15:46.2259121Z Deleting container: 146f854d2c92_card-social-api. Retry count = 0
2026-03-22T15:15:46.5104276Z Container spec TerminationMessagePolicy  path 
2026-03-22T15:15:46.5106456Z Container is terminated. Total time elapsed: 352 ms.
2026-03-22T15:15:46.5117174Z Site container: card-social-api terminated during site startup.
2026-03-22T15:15:46.5119647Z State: Stopping, Action: CancellingStartup, LastError: ContainerTimeout, LastErrorTimestamp: 03/22/2026 15:12:47, LastErrorDetails: Container did not start within expected time limit of 230s. Please inspect your container logs for more details., Details: Site container: card-social-api terminated during site startup. Cancelling site startup., DetailsLevel: ERR
2026-03-22T15:15:46.5508985Z Site startup probe failed after 26.9820523 seconds.
2026-03-22T15:15:46.8811666Z State: Stopping, Action: CancellingStartup, LastError: ContainerTimeout, LastErrorTimestamp: 03/22/2026 15:15:46, LastErrorDetails: Container did not start within expected time limit of 230s. Please inspect your container logs for more details., Details: Site container: card-social-api terminated during site startup. Cancelling site startup., DetailsLevel: ERR
2026-03-22T15:15:46.8892283Z Failed to start site. Revert by stopping site.
2026-03-22T15:15:46.8895218Z State: Stopping, Action: StoppingSite, LastError: ContainerTimeout, LastErrorTimestamp: 03/22/2026 15:15:46, LastErrorDetails: Container did not start within expected time limit of 230s. Please inspect your container logs for more details., Details: Site container: card-social-api terminated during site startup. Cancelling site startup., DetailsLevel: ERR
2026-03-22T15:15:46.8905500Z State: Stopping, Action: StoppingSiteContainers, LastError: ContainerTimeout, LastErrorTimestamp: 03/22/2026 15:15:46, LastErrorDetails: Container did not start within expected time limit of 230s. Please inspect your container logs for more details., Details: Site container: card-social-api terminated during site startup. Cancelling site startup., DetailsLevel: ERR
2026-03-22T15:15:46.8905688Z Site: card-social-api stopped.
2026-03-22T15:15:46.9002590Z State: Stopping, Action: UnmountingVolumes, LastError: ContainerTimeout, LastErrorTimestamp: 03/22/2026 15:15:46, LastErrorDetails: Container did not start within expected time limit of 230s. Please inspect your container logs for more details., Details: Site container: card-social-api terminated during site startup. Cancelling site startup., DetailsLevel: ERR
2026-03-22T15:15:47.3782260Z State: Stopping, Action: StoppingSiteNetworks, LastError: ContainerTimeout, LastErrorTimestamp: 03/22/2026 15:15:46, LastErrorDetails: Container did not start within expected time limit of 230s. Please inspect your container logs for more details., Details: Site container: card-social-api terminated during site startup. Cancelling site startup., DetailsLevel: ERR
2026-03-22T15:15:48.0544519Z State: Stopped, Action: None, LastError: ContainerTimeout, LastErrorTimestamp: 03/22/2026 15:15:46, LastErrorDetails: Container did not start within expected time limit of 230s. Please inspect your container logs for more details., Details: Site stopped at 03/22/2026 15:15:48 (UTC), DetailsLevel: ERR
2026-03-22T15:15:48.5203823Z State: Stopped, Action: None, LastError: ContainerTimeout, LastErrorTimestamp: 03/22/2026 15:15:46, LastErrorDetails: Container did not start within expected time limit of 230s. Please inspect your container logs for more details., Details: Site stopped at 03/22/2026 15:15:48 (UTC), DetailsLevel: ERR
2026-03-22T15:16:40.6259603Z State: Starting, Action: EstablishingSiteNetworks, LastError: ContainerTimeout, LastErrorTimestamp: 03/22/2026 15:15:46, LastErrorDetails: Container did not start within expected time limit of 230s. Please inspect your container logs for more details., Details: Site stopped at 03/22/2026 15:15:48 (UTC), DetailsLevel: ERR
2026-03-22T15:16:42.9551417Z State: Starting, Action: StartingSiteContainers, LastError: ContainerTimeout, LastErrorTimestamp: 03/22/2026 15:15:46, LastErrorDetails: Container did not start within expected time limit of 230s. Please inspect your container logs for more details., Details: Site stopped at 03/22/2026 15:15:48 (UTC), DetailsLevel: ERR
2026-03-22T15:16:42.9552887Z Container start method called.
2026-03-22T15:16:42.9553379Z State: Starting, Action: PullingImage, LastError: ContainerTimeout, LastErrorTimestamp: 03/22/2026 15:15:46, LastErrorDetails: Container did not start within expected time limit of 230s. Please inspect your container logs for more details., Details: Pulling image 10.1.0.4:13209/appsvc/node:20-lts_20260115.4.tuxprod for card-social-api., DetailsLevel: INFO
2026-03-22T15:16:42.9554672Z Establishing network.
2026-03-22T15:16:42.9555879Z Pulling image: appsvc/node:20-lts_20260115.4.tuxprod.
2026-03-22T15:16:43.2128011Z Container is starting.
2026-03-22T15:16:43.2129140Z State: Starting, Action: MountingVolumes, LastError: ContainerTimeout, LastErrorTimestamp: 03/22/2026 15:15:46, LastErrorDetails: Container did not start within expected time limit of 230s. Please inspect your container logs for more details., Details: Mounting volumes for card-social-api., DetailsLevel: INFO
2026-03-22T15:16:43.2130375Z Establishing user namespace if not established already.
2026-03-22T15:16:43.2131447Z Establishing network if not established already.
2026-03-22T15:16:43.2132793Z Mounting volumes.
2026-03-22T15:16:43.2134239Z Nested mountpoint 
2026-03-22T15:16:43.2416078Z Nested mountpoint volatile/logs
2026-03-22T15:16:43.3133110Z Nested mountpoint 
2026-03-22T15:16:43.3223014Z Nested mountpoint 
2026-03-22T15:16:43.4282488Z Nested mountpoint 
2026-03-22T15:16:43.9269121Z State: Starting, Action: CreatingContainer, LastError: ContainerTimeout, LastErrorTimestamp: 03/22/2026 15:15:46, LastErrorDetails: Container did not start within expected time limit of 230s. Please inspect your container logs for more details., Details: Finished pulling container image and mounting volumes for card-social-api. Allocatinng the rest of the container resources to finish container creation., DetailsLevel: INFO
2026-03-22T15:16:43.9282469Z Creating container.
2026-03-22T15:16:43.9289213Z Creating pipes for streaming container io.
2026-03-22T15:16:43.9341599Z Creating stdout named pipe at /podr/container/pipe/57a44c7f0481_card-social-api/stdout_c4d76234a18b4aa7812e3533954c725b.
2026-03-22T15:16:43.9347575Z Successfully created stdout named pipe at: /podr/container/pipe/57a44c7f0481_card-social-api/stdout_c4d76234a18b4aa7812e3533954c725b.
2026-03-22T15:16:43.9351092Z Opening named pipe /podr/container/pipe/57a44c7f0481_card-social-api/stdout_c4d76234a18b4aa7812e3533954c725b for reading in non-blocking mode.
2026-03-22T15:16:43.9356323Z Successfully opened named pipe: /podr/container/pipe/57a44c7f0481_card-social-api/stdout_c4d76234a18b4aa7812e3533954c725b.
2026-03-22T15:16:43.9361443Z Successfully removed non-blocking flag from /podr/container/pipe/57a44c7f0481_card-social-api/stdout_c4d76234a18b4aa7812e3533954c725b.
2026-03-22T15:16:43.9366595Z Creating stderr named pipe at /podr/container/pipe/57a44c7f0481_card-social-api/stderr_b0b06f4f629a484b909c92afb59d2c90.
2026-03-22T15:16:43.9373250Z Successfully created stderr named pipe at: /podr/container/pipe/57a44c7f0481_card-social-api/stderr_b0b06f4f629a484b909c92afb59d2c90.
2026-03-22T15:16:43.9431948Z Opening named pipe /podr/container/pipe/57a44c7f0481_card-social-api/stderr_b0b06f4f629a484b909c92afb59d2c90 for reading in non-blocking mode.
2026-03-22T15:16:43.9433880Z Successfully opened named pipe: /podr/container/pipe/57a44c7f0481_card-social-api/stderr_b0b06f4f629a484b909c92afb59d2c90.
2026-03-22T15:16:43.9435285Z Successfully removed non-blocking flag from /podr/container/pipe/57a44c7f0481_card-social-api/stderr_b0b06f4f629a484b909c92afb59d2c90.
2026-03-22T15:16:43.9439474Z Creating container with image: appsvc/node:20-lts_20260115.4.tuxprod from registry: 10.1.0.4:13209 and fully qualified image name: 10.1.0.4:13209/appsvc/node:20-lts_20260115.4.tuxprod
2026-03-22T15:16:44.3844557Z Starting container: 57a44c7f0481_card-social-api.
2026-03-22T15:16:44.5144839Z Starting watchers and probes.
2026-03-22T15:16:44.5158777Z Starting metrics collection.
2026-03-22T15:16:44.5161207Z Container is running.
2026-03-22T15:16:44.5162113Z State: Starting, Action: CreatingContainer, LastError: ContainerTimeout, LastErrorTimestamp: 03/22/2026 15:15:46, LastErrorDetails: Container did not start within expected time limit of 230s. Please inspect your container logs for more details., Details: Container card-social-api successfully created and is running., DetailsLevel: INFO
2026-03-22T15:16:44.7863107Z Container start method finished after 1821 ms.
2026-03-22T15:16:44.8353325Z State: Starting, Action: InitiatingSiteWarmUpProbe, LastError: ContainerTimeout, LastErrorTimestamp: 03/22/2026 15:15:46, LastErrorDetails: Container did not start within expected time limit of 230s. Please inspect your container logs for more details., Details: Container card-social-api successfully created and is running., DetailsLevel: INFO
2026-03-22T15:16:44.8354462Z State: Starting, Action: WaitingForSiteWarmUpProbeSuccess, LastError: ContainerTimeout, LastErrorTimestamp: 03/22/2026 15:15:46, LastErrorDetails: Container did not start within expected time limit of 230s. Please inspect your container logs for more details., Details: Pinging warmup path to ensure container is ready to receive requests., DetailsLevel: INFO
2026-03-22T15:17:10.9348350Z Container has finished running with exit code: 1.
2026-03-22T15:17:10.9368399Z Container is terminating. Grace period: 5 seconds.
2026-03-22T15:17:10.9373116Z Stop and delete container. Retry count = 0
2026-03-22T15:17:10.9374180Z Stopping container: 57a44c7f0481_card-social-api.
2026-03-22T15:17:11.1143631Z Deleting container: 57a44c7f0481_card-social-api. Retry count = 0
2026-03-22T15:17:11.3066312Z Container get mounts received unexpected exception.
2026-03-22T15:17:11.3948717Z Container get mounts received unexpected exception.
2026-03-22T15:17:11.4052531Z Container get processes received unexpected exception.
2026-03-22T15:17:11.4325130Z Container get processes received unexpected exception.
2026-03-22T15:17:11.6433491Z Container spec TerminationMessagePolicy  path 
2026-03-22T15:17:11.6448169Z Container is terminated. Total time elapsed: 706 ms.
2026-03-22T15:17:11.6476247Z Site container: card-social-api terminated during site startup.
2026-03-22T15:17:11.6660366Z State: Stopping, Action: CancellingStartup, LastError: ContainerTimeout, LastErrorTimestamp: 03/22/2026 15:15:46, LastErrorDetails: Container did not start within expected time limit of 230s. Please inspect your container logs for more details., Details: Site container: card-social-api terminated during site startup. Cancelling site startup., DetailsLevel: ERR
2026-03-22T15:17:11.6938802Z Site startup probe failed after 26.8573028 seconds.
2026-03-22T15:17:12.0129187Z State: Stopping, Action: CancellingStartup, LastError: ContainerTimeout, LastErrorTimestamp: 03/22/2026 15:17:12, LastErrorDetails: Container did not start within expected time limit of 230s. Please inspect your container logs for more details., Details: Site container: card-social-api terminated during site startup. Cancelling site startup., DetailsLevel: ERR
2026-03-22T15:17:12.0202887Z Failed to start site. Revert by stopping site.
2026-03-22T15:17:12.0203865Z State: Stopping, Action: StoppingSite, LastError: ContainerTimeout, LastErrorTimestamp: 03/22/2026 15:17:12, LastErrorDetails: Container did not start within expected time limit of 230s. Please inspect your container logs for more details., Details: Site container: card-social-api terminated during site startup. Cancelling site startup., DetailsLevel: ERR
2026-03-22T15:17:12.0206229Z State: Stopping, Action: StoppingSiteContainers, LastError: ContainerTimeout, LastErrorTimestamp: 03/22/2026 15:17:12, LastErrorDetails: Container did not start within expected time limit of 230s. Please inspect your container logs for more details., Details: Site container: card-social-api terminated during site startup. Cancelling site startup., DetailsLevel: ERR
2026-03-22T15:17:12.0206360Z Site: card-social-api stopped.
2026-03-22T15:27:55.7573653Z State: Starting, Action: EstablishingSiteNetworks, LastError: ContainerTimeout, LastErrorTimestamp: 03/22/2026 15:17:12, LastErrorDetails: Container did not start within expected time limit of 230s. Please inspect your container logs for more details., Details: Site stopped at 03/22/2026 15:17:13 (UTC), DetailsLevel: WARN
2026-03-22T15:28:00.1767727Z State: Starting, Action: StartingSiteContainers, LastError: ContainerTimeout, LastErrorTimestamp: 03/22/2026 15:17:12, LastErrorDetails: Container did not start within expected time limit of 230s. Please inspect your container logs for more details., Details: Site stopped at 03/22/2026 15:17:13 (UTC), DetailsLevel: WARN
2026-03-22T15:28:00.1769413Z Container start method called.
2026-03-22T15:28:00.1769879Z State: Starting, Action: PullingImage, LastError: ContainerTimeout, LastErrorTimestamp: 03/22/2026 15:17:12, LastErrorDetails: Container did not start within expected time limit of 230s. Please inspect your container logs for more details., Details: Pulling image 10.1.0.5:13209/appsvc/node:20-lts_20260115.4.tuxprod for card-social-api., DetailsLevel: INFO
2026-03-22T15:28:00.1770951Z Establishing network.
2026-03-22T15:28:00.1772088Z Pulling image: appsvc/node:20-lts_20260115.4.tuxprod.
2026-03-22T15:28:00.7476664Z Container is starting.
2026-03-22T15:28:00.7478456Z State: Starting, Action: MountingVolumes, LastError: ContainerTimeout, LastErrorTimestamp: 03/22/2026 15:17:12, LastErrorDetails: Container did not start within expected time limit of 230s. Please inspect your container logs for more details., Details: Mounting volumes for card-social-api., DetailsLevel: INFO
2026-03-22T15:28:00.7492314Z Establishing user namespace if not established already.
2026-03-22T15:28:00.7494035Z Establishing network if not established already.
2026-03-22T15:28:00.7495639Z Mounting volumes.
2026-03-22T15:28:00.7666292Z Nested mountpoint 
2026-03-22T15:28:00.8423034Z Nested mountpoint volatile/logs
2026-03-22T15:28:00.9923964Z Nested mountpoint 
2026-03-22T15:28:01.1194357Z Nested mountpoint 
2026-03-22T15:28:01.2340118Z Nested mountpoint 
2026-03-22T15:28:02.2343204Z State: Starting, Action: CreatingContainer, LastError: ContainerTimeout, LastErrorTimestamp: 03/22/2026 15:17:12, LastErrorDetails: Container did not start within expected time limit of 230s. Please inspect your container logs for more details., Details: Finished pulling container image and mounting volumes for card-social-api. Allocatinng the rest of the container resources to finish container creation., DetailsLevel: INFO
2026-03-22T15:28:02.2345162Z Creating container.
2026-03-22T15:28:02.2348689Z Creating pipes for streaming container io.
2026-03-22T15:28:02.2350212Z Creating stdout named pipe at /podr/container/pipe/1238bb29387b_card-social-api/stdout_2da6b1bee27c4c96bf0c25ff5e1b5914.
2026-03-22T15:28:02.2540203Z Successfully created stdout named pipe at: /podr/container/pipe/1238bb29387b_card-social-api/stdout_2da6b1bee27c4c96bf0c25ff5e1b5914.
2026-03-22T15:28:02.2542109Z Opening named pipe /podr/container/pipe/1238bb29387b_card-social-api/stdout_2da6b1bee27c4c96bf0c25ff5e1b5914 for reading in non-blocking mode.
2026-03-22T15:28:02.2624676Z Successfully opened named pipe: /podr/container/pipe/1238bb29387b_card-social-api/stdout_2da6b1bee27c4c96bf0c25ff5e1b5914.
2026-03-22T15:28:02.2638858Z Successfully removed non-blocking flag from /podr/container/pipe/1238bb29387b_card-social-api/stdout_2da6b1bee27c4c96bf0c25ff5e1b5914.
2026-03-22T15:28:02.2822179Z Creating stderr named pipe at /podr/container/pipe/1238bb29387b_card-social-api/stderr_56da3afd9dfa41929f04d4e472f1480c.
2026-03-22T15:28:02.2894339Z Successfully created stderr named pipe at: /podr/container/pipe/1238bb29387b_card-social-api/stderr_56da3afd9dfa41929f04d4e472f1480c.
2026-03-22T15:28:02.2896871Z Opening named pipe /podr/container/pipe/1238bb29387b_card-social-api/stderr_56da3afd9dfa41929f04d4e472f1480c for reading in non-blocking mode.
2026-03-22T15:28:02.2907094Z Successfully opened named pipe: /podr/container/pipe/1238bb29387b_card-social-api/stderr_56da3afd9dfa41929f04d4e472f1480c.
2026-03-22T15:28:02.2912269Z Successfully removed non-blocking flag from /podr/container/pipe/1238bb29387b_card-social-api/stderr_56da3afd9dfa41929f04d4e472f1480c.
2026-03-22T15:28:02.2915859Z Creating container with image: appsvc/node:20-lts_20260115.4.tuxprod from registry: 10.1.0.5:13209 and fully qualified image name: 10.1.0.5:13209/appsvc/node:20-lts_20260115.4.tuxprod
2026-03-22T15:28:04.1320590Z Starting container: 1238bb29387b_card-social-api.
2026-03-22T15:28:04.3606663Z Starting watchers and probes.
2026-03-22T15:28:04.3616870Z Starting metrics collection.
2026-03-22T15:28:04.3625585Z Container is running.
2026-03-22T15:28:04.3628524Z State: Starting, Action: CreatingContainer, LastError: ContainerTimeout, LastErrorTimestamp: 03/22/2026 15:17:12, LastErrorDetails: Container did not start within expected time limit of 230s. Please inspect your container logs for more details., Details: Container card-social-api successfully created and is running., DetailsLevel: INFO
2026-03-22T15:28:04.7504511Z Container start method finished after 4573 ms.
2026-03-22T15:28:04.7521826Z State: Starting, Action: InitiatingSiteWarmUpProbe, LastError: ContainerTimeout, LastErrorTimestamp: 03/22/2026 15:17:12, LastErrorDetails: Container did not start within expected time limit of 230s. Please inspect your container logs for more details., Details: Container card-social-api successfully created and is running., DetailsLevel: INFO
2026-03-22T15:28:04.7522224Z State: Starting, Action: WaitingForSiteWarmUpProbeSuccess, LastError: ContainerTimeout, LastErrorTimestamp: 03/22/2026 15:17:12, LastErrorDetails: Container did not start within expected time limit of 230s. Please inspect your container logs for more details., Details: Pinging warmup path to ensure container is ready to receive requests., DetailsLevel: INFO
2026-03-22T15:28:44.3181115Z Container has finished running with exit code: 1.
2026-03-22T15:28:44.3245792Z Container is terminating. Grace period: 5 seconds.
2026-03-22T15:28:44.3253045Z Stop and delete container. Retry count = 0
2026-03-22T15:28:44.3257265Z Stopping container: 1238bb29387b_card-social-api.
2026-03-22T15:28:44.4091035Z Deleting container: 1238bb29387b_card-social-api. Retry count = 0
2026-03-22T15:28:44.6441598Z Container spec TerminationMessagePolicy  path 
2026-03-22T15:28:44.6444951Z Container is terminated. Total time elapsed: 319 ms.
2026-03-22T15:28:44.6446205Z Site container: card-social-api terminated during site startup.
2026-03-22T15:28:44.6447763Z State: Stopping, Action: CancellingStartup, LastError: ContainerTimeout, LastErrorTimestamp: 03/22/2026 15:17:12, LastErrorDetails: Container did not start within expected time limit of 230s. Please inspect your container logs for more details., Details: Site container: card-social-api terminated during site startup. Cancelling site startup., DetailsLevel: ERR
2026-03-22T15:28:44.6556548Z Site startup probe failed after 39.9030345 seconds.
2026-03-22T15:28:44.9034928Z State: Stopping, Action: CancellingStartup, LastError: ContainerTimeout, LastErrorTimestamp: 03/22/2026 15:28:44, LastErrorDetails: Container did not start within expected time limit of 230s. Please inspect your container logs for more details., Details: Site container: card-social-api terminated during site startup. Cancelling site startup., DetailsLevel: ERR
2026-03-22T15:28:44.9135969Z Failed to start site. Revert by stopping site.
2026-03-22T15:28:44.9142667Z State: Stopping, Action: StoppingSite, LastError: ContainerTimeout, LastErrorTimestamp: 03/22/2026 15:28:44, LastErrorDetails: Container did not start within expected time limit of 230s. Please inspect your container logs for more details., Details: Site container: card-social-api terminated during site startup. Cancelling site startup., DetailsLevel: ERR
2026-03-22T15:28:44.9239289Z State: Stopping, Action: StoppingSiteContainers, LastError: ContainerTimeout, LastErrorTimestamp: 03/22/2026 15:28:44, LastErrorDetails: Container did not start within expected time limit of 230s. Please inspect your container logs for more details., Details: Site container: card-social-api terminated during site startup. Cancelling site startup., DetailsLevel: ERR
2026-03-22T15:28:44.9239521Z Site: card-social-api stopped.
2026-03-22T15:30:19.4834417Z State: Starting, Action: EstablishingSiteNetworks, LastError: ContainerTimeout, LastErrorTimestamp: 03/22/2026 15:28:44, LastErrorDetails: Container did not start within expected time limit of 230s. Please inspect your container logs for more details., Details: Site stopped at 03/22/2026 15:28:45 (UTC), DetailsLevel: ERR
2026-03-22T15:30:22.0920507Z State: Starting, Action: StartingSiteContainers, LastError: ContainerTimeout, LastErrorTimestamp: 03/22/2026 15:28:44, LastErrorDetails: Container did not start within expected time limit of 230s. Please inspect your container logs for more details., Details: Site stopped at 03/22/2026 15:28:45 (UTC), DetailsLevel: ERR
2026-03-22T15:30:22.0990466Z Container start method called.
2026-03-22T15:30:22.0994159Z State: Starting, Action: PullingImage, LastError: ContainerTimeout, LastErrorTimestamp: 03/22/2026 15:28:44, LastErrorDetails: Container did not start within expected time limit of 230s. Please inspect your container logs for more details., Details: Pulling image 10.1.0.4:13209/appsvc/node:20-lts_20260115.4.tuxprod for card-social-api., DetailsLevel: INFO
2026-03-22T15:30:22.0999691Z Establishing network.
2026-03-22T15:30:22.1004338Z Pulling image: appsvc/node:20-lts_20260115.4.tuxprod.
2026-03-22T15:30:22.4053098Z Container is starting.
2026-03-22T15:30:22.4054750Z State: Starting, Action: MountingVolumes, LastError: ContainerTimeout, LastErrorTimestamp: 03/22/2026 15:28:44, LastErrorDetails: Container did not start within expected time limit of 230s. Please inspect your container logs for more details., Details: Mounting volumes for card-social-api., DetailsLevel: INFO
2026-03-22T15:30:22.4064045Z Establishing user namespace if not established already.
2026-03-22T15:30:22.4162129Z Establishing network if not established already.
2026-03-22T15:30:22.4168971Z Mounting volumes.
2026-03-22T15:30:22.4177955Z Nested mountpoint 
2026-03-22T15:30:22.4553214Z Nested mountpoint volatile/logs
2026-03-22T15:30:22.5129877Z Nested mountpoint 
2026-03-22T15:30:22.5315572Z Nested mountpoint 
2026-03-22T15:30:22.5502543Z Nested mountpoint 
2026-03-22T15:30:22.8538686Z State: Starting, Action: CreatingContainer, LastError: ContainerTimeout, LastErrorTimestamp: 03/22/2026 15:28:44, LastErrorDetails: Container did not start within expected time limit of 230s. Please inspect your container logs for more details., Details: Finished pulling container image and mounting volumes for card-social-api. Allocatinng the rest of the container resources to finish container creation., DetailsLevel: INFO
2026-03-22T15:30:22.8548177Z Creating container.
2026-03-22T15:30:22.8552653Z Creating pipes for streaming container io.
2026-03-22T15:30:22.8827593Z Creating stdout named pipe at /podr/container/pipe/526ce808a9bb_card-social-api/stdout_4422c5982f164c3e831e1d86b78c4bf3.
2026-03-22T15:30:22.8835243Z Successfully created stdout named pipe at: /podr/container/pipe/526ce808a9bb_card-social-api/stdout_4422c5982f164c3e831e1d86b78c4bf3.
2026-03-22T15:30:22.8849487Z Opening named pipe /podr/container/pipe/526ce808a9bb_card-social-api/stdout_4422c5982f164c3e831e1d86b78c4bf3 for reading in non-blocking mode.
2026-03-22T15:30:22.8856269Z Successfully opened named pipe: /podr/container/pipe/526ce808a9bb_card-social-api/stdout_4422c5982f164c3e831e1d86b78c4bf3.
2026-03-22T15:30:22.9022724Z Successfully removed non-blocking flag from /podr/container/pipe/526ce808a9bb_card-social-api/stdout_4422c5982f164c3e831e1d86b78c4bf3.
2026-03-22T15:30:22.9042466Z Creating stderr named pipe at /podr/container/pipe/526ce808a9bb_card-social-api/stderr_7696ce6f65da4e8b8056e0b2ecd3cec0.
2026-03-22T15:30:22.9049652Z Successfully created stderr named pipe at: /podr/container/pipe/526ce808a9bb_card-social-api/stderr_7696ce6f65da4e8b8056e0b2ecd3cec0.
2026-03-22T15:30:22.9051394Z Opening named pipe /podr/container/pipe/526ce808a9bb_card-social-api/stderr_7696ce6f65da4e8b8056e0b2ecd3cec0 for reading in non-blocking mode.
2026-03-22T15:30:22.9052955Z Successfully opened named pipe: /podr/container/pipe/526ce808a9bb_card-social-api/stderr_7696ce6f65da4e8b8056e0b2ecd3cec0.
2026-03-22T15:30:22.9054042Z Successfully removed non-blocking flag from /podr/container/pipe/526ce808a9bb_card-social-api/stderr_7696ce6f65da4e8b8056e0b2ecd3cec0.
2026-03-22T15:30:22.9214715Z Creating container with image: appsvc/node:20-lts_20260115.4.tuxprod from registry: 10.1.0.4:13209 and fully qualified image name: 10.1.0.4:13209/appsvc/node:20-lts_20260115.4.tuxprod
2026-03-22T15:30:23.3863881Z Starting container: 526ce808a9bb_card-social-api.
2026-03-22T15:30:23.4615529Z Starting watchers and probes.
2026-03-22T15:30:23.4624355Z Starting metrics collection.
2026-03-22T15:30:23.4641530Z Container is running.
2026-03-22T15:30:23.4722145Z State: Starting, Action: CreatingContainer, LastError: ContainerTimeout, LastErrorTimestamp: 03/22/2026 15:28:44, LastErrorDetails: Container did not start within expected time limit of 230s. Please inspect your container logs for more details., Details: Container card-social-api successfully created and is running., DetailsLevel: INFO
2026-03-22T15:30:23.7360572Z Container start method finished after 1628 ms.
2026-03-22T15:30:23.7369543Z State: Starting, Action: InitiatingSiteWarmUpProbe, LastError: ContainerTimeout, LastErrorTimestamp: 03/22/2026 15:28:44, LastErrorDetails: Container did not start within expected time limit of 230s. Please inspect your container logs for more details., Details: Container card-social-api successfully created and is running., DetailsLevel: INFO
2026-03-22T15:30:23.7371746Z State: Starting, Action: WaitingForSiteWarmUpProbeSuccess, LastError: ContainerTimeout, LastErrorTimestamp: 03/22/2026 15:28:44, LastErrorDetails: Container did not start within expected time limit of 230s. Please inspect your container logs for more details., Details: Pinging warmup path to ensure container is ready to receive requests., DetailsLevel: INFO
2026-03-22T15:30:46.1046451Z Container has finished running with exit code: 127.
2026-03-22T15:30:46.1052619Z Container is terminating. Grace period: 5 seconds.
2026-03-22T15:30:46.1322802Z Stop and delete container. Retry count = 0
2026-03-22T15:30:46.1328665Z Stopping container: 526ce808a9bb_card-social-api.
2026-03-22T15:30:46.2203139Z Deleting container: 526ce808a9bb_card-social-api. Retry count = 0
2026-03-22T15:30:46.3972539Z Container spec TerminationMessagePolicy  path 
2026-03-22T15:30:46.3980036Z Container is terminated. Total time elapsed: 292 ms.
2026-03-22T15:30:46.3985834Z Site container: card-social-api terminated during site startup.
2026-03-22T15:30:46.3991746Z State: Stopping, Action: CancellingStartup, LastError: ContainerTimeout, LastErrorTimestamp: 03/22/2026 15:28:44, LastErrorDetails: Container did not start within expected time limit of 230s. Please inspect your container logs for more details., Details: Site container: card-social-api terminated during site startup. Cancelling site startup., DetailsLevel: ERR
2026-03-22T15:30:46.4169248Z Site startup probe failed after 22.6705561 seconds.
2026-03-22T15:30:46.6765672Z State: Stopping, Action: CancellingStartup, LastError: ContainerTimeout, LastErrorTimestamp: 03/22/2026 15:30:46, LastErrorDetails: Container did not start within expected time limit of 230s. Please inspect your container logs for more details., Details: Site container: card-social-api terminated during site startup. Cancelling site startup., DetailsLevel: ERR
2026-03-22T15:30:46.7329745Z Failed to start site. Revert by stopping site.
2026-03-22T15:30:46.7331670Z State: Stopping, Action: StoppingSite, LastError: ContainerTimeout, LastErrorTimestamp: 03/22/2026 15:30:46, LastErrorDetails: Container did not start within expected time limit of 230s. Please inspect your container logs for more details., Details: Site container: card-social-api terminated during site startup. Cancelling site startup., DetailsLevel: ERR
2026-03-22T15:30:46.7337285Z State: Stopping, Action: StoppingSiteContainers, LastError: ContainerTimeout, LastErrorTimestamp: 03/22/2026 15:30:46, LastErrorDetails: Container did not start within expected time limit of 230s. Please inspect your container logs for more details., Details: Site container: card-social-api terminated during site startup. Cancelling site startup., DetailsLevel: ERR
2026-03-22T15:30:46.7337477Z Site: card-social-api stopped.
2026-03-22T15:33:55.2788340Z State: Starting, Action: EstablishingSiteNetworks, LastError: ContainerTimeout, LastErrorTimestamp: 03/22/2026 15:30:46, LastErrorDetails: Container did not start within expected time limit of 230s. Please inspect your container logs for more details., Details: Site stopped at 03/22/2026 15:30:47 (UTC), DetailsLevel: ERR
2026-03-22T15:33:58.6349053Z State: Starting, Action: StartingSiteContainers, LastError: ContainerTimeout, LastErrorTimestamp: 03/22/2026 15:30:46, LastErrorDetails: Container did not start within expected time limit of 230s. Please inspect your container logs for more details., Details: Site stopped at 03/22/2026 15:30:47 (UTC), DetailsLevel: ERR
2026-03-22T15:33:58.6350365Z Container start method called.
2026-03-22T15:33:58.6350835Z State: Starting, Action: PullingImage, LastError: ContainerTimeout, LastErrorTimestamp: 03/22/2026 15:30:46, LastErrorDetails: Container did not start within expected time limit of 230s. Please inspect your container logs for more details., Details: Pulling image 10.1.0.4:13209/appsvc/node:20-lts_20260115.4.tuxprod for card-social-api., DetailsLevel: INFO
2026-03-22T15:33:58.6351875Z Establishing network.
2026-03-22T15:33:58.6353215Z Pulling image: appsvc/node:20-lts_20260115.4.tuxprod.
2026-03-22T15:33:59.2693917Z Container is starting.
2026-03-22T15:33:59.2695009Z State: Starting, Action: MountingVolumes, LastError: ContainerTimeout, LastErrorTimestamp: 03/22/2026 15:30:46, LastErrorDetails: Container did not start within expected time limit of 230s. Please inspect your container logs for more details., Details: Mounting volumes for card-social-api., DetailsLevel: INFO
2026-03-22T15:33:59.2696665Z Establishing user namespace if not established already.
2026-03-22T15:33:59.2698015Z Establishing network if not established already.
2026-03-22T15:33:59.2699218Z Mounting volumes.
2026-03-22T15:33:59.2703910Z Nested mountpoint 
2026-03-22T15:33:59.3503006Z Nested mountpoint volatile/logs
2026-03-22T15:33:59.3783643Z Nested mountpoint 
2026-03-22T15:33:59.4151201Z Nested mountpoint 
2026-03-22T15:33:59.4251754Z Nested mountpoint 
2026-03-22T15:33:59.9158976Z State: Starting, Action: CreatingContainer, LastError: ContainerTimeout, LastErrorTimestamp: 03/22/2026 15:30:46, LastErrorDetails: Container did not start within expected time limit of 230s. Please inspect your container logs for more details., Details: Finished pulling container image and mounting volumes for card-social-api. Allocatinng the rest of the container resources to finish container creation., DetailsLevel: INFO
2026-03-22T15:33:59.9172797Z Creating container.
2026-03-22T15:33:59.9174224Z Creating pipes for streaming container io.
2026-03-22T15:33:59.9177501Z Creating stdout named pipe at /podr/container/pipe/a49cf7a226f7_card-social-api/stdout_ebcd2ff6f3a042d4a1de8518d14322a0.
2026-03-22T15:33:59.9249651Z Successfully created stdout named pipe at: /podr/container/pipe/a49cf7a226f7_card-social-api/stdout_ebcd2ff6f3a042d4a1de8518d14322a0.
2026-03-22T15:33:59.9640573Z Opening named pipe /podr/container/pipe/a49cf7a226f7_card-social-api/stdout_ebcd2ff6f3a042d4a1de8518d14322a0 for reading in non-blocking mode.
2026-03-22T15:33:59.9645446Z Successfully opened named pipe: /podr/container/pipe/a49cf7a226f7_card-social-api/stdout_ebcd2ff6f3a042d4a1de8518d14322a0.
2026-03-22T15:33:59.9663783Z Successfully removed non-blocking flag from /podr/container/pipe/a49cf7a226f7_card-social-api/stdout_ebcd2ff6f3a042d4a1de8518d14322a0.
2026-03-22T15:33:59.9673473Z Creating stderr named pipe at /podr/container/pipe/a49cf7a226f7_card-social-api/stderr_0041e4f53b024aa6abc2935efa1e2359.
2026-03-22T15:33:59.9746930Z Successfully created stderr named pipe at: /podr/container/pipe/a49cf7a226f7_card-social-api/stderr_0041e4f53b024aa6abc2935efa1e2359.
2026-03-22T15:33:59.9748753Z Opening named pipe /podr/container/pipe/a49cf7a226f7_card-social-api/stderr_0041e4f53b024aa6abc2935efa1e2359 for reading in non-blocking mode.
2026-03-22T15:33:59.9750833Z Successfully opened named pipe: /podr/container/pipe/a49cf7a226f7_card-social-api/stderr_0041e4f53b024aa6abc2935efa1e2359.
2026-03-22T15:33:59.9752386Z Successfully removed non-blocking flag from /podr/container/pipe/a49cf7a226f7_card-social-api/stderr_0041e4f53b024aa6abc2935efa1e2359.
2026-03-22T15:33:59.9759053Z Creating container with image: appsvc/node:20-lts_20260115.4.tuxprod from registry: 10.1.0.4:13209 and fully qualified image name: 10.1.0.4:13209/appsvc/node:20-lts_20260115.4.tuxprod
2026-03-22T15:34:00.7756580Z Starting container: a49cf7a226f7_card-social-api.
2026-03-22T15:34:00.8928366Z Starting watchers and probes.
2026-03-22T15:34:00.8932977Z Starting metrics collection.
2026-03-22T15:34:00.8939196Z Container is running.
2026-03-22T15:34:00.9631835Z State: Starting, Action: CreatingContainer, LastError: ContainerTimeout, LastErrorTimestamp: 03/22/2026 15:30:46, LastErrorDetails: Container did not start within expected time limit of 230s. Please inspect your container logs for more details., Details: Container card-social-api successfully created and is running., DetailsLevel: INFO
2026-03-22T15:34:01.1845818Z Container start method finished after 2530 ms.
2026-03-22T15:34:01.2037166Z State: Starting, Action: InitiatingSiteWarmUpProbe, LastError: ContainerTimeout, LastErrorTimestamp: 03/22/2026 15:30:46, LastErrorDetails: Container did not start within expected time limit of 230s. Please inspect your container logs for more details., Details: Container card-social-api successfully created and is running., DetailsLevel: INFO
2026-03-22T15:34:01.2037763Z State: Starting, Action: WaitingForSiteWarmUpProbeSuccess, LastError: ContainerTimeout, LastErrorTimestamp: 03/22/2026 15:30:46, LastErrorDetails: Container did not start within expected time limit of 230s. Please inspect your container logs for more details., Details: Pinging warmup path to ensure container is ready to receive requests., DetailsLevel: INFO
2026-03-22T15:35:06.2851315Z Site startup probe succeeded after 65.0621434 seconds.
2026-03-22T15:35:06.5054014Z State: Starting, Action: WarmUpProbeSucceeded, LastError: ContainerTimeout, LastErrorTimestamp: 03/22/2026 15:30:46, LastErrorDetails: Container did not start within expected time limit of 230s. Please inspect your container logs for more details., Details: Site startup probe succeeded after 65.0621434 seconds., DetailsLevel: INFO
2026-03-22T15:35:06.5785852Z State: Starting, Action: StartingAuthContainer, LastError: ContainerTimeout, LastErrorTimestamp: 03/22/2026 15:30:46, LastErrorDetails: Container did not start within expected time limit of 230s. Please inspect your container logs for more details., Details: Site startup probe succeeded after 65.0621434 seconds., DetailsLevel: INFO
2026-03-22T15:35:14.7740878Z Site is running with deployment version: a64fa74d-d855-4c55-9095-4d50a9a5fb2b
2026-03-22T15:35:14.7815186Z Site started.
2026-03-22T15:35:14.7822590Z State: Started, Action: None, LastError: ContainerTimeout, LastErrorTimestamp: 03/22/2026 15:30:46, LastErrorDetails: Container did not start within expected time limit of 230s. Please inspect your container logs for more details., Details: Site started at 03/22/2026 15:35:14 (UTC), DetailsLevel: INFO
2026-03-22T15:35:14.8292120Z Site is running with patch version NODE 20.20.0
2026-03-22T15:40:43.7561738Z State: Starting, Action: EstablishingSiteNetworks, LastError: , LastErrorTimestamp: 01/01/0001 00:00:00, LastErrorDetails: , Details: , DetailsLevel: INFO
2026-03-22T15:40:48.8739887Z State: Starting, Action: StartingSiteContainers, LastError: , LastErrorTimestamp: 01/01/0001 00:00:00, LastErrorDetails: , Details: , DetailsLevel: INFO
2026-03-22T15:40:48.8741255Z Container start method called.
2026-03-22T15:40:48.8741702Z State: Starting, Action: PullingImage, LastError: , LastErrorTimestamp: 01/01/0001 00:00:00, LastErrorDetails: , Details: Pulling image 10.1.0.5:13209/appsvc/node:20-lts_20260115.4.tuxprod for card-social-api., DetailsLevel: INFO
2026-03-22T15:40:48.9486059Z Establishing network.
2026-03-22T15:40:48.9490837Z Pulling image: appsvc/node:20-lts_20260115.4.tuxprod.
2026-03-22T15:40:50.3991523Z Container is starting.
2026-03-22T15:40:50.3994661Z State: Starting, Action: MountingVolumes, LastError: , LastErrorTimestamp: 01/01/0001 00:00:00, LastErrorDetails: , Details: Mounting volumes for card-social-api., DetailsLevel: INFO
2026-03-22T15:40:50.4644036Z Establishing user namespace if not established already.
2026-03-22T15:40:50.4649095Z Establishing network if not established already.
2026-03-22T15:40:50.4650571Z Mounting volumes.
2026-03-22T15:40:50.4652108Z Nested mountpoint site/wwwroot
2026-03-22T15:40:50.7512392Z Nested mountpoint volatile/logs
2026-03-22T15:40:50.7622042Z Nested mountpoint 
2026-03-22T15:40:50.7635118Z Nested mountpoint 
2026-03-22T15:40:51.0825478Z Nested mountpoint 
2026-03-22T15:40:51.1005339Z Nested mountpoint 
2026-03-22T15:40:52.9111286Z State: Starting, Action: CreatingContainer, LastError: , LastErrorTimestamp: 01/01/0001 00:00:00, LastErrorDetails: , Details: Finished pulling container image and mounting volumes for card-social-api. Allocatinng the rest of the container resources to finish container creation., DetailsLevel: INFO
2026-03-22T15:40:52.9186579Z Creating container.
2026-03-22T15:40:52.9190361Z Creating pipes for streaming container io.
2026-03-22T15:40:52.9657118Z Creating stdout named pipe at /podr/container/pipe/653ed1d6bfc4_card-social-api/stdout_2af33b70c62a4eb8977978f6c142ba7f.
2026-03-22T15:40:52.9661730Z Successfully created stdout named pipe at: /podr/container/pipe/653ed1d6bfc4_card-social-api/stdout_2af33b70c62a4eb8977978f6c142ba7f.
2026-03-22T15:40:52.9674319Z Opening named pipe /podr/container/pipe/653ed1d6bfc4_card-social-api/stdout_2af33b70c62a4eb8977978f6c142ba7f for reading in non-blocking mode.
2026-03-22T15:40:52.9677496Z Successfully opened named pipe: /podr/container/pipe/653ed1d6bfc4_card-social-api/stdout_2af33b70c62a4eb8977978f6c142ba7f.
2026-03-22T15:40:52.9679986Z Successfully removed non-blocking flag from /podr/container/pipe/653ed1d6bfc4_card-social-api/stdout_2af33b70c62a4eb8977978f6c142ba7f.
2026-03-22T15:40:52.9684076Z Creating stderr named pipe at /podr/container/pipe/653ed1d6bfc4_card-social-api/stderr_0d8945ac6a7b414494cde7d26b897ca4.
2026-03-22T15:40:53.0246023Z Successfully created stderr named pipe at: /podr/container/pipe/653ed1d6bfc4_card-social-api/stderr_0d8945ac6a7b414494cde7d26b897ca4.
2026-03-22T15:40:53.0304997Z Opening named pipe /podr/container/pipe/653ed1d6bfc4_card-social-api/stderr_0d8945ac6a7b414494cde7d26b897ca4 for reading in non-blocking mode.
2026-03-22T15:40:53.0309616Z Successfully opened named pipe: /podr/container/pipe/653ed1d6bfc4_card-social-api/stderr_0d8945ac6a7b414494cde7d26b897ca4.
2026-03-22T15:40:53.0312032Z Successfully removed non-blocking flag from /podr/container/pipe/653ed1d6bfc4_card-social-api/stderr_0d8945ac6a7b414494cde7d26b897ca4.
2026-03-22T15:40:53.0428384Z Creating container with image: appsvc/node:20-lts_20260115.4.tuxprod from registry: 10.1.0.5:13209 and fully qualified image name: 10.1.0.5:13209/appsvc/node:20-lts_20260115.4.tuxprod
2026-03-22T15:40:55.3662971Z Starting container: 653ed1d6bfc4_card-social-api.
2026-03-22T15:40:55.5768567Z Starting watchers and probes.
2026-03-22T15:40:55.5928085Z Starting metrics collection.
2026-03-22T15:40:55.5936010Z Container is running.
2026-03-22T15:40:55.5941609Z State: Starting, Action: CreatingContainer, LastError: , LastErrorTimestamp: 01/01/0001 00:00:00, LastErrorDetails: , Details: Container card-social-api successfully created and is running., DetailsLevel: INFO
2026-03-22T15:40:56.5145672Z Container start method finished after 7639 ms.
2026-03-22T15:40:56.5351157Z State: Starting, Action: InitiatingSiteWarmUpProbe, LastError: , LastErrorTimestamp: 01/01/0001 00:00:00, LastErrorDetails: , Details: Container card-social-api successfully created and is running., DetailsLevel: INFO
2026-03-22T15:40:56.5549477Z State: Starting, Action: WaitingForSiteWarmUpProbeSuccess, LastError: , LastErrorTimestamp: 01/01/0001 00:00:00, LastErrorDetails: , Details: Pinging warmup path to ensure container is ready to receive requests., DetailsLevel: INFO
2026-03-22T15:42:14.7723584Z Container has finished running with exit code: 1.
2026-03-22T15:42:14.7725729Z Container is terminating. Grace period: 5 seconds.
2026-03-22T15:42:14.7912570Z Stop and delete container. Retry count = 0
2026-03-22T15:42:14.8204085Z Stopping container: 653ed1d6bfc4_card-social-api.
2026-03-22T15:42:15.0057145Z Deleting container: 653ed1d6bfc4_card-social-api. Retry count = 0
2026-03-22T15:42:16.0341781Z Container spec TerminationMessagePolicy  path 
2026-03-22T15:42:16.0822615Z Container is terminated. Total time elapsed: 1300 ms.
2026-03-22T15:42:16.0828328Z Site container: card-social-api terminated during site startup.
2026-03-22T15:42:16.1119743Z State: Stopping, Action: CancellingStartup, LastError: , LastErrorTimestamp: 01/01/0001 00:00:00, LastErrorDetails: , Details: Site container: card-social-api terminated during site startup. Cancelling site startup., DetailsLevel: ERR
2026-03-22T15:42:16.1980251Z Site startup probe failed after 79.6068305 seconds.
2026-03-22T15:42:16.8388036Z State: Stopping, Action: CancellingStartup, LastError: ContainerTimeout, LastErrorTimestamp: 03/22/2026 15:42:16, LastErrorDetails: Container did not start within expected time limit of 230s. Please inspect your container logs for more details., Details: Site container: card-social-api terminated during site startup. Cancelling site startup., DetailsLevel: ERR
2026-03-22T15:42:16.9388347Z Failed to start site. Revert by stopping site.
2026-03-22T15:42:16.9394418Z State: Stopping, Action: StoppingSite, LastError: ContainerTimeout, LastErrorTimestamp: 03/22/2026 15:42:16, LastErrorDetails: Container did not start within expected time limit of 230s. Please inspect your container logs for more details., Details: Site container: card-social-api terminated during site startup. Cancelling site startup., DetailsLevel: ERR
2026-03-22T15:42:16.9489706Z State: Stopping, Action: StoppingSiteContainers, LastError: ContainerTimeout, LastErrorTimestamp: 03/22/2026 15:42:16, LastErrorDetails: Container did not start within expected time limit of 230s. Please inspect your container logs for more details., Details: Site container: card-social-api terminated during site startup. Cancelling site startup., DetailsLevel: ERR
2026-03-22T15:42:16.9489926Z Site: card-social-api stopped.
2026-03-22T15:42:40.7019678Z State: Stopping, Action: StoppingSite, LastError: ContainerTimeout, LastErrorTimestamp: 03/22/2026 15:30:46, LastErrorDetails: Container did not start within expected time limit of 230s. Please inspect your container logs for more details., Details: Site started at 03/22/2026 15:35:14 (UTC), DetailsLevel: INFO
2026-03-22T15:42:40.7030963Z State: Stopping, Action: StoppingSiteContainers, LastError: ContainerTimeout, LastErrorTimestamp: 03/22/2026 15:30:46, LastErrorDetails: Container did not start within expected time limit of 230s. Please inspect your container logs for more details., Details: Site started at 03/22/2026 15:35:14 (UTC), DetailsLevel: INFO
2026-03-22T15:42:40.7112454Z Container is terminating. Grace period: 5 seconds.
2026-03-22T15:42:40.8374655Z Stop and delete container. Retry count = 0
2026-03-22T15:42:40.8376745Z Stopping container: a49cf7a226f7_card-social-api.
2026-03-22T15:42:46.8727315Z Deleting container: a49cf7a226f7_card-social-api. Retry count = 0
2026-03-22T15:42:49.6881094Z Container spec TerminationMessagePolicy  path 
2026-03-22T15:42:49.6884817Z Container is terminated. Total time elapsed: 8976 ms.
2026-03-22T15:42:49.6885942Z Site: card-social-api stopped.
2026-03-22T15:42:16.9764000Z State: Stopping, Action: UnmountingVolumes, LastError: ContainerTimeout, LastErrorTimestamp: 03/22/2026 15:42:16, LastErrorDetails: Container did not start within expected time limit of 230s. Please inspect your container logs for more details., Details: Site container: card-social-api terminated during site startup. Cancelling site startup., DetailsLevel: ERR
2026-03-22T15:42:18.9975961Z State: Stopping, Action: StoppingSiteNetworks, LastError: ContainerTimeout, LastErrorTimestamp: 03/22/2026 15:42:16, LastErrorDetails: Container did not start within expected time limit of 230s. Please inspect your container logs for more details., Details: Site container: card-social-api terminated during site startup. Cancelling site startup., DetailsLevel: ERR
2026-03-22T15:42:19.9990898Z State: Stopped, Action: None, LastError: ContainerTimeout, LastErrorTimestamp: 03/22/2026 15:42:16, LastErrorDetails: Container did not start within expected time limit of 230s. Please inspect your container logs for more details., Details: Site stopped at 03/22/2026 15:42:19 (UTC), DetailsLevel: ERR
2026-03-22T15:42:20.0565145Z State: Stopped, Action: None, LastError: ContainerTimeout, LastErrorTimestamp: 03/22/2026 15:42:16, LastErrorDetails: Container did not start within expected time limit of 230s. Please inspect your container logs for more details., Details: Site stopped at 03/22/2026 15:42:19 (UTC), DetailsLevel: ERR
2026-03-22T15:48:47.8439950Z State: Starting, Action: EstablishingSiteNetworks, LastError: ContainerTimeout, LastErrorTimestamp: 03/22/2026 15:42:16, LastErrorDetails: Container did not start within expected time limit of 230s. Please inspect your container logs for more details., Details: Site stopped at 03/22/2026 15:42:19 (UTC), DetailsLevel: ERR
2026-03-22T15:48:50.7026154Z State: Starting, Action: StartingSiteContainers, LastError: ContainerTimeout, LastErrorTimestamp: 03/22/2026 15:42:16, LastErrorDetails: Container did not start within expected time limit of 230s. Please inspect your container logs for more details., Details: Site stopped at 03/22/2026 15:42:19 (UTC), DetailsLevel: ERR
2026-03-22T15:48:50.7028173Z Container start method called.
2026-03-22T15:48:50.7028749Z State: Starting, Action: PullingImage, LastError: ContainerTimeout, LastErrorTimestamp: 03/22/2026 15:42:16, LastErrorDetails: Container did not start within expected time limit of 230s. Please inspect your container logs for more details., Details: Pulling image 10.1.0.5:13209/appsvc/node:20-lts_20260115.4.tuxprod for card-social-api., DetailsLevel: INFO
2026-03-22T15:48:50.7030071Z Establishing network.
2026-03-22T15:48:50.7031354Z Pulling image: appsvc/node:20-lts_20260115.4.tuxprod.
2026-03-22T15:48:51.0821913Z Container is starting.
2026-03-22T15:48:51.0823030Z State: Starting, Action: MountingVolumes, LastError: ContainerTimeout, LastErrorTimestamp: 03/22/2026 15:42:16, LastErrorDetails: Container did not start within expected time limit of 230s. Please inspect your container logs for more details., Details: Mounting volumes for card-social-api., DetailsLevel: INFO
2026-03-22T15:48:51.0824103Z Establishing user namespace if not established already.
2026-03-22T15:48:51.0825309Z Establishing network if not established already.
2026-03-22T15:48:51.0826744Z Mounting volumes.
2026-03-22T15:48:51.0923600Z Nested mountpoint site/wwwroot
2026-03-22T15:48:51.1593505Z Nested mountpoint volatile/logs
2026-03-22T15:48:51.1698630Z Nested mountpoint 
2026-03-22T15:48:51.2309566Z Nested mountpoint 
2026-03-22T15:48:51.3400537Z Nested mountpoint 
2026-03-22T15:48:51.3769480Z Nested mountpoint 
2026-03-22T15:48:52.1932903Z State: Starting, Action: CreatingContainer, LastError: ContainerTimeout, LastErrorTimestamp: 03/22/2026 15:42:16, LastErrorDetails: Container did not start within expected time limit of 230s. Please inspect your container logs for more details., Details: Finished pulling container image and mounting volumes for card-social-api. Allocatinng the rest of the container resources to finish container creation., DetailsLevel: INFO
2026-03-22T15:48:52.2042278Z Creating container.
2026-03-22T15:48:52.2045488Z Creating pipes for streaming container io.
2026-03-22T15:48:52.2122597Z Creating stdout named pipe at /podr/container/pipe/d8b7c8790ab7_card-social-api/stdout_3081c0f6edde4abb965ea033534c5647.
2026-03-22T15:48:52.2315164Z Successfully created stdout named pipe at: /podr/container/pipe/d8b7c8790ab7_card-social-api/stdout_3081c0f6edde4abb965ea033534c5647.
2026-03-22T15:48:52.2331003Z Opening named pipe /podr/container/pipe/d8b7c8790ab7_card-social-api/stdout_3081c0f6edde4abb965ea033534c5647 for reading in non-blocking mode.
2026-03-22T15:48:52.2508265Z Successfully opened named pipe: /podr/container/pipe/d8b7c8790ab7_card-social-api/stdout_3081c0f6edde4abb965ea033534c5647.
2026-03-22T15:48:52.2518977Z Successfully removed non-blocking flag from /podr/container/pipe/d8b7c8790ab7_card-social-api/stdout_3081c0f6edde4abb965ea033534c5647.
2026-03-22T15:48:52.2594764Z Creating stderr named pipe at /podr/container/pipe/d8b7c8790ab7_card-social-api/stderr_d394bae5da594a558fab25587deb72d6.
2026-03-22T15:48:52.2611472Z Successfully created stderr named pipe at: /podr/container/pipe/d8b7c8790ab7_card-social-api/stderr_d394bae5da594a558fab25587deb72d6.
2026-03-22T15:48:52.2613022Z Opening named pipe /podr/container/pipe/d8b7c8790ab7_card-social-api/stderr_d394bae5da594a558fab25587deb72d6 for reading in non-blocking mode.
2026-03-22T15:48:52.2614718Z Successfully opened named pipe: /podr/container/pipe/d8b7c8790ab7_card-social-api/stderr_d394bae5da594a558fab25587deb72d6.
2026-03-22T15:48:52.2615839Z Successfully removed non-blocking flag from /podr/container/pipe/d8b7c8790ab7_card-social-api/stderr_d394bae5da594a558fab25587deb72d6.
2026-03-22T15:48:52.2630143Z Creating container with image: appsvc/node:20-lts_20260115.4.tuxprod from registry: 10.1.0.5:13209 and fully qualified image name: 10.1.0.5:13209/appsvc/node:20-lts_20260115.4.tuxprod
2026-03-22T15:48:52.8607974Z Starting container: d8b7c8790ab7_card-social-api.
2026-03-22T15:48:52.9456740Z Starting watchers and probes.
2026-03-22T15:48:52.9465150Z Starting metrics collection.
2026-03-22T15:48:52.9553986Z Container is running.
2026-03-22T15:48:52.9559657Z State: Starting, Action: CreatingContainer, LastError: ContainerTimeout, LastErrorTimestamp: 03/22/2026 15:42:16, LastErrorDetails: Container did not start within expected time limit of 230s. Please inspect your container logs for more details., Details: Container card-social-api successfully created and is running., DetailsLevel: INFO
2026-03-22T15:48:53.2470871Z Container start method finished after 2543 ms.
2026-03-22T15:48:53.2660035Z State: Starting, Action: InitiatingSiteWarmUpProbe, LastError: ContainerTimeout, LastErrorTimestamp: 03/22/2026 15:42:16, LastErrorDetails: Container did not start within expected time limit of 230s. Please inspect your container logs for more details., Details: Container card-social-api successfully created and is running., DetailsLevel: INFO
2026-03-22T15:48:53.2661357Z State: Starting, Action: WaitingForSiteWarmUpProbeSuccess, LastError: ContainerTimeout, LastErrorTimestamp: 03/22/2026 15:42:16, LastErrorDetails: Container did not start within expected time limit of 230s. Please inspect your container logs for more details., Details: Pinging warmup path to ensure container is ready to receive requests., DetailsLevel: INFO
2026-03-22T15:49:27.2469692Z Container has finished running with exit code: 1.
2026-03-22T15:49:27.2554074Z Container is terminating. Grace period: 5 seconds.
2026-03-22T15:49:27.2632245Z Stop and delete container. Retry count = 0
2026-03-22T15:49:27.2633528Z Stopping container: d8b7c8790ab7_card-social-api.
2026-03-22T15:49:27.3719540Z Deleting container: d8b7c8790ab7_card-social-api. Retry count = 0
2026-03-22T15:49:27.6447404Z Container spec TerminationMessagePolicy  path 
2026-03-22T15:49:27.6514423Z Container is terminated. Total time elapsed: 389 ms.
2026-03-22T15:49:27.6519447Z Site container: card-social-api terminated during site startup.
2026-03-22T15:49:27.6526344Z State: Stopping, Action: CancellingStartup, LastError: ContainerTimeout, LastErrorTimestamp: 03/22/2026 15:42:16, LastErrorDetails: Container did not start within expected time limit of 230s. Please inspect your container logs for more details., Details: Site container: card-social-api terminated during site startup. Cancelling site startup., DetailsLevel: ERR
2026-03-22T15:49:27.6836345Z Site startup probe failed after 34.4091773 seconds.
2026-03-22T15:49:27.9472008Z State: Stopping, Action: CancellingStartup, LastError: ContainerTimeout, LastErrorTimestamp: 03/22/2026 15:49:27, LastErrorDetails: Container did not start within expected time limit of 230s. Please inspect your container logs for more details., Details: Site container: card-social-api terminated during site startup. Cancelling site startup., DetailsLevel: ERR
2026-03-22T15:49:27.9561514Z Failed to start site. Revert by stopping site.
2026-03-22T15:49:27.9567779Z State: Stopping, Action: StoppingSite, LastError: ContainerTimeout, LastErrorTimestamp: 03/22/2026 15:49:27, LastErrorDetails: Container did not start within expected time limit of 230s. Please inspect your container logs for more details., Details: Site container: card-social-api terminated during site startup. Cancelling site startup., DetailsLevel: ERR
2026-03-22T15:49:27.9582444Z State: Stopping, Action: StoppingSiteContainers, LastError: ContainerTimeout, LastErrorTimestamp: 03/22/2026 15:49:27, LastErrorDetails: Container did not start within expected time limit of 230s. Please inspect your container logs for more details., Details: Site container: card-social-api terminated during site startup. Cancelling site startup., DetailsLevel: ERR
2026-03-22T15:49:27.9582662Z Site: card-social-api stopped.
2026-03-22T15:56:05.8444416Z State: Starting, Action: EstablishingSiteNetworks, LastError: ContainerTimeout, LastErrorTimestamp: 03/22/2026 15:49:27, LastErrorDetails: Container did not start within expected time limit of 230s. Please inspect your container logs for more details., Details: Site stopped at 03/22/2026 15:49:29 (UTC), DetailsLevel: WARN
2026-03-22T15:56:08.2442878Z State: Starting, Action: StartingSiteContainers, LastError: ContainerTimeout, LastErrorTimestamp: 03/22/2026 15:49:27, LastErrorDetails: Container did not start within expected time limit of 230s. Please inspect your container logs for more details., Details: Site stopped at 03/22/2026 15:49:29 (UTC), DetailsLevel: WARN
2026-03-22T15:56:08.2444694Z Container start method called.
2026-03-22T15:56:08.2445920Z State: Starting, Action: PullingImage, LastError: ContainerTimeout, LastErrorTimestamp: 03/22/2026 15:49:27, LastErrorDetails: Container did not start within expected time limit of 230s. Please inspect your container logs for more details., Details: Pulling image 10.1.0.4:13209/appsvc/node:20-lts_20260115.4.tuxprod for card-social-api., DetailsLevel: INFO
2026-03-22T15:56:08.2447214Z Establishing network.
2026-03-22T15:56:08.2449769Z Pulling image: appsvc/node:20-lts_20260115.4.tuxprod.
2026-03-22T15:56:08.5002362Z Container is starting.
2026-03-22T15:56:08.5007216Z State: Starting, Action: MountingVolumes, LastError: ContainerTimeout, LastErrorTimestamp: 03/22/2026 15:49:27, LastErrorDetails: Container did not start within expected time limit of 230s. Please inspect your container logs for more details., Details: Mounting volumes for card-social-api., DetailsLevel: INFO
2026-03-22T15:56:08.5009212Z Establishing user namespace if not established already.
2026-03-22T15:56:08.5010915Z Establishing network if not established already.
2026-03-22T15:56:08.5014955Z Mounting volumes.
2026-03-22T15:56:08.5019132Z Nested mountpoint site/wwwroot
2026-03-22T15:56:08.5496888Z Nested mountpoint volatile/logs
2026-03-22T15:56:08.5789322Z Nested mountpoint 
2026-03-22T15:56:08.5805037Z Nested mountpoint 
2026-03-22T15:56:08.6956435Z Nested mountpoint 
2026-03-22T15:56:08.7240993Z Nested mountpoint 
2026-03-22T15:56:09.3690588Z State: Starting, Action: CreatingContainer, LastError: ContainerTimeout, LastErrorTimestamp: 03/22/2026 15:49:27, LastErrorDetails: Container did not start within expected time limit of 230s. Please inspect your container logs for more details., Details: Finished pulling container image and mounting volumes for card-social-api. Allocatinng the rest of the container resources to finish container creation., DetailsLevel: INFO
2026-03-22T15:56:09.3693450Z Creating container.
2026-03-22T15:56:09.3775277Z Creating pipes for streaming container io.
2026-03-22T15:56:09.3791765Z Creating stdout named pipe at /podr/container/pipe/351e084f2f04_card-social-api/stdout_7e43dd79285c4e21ae387b1ca20324cc.
2026-03-22T15:56:09.3810180Z Successfully created stdout named pipe at: /podr/container/pipe/351e084f2f04_card-social-api/stdout_7e43dd79285c4e21ae387b1ca20324cc.
2026-03-22T15:56:09.3883260Z Opening named pipe /podr/container/pipe/351e084f2f04_card-social-api/stdout_7e43dd79285c4e21ae387b1ca20324cc for reading in non-blocking mode.
2026-03-22T15:56:09.4275473Z Successfully opened named pipe: /podr/container/pipe/351e084f2f04_card-social-api/stdout_7e43dd79285c4e21ae387b1ca20324cc.
2026-03-22T15:56:09.4282849Z Successfully removed non-blocking flag from /podr/container/pipe/351e084f2f04_card-social-api/stdout_7e43dd79285c4e21ae387b1ca20324cc.
2026-03-22T15:56:09.4295057Z Creating stderr named pipe at /podr/container/pipe/351e084f2f04_card-social-api/stderr_d5e9d27a2ad24509b6613e28f9b2a26d.
2026-03-22T15:56:09.4302255Z Successfully created stderr named pipe at: /podr/container/pipe/351e084f2f04_card-social-api/stderr_d5e9d27a2ad24509b6613e28f9b2a26d.
2026-03-22T15:56:09.4305763Z Opening named pipe /podr/container/pipe/351e084f2f04_card-social-api/stderr_d5e9d27a2ad24509b6613e28f9b2a26d for reading in non-blocking mode.
2026-03-22T15:56:09.4308818Z Successfully opened named pipe: /podr/container/pipe/351e084f2f04_card-social-api/stderr_d5e9d27a2ad24509b6613e28f9b2a26d.
2026-03-22T15:56:09.4392134Z Successfully removed non-blocking flag from /podr/container/pipe/351e084f2f04_card-social-api/stderr_d5e9d27a2ad24509b6613e28f9b2a26d.
2026-03-22T15:56:09.4466095Z Creating container with image: appsvc/node:20-lts_20260115.4.tuxprod from registry: 10.1.0.4:13209 and fully qualified image name: 10.1.0.4:13209/appsvc/node:20-lts_20260115.4.tuxprod
2026-03-22T15:56:10.0333870Z Starting container: 351e084f2f04_card-social-api.
2026-03-22T15:56:10.1388423Z Starting watchers and probes.
2026-03-22T15:56:10.1398441Z Starting metrics collection.
2026-03-22T15:56:10.1480600Z Container is running.
2026-03-22T15:56:10.1497835Z State: Starting, Action: CreatingContainer, LastError: ContainerTimeout, LastErrorTimestamp: 03/22/2026 15:49:27, LastErrorDetails: Container did not start within expected time limit of 230s. Please inspect your container logs for more details., Details: Container card-social-api successfully created and is running., DetailsLevel: INFO
2026-03-22T15:56:10.3930401Z Container start method finished after 2148 ms.
2026-03-22T15:56:10.3937824Z State: Starting, Action: InitiatingSiteWarmUpProbe, LastError: ContainerTimeout, LastErrorTimestamp: 03/22/2026 15:49:27, LastErrorDetails: Container did not start within expected time limit of 230s. Please inspect your container logs for more details., Details: Container card-social-api successfully created and is running., DetailsLevel: INFO
2026-03-22T15:56:10.3938152Z State: Starting, Action: WaitingForSiteWarmUpProbeSuccess, LastError: ContainerTimeout, LastErrorTimestamp: 03/22/2026 15:49:27, LastErrorDetails: Container did not start within expected time limit of 230s. Please inspect your container logs for more details., Details: Pinging warmup path to ensure container is ready to receive requests., DetailsLevel: INFO
2026-03-22T15:56:39.3603052Z Container has finished running with exit code: 127.
2026-03-22T15:56:39.3665552Z Container is terminating. Grace period: 5 seconds.
2026-03-22T15:56:39.3674707Z Stop and delete container. Retry count = 0
2026-03-22T15:56:39.3677953Z Stopping container: 351e084f2f04_card-social-api.
2026-03-22T15:56:39.4661054Z Deleting container: 351e084f2f04_card-social-api. Retry count = 0
2026-03-22T15:56:39.7375578Z Container spec TerminationMessagePolicy  path 
2026-03-22T15:56:39.7386318Z Container is terminated. Total time elapsed: 370 ms.
2026-03-22T15:56:39.7458052Z Site container: card-social-api terminated during site startup.
2026-03-22T15:56:39.7460722Z State: Stopping, Action: CancellingStartup, LastError: ContainerTimeout, LastErrorTimestamp: 03/22/2026 15:49:27, LastErrorDetails: Container did not start within expected time limit of 230s. Please inspect your container logs for more details., Details: Site container: card-social-api terminated during site startup. Cancelling site startup., DetailsLevel: ERR
2026-03-22T15:56:39.7579252Z Site startup probe failed after 29.3548367 seconds.
2026-03-22T15:56:39.8884556Z State: Stopping, Action: CancellingStartup, LastError: ContainerTimeout, LastErrorTimestamp: 03/22/2026 15:56:39, LastErrorDetails: Container did not start within expected time limit of 230s. Please inspect your container logs for more details., Details: Site container: card-social-api terminated during site startup. Cancelling site startup., DetailsLevel: ERR
2026-03-22T15:56:39.9155857Z Failed to start site. Revert by stopping site.
2026-03-22T15:56:39.9162878Z State: Stopping, Action: StoppingSite, LastError: ContainerTimeout, LastErrorTimestamp: 03/22/2026 15:56:39, LastErrorDetails: Container did not start within expected time limit of 230s. Please inspect your container logs for more details., Details: Site container: card-social-api terminated during site startup. Cancelling site startup., DetailsLevel: ERR
2026-03-22T15:56:39.9233212Z State: Stopping, Action: StoppingSiteContainers, LastError: ContainerTimeout, LastErrorTimestamp: 03/22/2026 15:56:39, LastErrorDetails: Container did not start within expected time limit of 230s. Please inspect your container logs for more details., Details: Site container: card-social-api terminated during site startup. Cancelling site startup., DetailsLevel: ERR
2026-03-22T15:56:39.9233429Z Site: card-social-api stopped.
2026-03-22T15:58:07.2253443Z State: Starting, Action: EstablishingSiteNetworks, LastError: ContainerTimeout, LastErrorTimestamp: 03/22/2026 15:56:39, LastErrorDetails: Container did not start within expected time limit of 230s. Please inspect your container logs for more details., Details: Site stopped at 03/22/2026 15:56:40 (UTC), DetailsLevel: ERR
2026-03-22T15:58:12.2251560Z State: Starting, Action: StartingSiteContainers, LastError: ContainerTimeout, LastErrorTimestamp: 03/22/2026 15:56:39, LastErrorDetails: Container did not start within expected time limit of 230s. Please inspect your container logs for more details., Details: Site stopped at 03/22/2026 15:56:40 (UTC), DetailsLevel: ERR
2026-03-22T15:58:12.2252951Z Container start method called.
2026-03-22T15:58:12.2253400Z State: Starting, Action: PullingImage, LastError: ContainerTimeout, LastErrorTimestamp: 03/22/2026 15:56:39, LastErrorDetails: Container did not start within expected time limit of 230s. Please inspect your container logs for more details., Details: Pulling image 10.1.0.4:13209/appsvc/node:20-lts_20260115.4.tuxprod for card-social-api., DetailsLevel: INFO
2026-03-22T15:58:12.2771855Z Establishing network.
2026-03-22T15:58:12.2774127Z Pulling image: appsvc/node:20-lts_20260115.4.tuxprod.
2026-03-22T15:58:13.9938033Z Container is starting.
2026-03-22T15:58:14.0091116Z State: Starting, Action: MountingVolumes, LastError: ContainerTimeout, LastErrorTimestamp: 03/22/2026 15:56:39, LastErrorDetails: Container did not start within expected time limit of 230s. Please inspect your container logs for more details., Details: Mounting volumes for card-social-api., DetailsLevel: INFO
2026-03-22T15:58:14.0195054Z Establishing user namespace if not established already.
2026-03-22T15:58:14.0197265Z Establishing network if not established already.
2026-03-22T15:58:14.0198594Z Mounting volumes.
2026-03-22T15:58:14.0298535Z Nested mountpoint site/wwwroot
2026-03-22T15:58:14.2535433Z Nested mountpoint volatile/logs
2026-03-22T15:58:14.2736025Z Nested mountpoint 
2026-03-22T15:58:14.2742924Z Nested mountpoint 
2026-03-22T15:58:14.6751487Z Nested mountpoint 
2026-03-22T15:58:15.1154999Z Nested mountpoint 
2026-03-22T15:58:17.1937364Z State: Starting, Action: CreatingContainer, LastError: ContainerTimeout, LastErrorTimestamp: 03/22/2026 15:56:39, LastErrorDetails: Container did not start within expected time limit of 230s. Please inspect your container logs for more details., Details: Finished pulling container image and mounting volumes for card-social-api. Allocatinng the rest of the container resources to finish container creation., DetailsLevel: INFO
2026-03-22T15:58:17.1939243Z Creating container.
2026-03-22T15:58:17.2705409Z Creating pipes for streaming container io.
2026-03-22T15:58:17.2708051Z Creating stdout named pipe at /podr/container/pipe/d4c2cf866a6b_card-social-api/stdout_dc203011d9a445debc088a687b3241f9.
2026-03-22T15:58:17.2712341Z Successfully created stdout named pipe at: /podr/container/pipe/d4c2cf866a6b_card-social-api/stdout_dc203011d9a445debc088a687b3241f9.
2026-03-22T15:58:17.2713455Z Opening named pipe /podr/container/pipe/d4c2cf866a6b_card-social-api/stdout_dc203011d9a445debc088a687b3241f9 for reading in non-blocking mode.
2026-03-22T15:58:17.2714801Z Successfully opened named pipe: /podr/container/pipe/d4c2cf866a6b_card-social-api/stdout_dc203011d9a445debc088a687b3241f9.
2026-03-22T15:58:17.2715867Z Successfully removed non-blocking flag from /podr/container/pipe/d4c2cf866a6b_card-social-api/stdout_dc203011d9a445debc088a687b3241f9.
2026-03-22T15:58:17.2806977Z Creating stderr named pipe at /podr/container/pipe/d4c2cf866a6b_card-social-api/stderr_96d913d577314c4d9fd69c2da2cf4938.
2026-03-22T15:58:17.2809646Z Successfully created stderr named pipe at: /podr/container/pipe/d4c2cf866a6b_card-social-api/stderr_96d913d577314c4d9fd69c2da2cf4938.
2026-03-22T15:58:17.2810635Z Opening named pipe /podr/container/pipe/d4c2cf866a6b_card-social-api/stderr_96d913d577314c4d9fd69c2da2cf4938 for reading in non-blocking mode.
2026-03-22T15:58:17.2811773Z Successfully opened named pipe: /podr/container/pipe/d4c2cf866a6b_card-social-api/stderr_96d913d577314c4d9fd69c2da2cf4938.
2026-03-22T15:58:17.3385596Z Successfully removed non-blocking flag from /podr/container/pipe/d4c2cf866a6b_card-social-api/stderr_96d913d577314c4d9fd69c2da2cf4938.
2026-03-22T15:58:17.3495100Z Creating container with image: appsvc/node:20-lts_20260115.4.tuxprod from registry: 10.1.0.4:13209 and fully qualified image name: 10.1.0.4:13209/appsvc/node:20-lts_20260115.4.tuxprod
2026-03-22T15:58:18.7878155Z Starting container: d4c2cf866a6b_card-social-api.
2026-03-22T15:58:19.0036281Z Starting watchers and probes.
2026-03-22T15:58:19.0210377Z Starting metrics collection.
2026-03-22T15:58:19.0212437Z Container is running.
2026-03-22T15:58:19.0213271Z State: Starting, Action: CreatingContainer, LastError: ContainerTimeout, LastErrorTimestamp: 03/22/2026 15:56:39, LastErrorDetails: Container did not start within expected time limit of 230s. Please inspect your container logs for more details., Details: Container card-social-api successfully created and is running., DetailsLevel: INFO
2026-03-22T15:58:19.3570112Z Container start method finished after 7131 ms.
2026-03-22T15:58:19.3572223Z State: Starting, Action: InitiatingSiteWarmUpProbe, LastError: ContainerTimeout, LastErrorTimestamp: 03/22/2026 15:56:39, LastErrorDetails: Container did not start within expected time limit of 230s. Please inspect your container logs for more details., Details: Container card-social-api successfully created and is running., DetailsLevel: INFO
2026-03-22T15:58:19.3572536Z State: Starting, Action: WaitingForSiteWarmUpProbeSuccess, LastError: ContainerTimeout, LastErrorTimestamp: 03/22/2026 15:56:39, LastErrorDetails: Container did not start within expected time limit of 230s. Please inspect your container logs for more details., Details: Pinging warmup path to ensure container is ready to receive requests., DetailsLevel: INFO
2026-03-22T15:58:55.8513451Z Container has finished running with exit code: 127.
2026-03-22T15:58:55.8515096Z Container is terminating. Grace period: 5 seconds.
2026-03-22T15:58:55.8595447Z Stop and delete container. Retry count = 0
2026-03-22T15:58:55.8596809Z Stopping container: d4c2cf866a6b_card-social-api.
2026-03-22T15:58:55.9374038Z Deleting container: d4c2cf866a6b_card-social-api. Retry count = 0
2026-03-22T15:58:56.2038288Z Container spec TerminationMessagePolicy  path 
2026-03-22T15:58:56.2039778Z Container is terminated. Total time elapsed: 352 ms.
2026-03-22T15:58:56.2108817Z Site container: card-social-api terminated during site startup.
2026-03-22T15:58:56.2115186Z State: Stopping, Action: CancellingStartup, LastError: ContainerTimeout, LastErrorTimestamp: 03/22/2026 15:56:39, LastErrorDetails: Container did not start within expected time limit of 230s. Please inspect your container logs for more details., Details: Site container: card-social-api terminated during site startup. Cancelling site startup., DetailsLevel: ERR
2026-03-22T15:58:56.2134022Z Site startup probe failed after 36.8457447 seconds.
2026-03-22T15:58:56.5302620Z State: Stopping, Action: CancellingStartup, LastError: ContainerTimeout, LastErrorTimestamp: 03/22/2026 15:58:56, LastErrorDetails: Container did not start within expected time limit of 230s. Please inspect your container logs for more details., Details: Site container: card-social-api terminated during site startup. Cancelling site startup., DetailsLevel: ERR
2026-03-22T15:58:56.5681181Z Failed to start site. Revert by stopping site.
2026-03-22T15:58:56.5688579Z State: Stopping, Action: StoppingSite, LastError: ContainerTimeout, LastErrorTimestamp: 03/22/2026 15:58:56, LastErrorDetails: Container did not start within expected time limit of 230s. Please inspect your container logs for more details., Details: Site container: card-social-api terminated during site startup. Cancelling site startup., DetailsLevel: ERR
2026-03-22T15:58:56.5707152Z State: Stopping, Action: StoppingSiteContainers, LastError: ContainerTimeout, LastErrorTimestamp: 03/22/2026 15:58:56, LastErrorDetails: Container did not start within expected time limit of 230s. Please inspect your container logs for more details., Details: Site container: card-social-api terminated during site startup. Cancelling site startup., DetailsLevel: ERR
2026-03-22T15:58:56.5707321Z Site: card-social-api stopped.
2026-03-22T15:59:36.0048894Z State: Starting, Action: EstablishingSiteNetworks, LastError: ContainerTimeout, LastErrorTimestamp: 03/22/2026 15:58:56, LastErrorDetails: Container did not start within expected time limit of 230s. Please inspect your container logs for more details., Details: Site stopped at 03/22/2026 15:58:57 (UTC), DetailsLevel: ERR
2026-03-22T15:59:40.9389821Z State: Starting, Action: StartingSiteContainers, LastError: ContainerTimeout, LastErrorTimestamp: 03/22/2026 15:58:56, LastErrorDetails: Container did not start within expected time limit of 230s. Please inspect your container logs for more details., Details: Site stopped at 03/22/2026 15:58:57 (UTC), DetailsLevel: ERR
2026-03-22T15:59:40.9473873Z Container start method called.
2026-03-22T15:59:40.9474999Z State: Starting, Action: PullingImage, LastError: ContainerTimeout, LastErrorTimestamp: 03/22/2026 15:58:56, LastErrorDetails: Container did not start within expected time limit of 230s. Please inspect your container logs for more details., Details: Pulling image 10.1.0.5:13209/appsvc/node:20-lts_20260115.4.tuxprod for card-social-api., DetailsLevel: INFO
2026-03-22T15:59:40.9476627Z Establishing network.
2026-03-22T15:59:40.9481578Z Pulling image: appsvc/node:20-lts_20260115.4.tuxprod.
2026-03-22T15:59:41.5131147Z Container is starting.
2026-03-22T15:59:41.5132056Z State: Starting, Action: MountingVolumes, LastError: ContainerTimeout, LastErrorTimestamp: 03/22/2026 15:58:56, LastErrorDetails: Container did not start within expected time limit of 230s. Please inspect your container logs for more details., Details: Mounting volumes for card-social-api., DetailsLevel: INFO
2026-03-22T15:59:41.5133188Z Establishing user namespace if not established already.
2026-03-22T15:59:41.5134236Z Establishing network if not established already.
2026-03-22T15:59:41.5135745Z Mounting volumes.
2026-03-22T15:59:41.5137267Z Nested mountpoint site/wwwroot
2026-03-22T15:59:41.6469013Z Nested mountpoint volatile/logs
2026-03-22T15:59:41.7424898Z Nested mountpoint 
2026-03-22T15:59:41.7434011Z Nested mountpoint 
2026-03-22T15:59:41.9137057Z Nested mountpoint 
2026-03-22T15:59:41.9330381Z Nested mountpoint 
2026-03-22T15:59:43.4415588Z State: Starting, Action: CreatingContainer, LastError: ContainerTimeout, LastErrorTimestamp: 03/22/2026 15:58:56, LastErrorDetails: Container did not start within expected time limit of 230s. Please inspect your container logs for more details., Details: Finished pulling container image and mounting volumes for card-social-api. Allocatinng the rest of the container resources to finish container creation., DetailsLevel: INFO
2026-03-22T15:59:43.4432180Z Creating container.
2026-03-22T15:59:43.4435068Z Creating pipes for streaming container io.
2026-03-22T15:59:43.4436767Z Creating stdout named pipe at /podr/container/pipe/84f03ef2d924_card-social-api/stdout_59f1878ffbe242f8bce8e5deb8cc75d6.
2026-03-22T15:59:43.4508262Z Successfully created stdout named pipe at: /podr/container/pipe/84f03ef2d924_card-social-api/stdout_59f1878ffbe242f8bce8e5deb8cc75d6.
2026-03-22T15:59:43.4522809Z Opening named pipe /podr/container/pipe/84f03ef2d924_card-social-api/stdout_59f1878ffbe242f8bce8e5deb8cc75d6 for reading in non-blocking mode.
2026-03-22T15:59:43.4525322Z Successfully opened named pipe: /podr/container/pipe/84f03ef2d924_card-social-api/stdout_59f1878ffbe242f8bce8e5deb8cc75d6.
2026-03-22T15:59:43.4698670Z Successfully removed non-blocking flag from /podr/container/pipe/84f03ef2d924_card-social-api/stdout_59f1878ffbe242f8bce8e5deb8cc75d6.
2026-03-22T15:59:43.4701202Z Creating stderr named pipe at /podr/container/pipe/84f03ef2d924_card-social-api/stderr_789717955aa34c3e8cafe428bde46fb7.
2026-03-22T15:59:43.4705780Z Successfully created stderr named pipe at: /podr/container/pipe/84f03ef2d924_card-social-api/stderr_789717955aa34c3e8cafe428bde46fb7.
2026-03-22T15:59:43.4707049Z Opening named pipe /podr/container/pipe/84f03ef2d924_card-social-api/stderr_789717955aa34c3e8cafe428bde46fb7 for reading in non-blocking mode.
2026-03-22T15:59:43.4710304Z Successfully opened named pipe: /podr/container/pipe/84f03ef2d924_card-social-api/stderr_789717955aa34c3e8cafe428bde46fb7.
2026-03-22T15:59:43.4711554Z Successfully removed non-blocking flag from /podr/container/pipe/84f03ef2d924_card-social-api/stderr_789717955aa34c3e8cafe428bde46fb7.
2026-03-22T15:59:43.4713278Z Creating container with image: appsvc/node:20-lts_20260115.4.tuxprod from registry: 10.1.0.5:13209 and fully qualified image name: 10.1.0.5:13209/appsvc/node:20-lts_20260115.4.tuxprod
2026-03-22T15:59:44.6773032Z Starting container: 84f03ef2d924_card-social-api.
2026-03-22T15:59:44.8637306Z Starting watchers and probes.
2026-03-22T15:59:44.8907112Z Starting metrics collection.
2026-03-22T15:59:44.8914422Z Container is running.
2026-03-22T15:59:44.8916040Z State: Starting, Action: CreatingContainer, LastError: ContainerTimeout, LastErrorTimestamp: 03/22/2026 15:58:56, LastErrorDetails: Container did not start within expected time limit of 230s. Please inspect your container logs for more details., Details: Container card-social-api successfully created and is running., DetailsLevel: INFO
2026-03-22T15:59:45.1444326Z Container start method finished after 4159 ms.
2026-03-22T15:59:45.2029662Z State: Starting, Action: InitiatingSiteWarmUpProbe, LastError: ContainerTimeout, LastErrorTimestamp: 03/22/2026 15:58:56, LastErrorDetails: Container did not start within expected time limit of 230s. Please inspect your container logs for more details., Details: Container card-social-api successfully created and is running., DetailsLevel: INFO
2026-03-22T15:59:45.2200714Z State: Starting, Action: WaitingForSiteWarmUpProbeSuccess, LastError: ContainerTimeout, LastErrorTimestamp: 03/22/2026 15:58:56, LastErrorDetails: Container did not start within expected time limit of 230s. Please inspect your container logs for more details., Details: Pinging warmup path to ensure container is ready to receive requests., DetailsLevel: INFO
2026-03-22T16:00:24.8339753Z Container has finished running with exit code: 127.
2026-03-22T16:00:24.8342962Z Container is terminating. Grace period: 5 seconds.
2026-03-22T16:00:24.8507150Z Stop and delete container. Retry count = 0
2026-03-22T16:00:24.8512270Z Stopping container: 84f03ef2d924_card-social-api.
2026-03-22T16:00:24.9020754Z Deleting container: 84f03ef2d924_card-social-api. Retry count = 0
2026-03-22T16:00:25.1298754Z Container spec TerminationMessagePolicy  path 
2026-03-22T16:00:25.1302820Z Container is terminated. Total time elapsed: 295 ms.
2026-03-22T16:00:25.1308175Z Site container: card-social-api terminated during site startup.
2026-03-22T16:00:25.1309606Z State: Stopping, Action: CancellingStartup, LastError: ContainerTimeout, LastErrorTimestamp: 03/22/2026 15:58:56, LastErrorDetails: Container did not start within expected time limit of 230s. Please inspect your container logs for more details., Details: Site container: card-social-api terminated during site startup. Cancelling site startup., DetailsLevel: ERR
2026-03-22T16:00:25.1319054Z Site startup probe failed after 39.9099966 seconds.
2026-03-22T16:00:25.3201053Z State: Stopping, Action: CancellingStartup, LastError: ContainerTimeout, LastErrorTimestamp: 03/22/2026 16:00:25, LastErrorDetails: Container did not start within expected time limit of 230s. Please inspect your container logs for more details., Details: Site container: card-social-api terminated during site startup. Cancelling site startup., DetailsLevel: ERR
2026-03-22T16:00:25.3377994Z Failed to start site. Revert by stopping site.
2026-03-22T16:00:25.3379953Z State: Stopping, Action: StoppingSite, LastError: ContainerTimeout, LastErrorTimestamp: 03/22/2026 16:00:25, LastErrorDetails: Container did not start within expected time limit of 230s. Please inspect your container logs for more details., Details: Site container: card-social-api terminated during site startup. Cancelling site startup., DetailsLevel: ERR
2026-03-22T16:00:25.3443846Z State: Stopping, Action: StoppingSiteContainers, LastError: ContainerTimeout, LastErrorTimestamp: 03/22/2026 16:00:25, LastErrorDetails: Container did not start within expected time limit of 230s. Please inspect your container logs for more details., Details: Site container: card-social-api terminated during site startup. Cancelling site startup., DetailsLevel: ERR
2026-03-22T16:00:25.3444032Z Site: card-social-api stopped.
2026-03-22T16:00:25.3462964Z State: Stopping, Action: UnmountingVolumes, LastError: ContainerTimeout, LastErrorTimestamp: 03/22/2026 16:00:25, LastErrorDetails: Container did not start within expected time limit of 230s. Please inspect your container logs for more details., Details: Site container: card-social-api terminated during site startup. Cancelling site startup., DetailsLevel: ERR
2026-03-22T16:00:25.7765007Z State: Stopping, Action: StoppingSiteNetworks, LastError: ContainerTimeout, LastErrorTimestamp: 03/22/2026 16:00:25, LastErrorDetails: Container did not start within expected time limit of 230s. Please inspect your container logs for more details., Details: Site container: card-social-api terminated during site startup. Cancelling site startup., DetailsLevel: ERR
2026-03-22T16:00:26.0047619Z State: Stopped, Action: None, LastError: ContainerTimeout, LastErrorTimestamp: 03/22/2026 16:00:25, LastErrorDetails: Container did not start within expected time limit of 230s. Please inspect your container logs for more details., Details: Site stopped at 03/22/2026 16:00:25 (UTC), DetailsLevel: ERR
2026-03-22T16:00:26.3261687Z State: Stopped, Action: None, LastError: ContainerTimeout, LastErrorTimestamp: 03/22/2026 16:00:25, LastErrorDetails: Container did not start within expected time limit of 230s. Please inspect your container logs for more details., Details: Site stopped at 03/22/2026 16:00:25 (UTC), DetailsLevel: ERR
2026-03-22T16:00:32.9761903Z State: Starting, Action: EstablishingSiteNetworks, LastError: ContainerTimeout, LastErrorTimestamp: 03/22/2026 16:00:25, LastErrorDetails: Container did not start within expected time limit of 230s. Please inspect your container logs for more details., Details: Site stopped at 03/22/2026 16:00:25 (UTC), DetailsLevel: ERR
2026-03-22T16:00:35.4608878Z State: Starting, Action: StartingSiteContainers, LastError: ContainerTimeout, LastErrorTimestamp: 03/22/2026 16:00:25, LastErrorDetails: Container did not start within expected time limit of 230s. Please inspect your container logs for more details., Details: Site stopped at 03/22/2026 16:00:25 (UTC), DetailsLevel: ERR
2026-03-22T16:00:35.4617010Z Container start method called.
2026-03-22T16:00:35.4617711Z State: Starting, Action: PullingImage, LastError: ContainerTimeout, LastErrorTimestamp: 03/22/2026 16:00:25, LastErrorDetails: Container did not start within expected time limit of 230s. Please inspect your container logs for more details., Details: Pulling image 10.1.0.5:13209/appsvc/node:20-lts_20260115.4.tuxprod for card-social-api., DetailsLevel: INFO
2026-03-22T16:00:35.4619015Z Establishing network.
2026-03-22T16:00:35.4620971Z Pulling image: appsvc/node:20-lts_20260115.4.tuxprod.
2026-03-22T16:00:35.7445595Z Container is starting.
2026-03-22T16:00:35.7447192Z State: Starting, Action: MountingVolumes, LastError: ContainerTimeout, LastErrorTimestamp: 03/22/2026 16:00:25, LastErrorDetails: Container did not start within expected time limit of 230s. Please inspect your container logs for more details., Details: Mounting volumes for card-social-api., DetailsLevel: INFO
2026-03-22T16:00:35.7449344Z Establishing user namespace if not established already.
2026-03-22T16:00:35.7451060Z Establishing network if not established already.
2026-03-22T16:00:35.7453172Z Mounting volumes.
2026-03-22T16:00:35.7455367Z Nested mountpoint site/wwwroot
2026-03-22T16:00:35.7715448Z Nested mountpoint volatile/logs
2026-03-22T16:00:35.8105151Z Nested mountpoint 
2026-03-22T16:00:35.8112665Z Nested mountpoint 
2026-03-22T16:00:35.8911349Z Nested mountpoint 
2026-03-22T16:00:35.9359095Z Nested mountpoint 
2026-03-22T16:00:36.8181404Z State: Starting, Action: CreatingContainer, LastError: ContainerTimeout, LastErrorTimestamp: 03/22/2026 16:00:25, LastErrorDetails: Container did not start within expected time limit of 230s. Please inspect your container logs for more details., Details: Finished pulling container image and mounting volumes for card-social-api. Allocatinng the rest of the container resources to finish container creation., DetailsLevel: INFO
2026-03-22T16:00:36.8183179Z Creating container.
2026-03-22T16:00:36.8184378Z Creating pipes for streaming container io.
2026-03-22T16:00:36.8185516Z Creating stdout named pipe at /podr/container/pipe/a3a7a4f9261e_card-social-api/stdout_85eab630040549828f9d7c1eb050ad4a.
2026-03-22T16:00:36.8352342Z Successfully created stdout named pipe at: /podr/container/pipe/a3a7a4f9261e_card-social-api/stdout_85eab630040549828f9d7c1eb050ad4a.
2026-03-22T16:00:36.8354970Z Opening named pipe /podr/container/pipe/a3a7a4f9261e_card-social-api/stdout_85eab630040549828f9d7c1eb050ad4a for reading in non-blocking mode.
2026-03-22T16:00:36.8361259Z Successfully opened named pipe: /podr/container/pipe/a3a7a4f9261e_card-social-api/stdout_85eab630040549828f9d7c1eb050ad4a.
2026-03-22T16:00:36.8365061Z Successfully removed non-blocking flag from /podr/container/pipe/a3a7a4f9261e_card-social-api/stdout_85eab630040549828f9d7c1eb050ad4a.
2026-03-22T16:00:36.8367887Z Creating stderr named pipe at /podr/container/pipe/a3a7a4f9261e_card-social-api/stderr_4ab4d879a8f548edbf97eb8866bcbf2f.
2026-03-22T16:00:36.8374180Z Successfully created stderr named pipe at: /podr/container/pipe/a3a7a4f9261e_card-social-api/stderr_4ab4d879a8f548edbf97eb8866bcbf2f.
2026-03-22T16:00:36.8376847Z Opening named pipe /podr/container/pipe/a3a7a4f9261e_card-social-api/stderr_4ab4d879a8f548edbf97eb8866bcbf2f for reading in non-blocking mode.
2026-03-22T16:00:36.8379603Z Successfully opened named pipe: /podr/container/pipe/a3a7a4f9261e_card-social-api/stderr_4ab4d879a8f548edbf97eb8866bcbf2f.
2026-03-22T16:00:36.8380986Z Successfully removed non-blocking flag from /podr/container/pipe/a3a7a4f9261e_card-social-api/stderr_4ab4d879a8f548edbf97eb8866bcbf2f.
2026-03-22T16:00:36.8382486Z Creating container with image: appsvc/node:20-lts_20260115.4.tuxprod from registry: 10.1.0.5:13209 and fully qualified image name: 10.1.0.5:13209/appsvc/node:20-lts_20260115.4.tuxprod
2026-03-22T16:00:37.4165073Z Starting container: a3a7a4f9261e_card-social-api.
2026-03-22T16:00:37.6025265Z Starting watchers and probes.
2026-03-22T16:00:37.6027822Z Starting metrics collection.
2026-03-22T16:00:37.6407119Z Container is running.
2026-03-22T16:00:37.6408663Z State: Starting, Action: CreatingContainer, LastError: ContainerTimeout, LastErrorTimestamp: 03/22/2026 16:00:25, LastErrorDetails: Container did not start within expected time limit of 230s. Please inspect your container logs for more details., Details: Container card-social-api successfully created and is running., DetailsLevel: INFO
2026-03-22T16:00:38.0247388Z Container start method finished after 2562 ms.
2026-03-22T16:00:38.0888198Z State: Starting, Action: InitiatingSiteWarmUpProbe, LastError: ContainerTimeout, LastErrorTimestamp: 03/22/2026 16:00:25, LastErrorDetails: Container did not start within expected time limit of 230s. Please inspect your container logs for more details., Details: Container card-social-api successfully created and is running., DetailsLevel: INFO
2026-03-22T16:00:38.0888636Z State: Starting, Action: WaitingForSiteWarmUpProbeSuccess, LastError: ContainerTimeout, LastErrorTimestamp: 03/22/2026 16:00:25, LastErrorDetails: Container did not start within expected time limit of 230s. Please inspect your container logs for more details., Details: Pinging warmup path to ensure container is ready to receive requests., DetailsLevel: INFO
2026-03-22T16:01:06.0668727Z Container has finished running with exit code: 127.
2026-03-22T16:01:06.0677417Z Container is terminating. Grace period: 5 seconds.
2026-03-22T16:01:06.0682643Z Stop and delete container. Retry count = 0
2026-03-22T16:01:06.0683717Z Stopping container: a3a7a4f9261e_card-social-api.
2026-03-22T16:01:06.1841656Z Deleting container: a3a7a4f9261e_card-social-api. Retry count = 0
2026-03-22T16:01:06.4756214Z Container spec TerminationMessagePolicy  path 
2026-03-22T16:01:06.4772262Z Container is terminated. Total time elapsed: 408 ms.
2026-03-22T16:01:06.4956509Z Site container: card-social-api terminated during site startup.
2026-03-22T16:01:06.4966583Z State: Stopping, Action: CancellingStartup, LastError: ContainerTimeout, LastErrorTimestamp: 03/22/2026 16:00:25, LastErrorDetails: Container did not start within expected time limit of 230s. Please inspect your container logs for more details., Details: Site container: card-social-api terminated during site startup. Cancelling site startup., DetailsLevel: ERR
2026-03-22T16:01:06.5136567Z Site startup probe failed after 28.4241045 seconds.
2026-03-22T16:01:06.6865738Z State: Stopping, Action: CancellingStartup, LastError: ContainerTimeout, LastErrorTimestamp: 03/22/2026 16:01:06, LastErrorDetails: Container did not start within expected time limit of 230s. Please inspect your container logs for more details., Details: Site container: card-social-api terminated during site startup. Cancelling site startup., DetailsLevel: ERR
2026-03-22T16:01:06.6954904Z Failed to start site. Revert by stopping site.
2026-03-22T16:01:06.6959644Z State: Stopping, Action: StoppingSite, LastError: ContainerTimeout, LastErrorTimestamp: 03/22/2026 16:01:06, LastErrorDetails: Container did not start within expected time limit of 230s. Please inspect your container logs for more details., Details: Site container: card-social-api terminated during site startup. Cancelling site startup., DetailsLevel: ERR
2026-03-22T16:01:06.6971063Z State: Stopping, Action: StoppingSiteContainers, LastError: ContainerTimeout, LastErrorTimestamp: 03/22/2026 16:01:06, LastErrorDetails: Container did not start within expected time limit of 230s. Please inspect your container logs for more details., Details: Site container: card-social-api terminated during site startup. Cancelling site startup., DetailsLevel: ERR
2026-03-22T16:01:06.6971245Z Site: card-social-api stopped.
2026-03-22T16:14:15.4423021Z State: Starting, Action: EstablishingSiteNetworks, LastError: ContainerTimeout, LastErrorTimestamp: 03/22/2026 16:01:06, LastErrorDetails: Container did not start within expected time limit of 230s. Please inspect your container logs for more details., Details: Site stopped at 03/22/2026 16:01:07 (UTC), DetailsLevel: WARN
2026-03-22T16:14:19.7734311Z State: Starting, Action: StartingSiteContainers, LastError: ContainerTimeout, LastErrorTimestamp: 03/22/2026 16:01:06, LastErrorDetails: Container did not start within expected time limit of 230s. Please inspect your container logs for more details., Details: Site stopped at 03/22/2026 16:01:07 (UTC), DetailsLevel: WARN
2026-03-22T16:14:19.7736517Z Container start method called.
2026-03-22T16:14:19.7737002Z State: Starting, Action: PullingImage, LastError: ContainerTimeout, LastErrorTimestamp: 03/22/2026 16:01:06, LastErrorDetails: Container did not start within expected time limit of 230s. Please inspect your container logs for more details., Details: Pulling image 10.1.0.4:13209/appsvc/node:20-lts_20260115.4.tuxprod for card-social-api., DetailsLevel: INFO
2026-03-22T16:14:19.7738147Z Establishing network.
2026-03-22T16:14:19.8187242Z Pulling image: appsvc/node:20-lts_20260115.4.tuxprod.
2026-03-22T16:14:20.8094480Z Container is starting.
2026-03-22T16:14:20.8096827Z State: Starting, Action: MountingVolumes, LastError: ContainerTimeout, LastErrorTimestamp: 03/22/2026 16:01:06, LastErrorDetails: Container did not start within expected time limit of 230s. Please inspect your container logs for more details., Details: Mounting volumes for card-social-api., DetailsLevel: INFO
2026-03-22T16:14:20.8101547Z Establishing user namespace if not established already.
2026-03-22T16:14:20.8102840Z Establishing network if not established already.
2026-03-22T16:14:20.8104377Z Mounting volumes.
2026-03-22T16:14:20.8174901Z Nested mountpoint site/wwwroot
2026-03-22T16:14:20.8736951Z Nested mountpoint volatile/logs
2026-03-22T16:14:20.9154761Z Nested mountpoint 
2026-03-22T16:14:20.9164681Z Nested mountpoint 
2026-03-22T16:14:21.0316683Z Nested mountpoint 
2026-03-22T16:14:21.0447671Z Nested mountpoint 
2026-03-22T16:14:22.6945512Z State: Starting, Action: CreatingContainer, LastError: ContainerTimeout, LastErrorTimestamp: 03/22/2026 16:01:06, LastErrorDetails: Container did not start within expected time limit of 230s. Please inspect your container logs for more details., Details: Finished pulling container image and mounting volumes for card-social-api. Allocatinng the rest of the container resources to finish container creation., DetailsLevel: INFO
2026-03-22T16:14:22.6946875Z Creating container.
2026-03-22T16:14:22.6948044Z Creating pipes for streaming container io.
2026-03-22T16:14:22.6949097Z Creating stdout named pipe at /podr/container/pipe/c947e6f31576_card-social-api/stdout_0a9007cfddb74e3690b0a9b51c3dc2d9.
2026-03-22T16:14:22.6952003Z Successfully created stdout named pipe at: /podr/container/pipe/c947e6f31576_card-social-api/stdout_0a9007cfddb74e3690b0a9b51c3dc2d9.
2026-03-22T16:14:22.6953051Z Opening named pipe /podr/container/pipe/c947e6f31576_card-social-api/stdout_0a9007cfddb74e3690b0a9b51c3dc2d9 for reading in non-blocking mode.
2026-03-22T16:14:22.6954407Z Successfully opened named pipe: /podr/container/pipe/c947e6f31576_card-social-api/stdout_0a9007cfddb74e3690b0a9b51c3dc2d9.
2026-03-22T16:14:22.6955384Z Successfully removed non-blocking flag from /podr/container/pipe/c947e6f31576_card-social-api/stdout_0a9007cfddb74e3690b0a9b51c3dc2d9.
2026-03-22T16:14:22.7136999Z Creating stderr named pipe at /podr/container/pipe/c947e6f31576_card-social-api/stderr_bc9ef86caa9146d3b9650c07aa2d237f.
2026-03-22T16:14:22.7138976Z Successfully created stderr named pipe at: /podr/container/pipe/c947e6f31576_card-social-api/stderr_bc9ef86caa9146d3b9650c07aa2d237f.
2026-03-22T16:14:22.7140248Z Opening named pipe /podr/container/pipe/c947e6f31576_card-social-api/stderr_bc9ef86caa9146d3b9650c07aa2d237f for reading in non-blocking mode.
2026-03-22T16:14:22.7319754Z Successfully opened named pipe: /podr/container/pipe/c947e6f31576_card-social-api/stderr_bc9ef86caa9146d3b9650c07aa2d237f.
2026-03-22T16:14:22.7323714Z Successfully removed non-blocking flag from /podr/container/pipe/c947e6f31576_card-social-api/stderr_bc9ef86caa9146d3b9650c07aa2d237f.
2026-03-22T16:14:22.7469037Z Creating container with image: appsvc/node:20-lts_20260115.4.tuxprod from registry: 10.1.0.4:13209 and fully qualified image name: 10.1.0.4:13209/appsvc/node:20-lts_20260115.4.tuxprod
2026-03-22T16:14:24.0980394Z Starting container: c947e6f31576_card-social-api.
2026-03-22T16:14:24.2431202Z Starting watchers and probes.
2026-03-22T16:14:24.2517506Z Starting metrics collection.
2026-03-22T16:14:24.2520666Z Container is running.
2026-03-22T16:14:24.2533545Z State: Starting, Action: CreatingContainer, LastError: ContainerTimeout, LastErrorTimestamp: 03/22/2026 16:01:06, LastErrorDetails: Container did not start within expected time limit of 230s. Please inspect your container logs for more details., Details: Container card-social-api successfully created and is running., DetailsLevel: INFO
2026-03-22T16:14:24.5721568Z Container start method finished after 4797 ms.
2026-03-22T16:14:24.6030703Z State: Starting, Action: InitiatingSiteWarmUpProbe, LastError: ContainerTimeout, LastErrorTimestamp: 03/22/2026 16:01:06, LastErrorDetails: Container did not start within expected time limit of 230s. Please inspect your container logs for more details., Details: Container card-social-api successfully created and is running., DetailsLevel: INFO
2026-03-22T16:14:24.6033909Z State: Starting, Action: WaitingForSiteWarmUpProbeSuccess, LastError: ContainerTimeout, LastErrorTimestamp: 03/22/2026 16:01:06, LastErrorDetails: Container did not start within expected time limit of 230s. Please inspect your container logs for more details., Details: Pinging warmup path to ensure container is ready to receive requests., DetailsLevel: INFO
2026-03-22T16:14:55.0886939Z Container has finished running with exit code: 127.
2026-03-22T16:14:55.0892556Z Container is terminating. Grace period: 5 seconds.
2026-03-22T16:14:55.0905874Z Stop and delete container. Retry count = 0
2026-03-22T16:14:55.0909912Z Stopping container: c947e6f31576_card-social-api.
2026-03-22T16:14:55.1863155Z Deleting container: c947e6f31576_card-social-api. Retry count = 0
2026-03-22T16:14:55.5850071Z Container spec TerminationMessagePolicy  path 
2026-03-22T16:14:55.5854453Z Container is terminated. Total time elapsed: 495 ms.
2026-03-22T16:14:55.5856885Z Site container: card-social-api terminated during site startup.
2026-03-22T16:14:55.5936553Z State: Stopping, Action: CancellingStartup, LastError: ContainerTimeout, LastErrorTimestamp: 03/22/2026 16:01:06, LastErrorDetails: Container did not start within expected time limit of 230s. Please inspect your container logs for more details., Details: Site container: card-social-api terminated during site startup. Cancelling site startup., DetailsLevel: ERR
2026-03-22T16:14:55.6146523Z Site startup probe failed after 30.976545 seconds.
2026-03-22T16:14:56.0403841Z State: Stopping, Action: CancellingStartup, LastError: ContainerTimeout, LastErrorTimestamp: 03/22/2026 16:14:56, LastErrorDetails: Container did not start within expected time limit of 230s. Please inspect your container logs for more details., Details: Site container: card-social-api terminated during site startup. Cancelling site startup., DetailsLevel: ERR
2026-03-22T16:14:56.0422931Z Failed to start site. Revert by stopping site.
2026-03-22T16:14:56.0442279Z State: Stopping, Action: StoppingSite, LastError: ContainerTimeout, LastErrorTimestamp: 03/22/2026 16:14:56, LastErrorDetails: Container did not start within expected time limit of 230s. Please inspect your container logs for more details., Details: Site container: card-social-api terminated during site startup. Cancelling site startup., DetailsLevel: ERR
2026-03-22T16:14:56.0723657Z State: Stopping, Action: StoppingSiteContainers, LastError: ContainerTimeout, LastErrorTimestamp: 03/22/2026 16:14:56, LastErrorDetails: Container did not start within expected time limit of 230s. Please inspect your container logs for more details., Details: Site container: card-social-api terminated during site startup. Cancelling site startup., DetailsLevel: ERR
2026-03-22T16:14:56.0723973Z Site: card-social-api stopped.
2026-03-22T16:14:56.0832590Z State: Stopping, Action: UnmountingVolumes, LastError: ContainerTimeout, LastErrorTimestamp: 03/22/2026 16:14:56, LastErrorDetails: Container did not start within expected time limit of 230s. Please inspect your container logs for more details., Details: Site container: card-social-api terminated during site startup. Cancelling site startup., DetailsLevel: ERR
2026-03-22T16:14:56.7728591Z State: Stopping, Action: StoppingSiteNetworks, LastError: ContainerTimeout, LastErrorTimestamp: 03/22/2026 16:14:56, LastErrorDetails: Container did not start within expected time limit of 230s. Please inspect your container logs for more details., Details: Site container: card-social-api terminated during site startup. Cancelling site startup., DetailsLevel: ERR
2026-03-22T16:14:57.1945815Z State: Stopped, Action: None, LastError: ContainerTimeout, LastErrorTimestamp: 03/22/2026 16:14:56, LastErrorDetails: Container did not start within expected time limit of 230s. Please inspect your container logs for more details., Details: Site stopped at 03/22/2026 16:14:57 (UTC), DetailsLevel: ERR
2026-03-22T16:14:57.3469034Z State: Stopped, Action: None, LastError: ContainerTimeout, LastErrorTimestamp: 03/22/2026 16:14:56, LastErrorDetails: Container did not start within expected time limit of 230s. Please inspect your container logs for more details., Details: Site stopped at 03/22/2026 16:14:57 (UTC), DetailsLevel: ERR
2026-03-22T16:15:06.2687526Z State: Starting, Action: EstablishingSiteNetworks, LastError: ContainerTimeout, LastErrorTimestamp: 03/22/2026 16:14:56, LastErrorDetails: Container did not start within expected time limit of 230s. Please inspect your container logs for more details., Details: Site stopped at 03/22/2026 16:14:57 (UTC), DetailsLevel: ERR
2026-03-22T16:15:09.1276149Z State: Starting, Action: StartingSiteContainers, LastError: ContainerTimeout, LastErrorTimestamp: 03/22/2026 16:14:56, LastErrorDetails: Container did not start within expected time limit of 230s. Please inspect your container logs for more details., Details: Site stopped at 03/22/2026 16:14:57 (UTC), DetailsLevel: ERR
2026-03-22T16:15:09.1279849Z Container start method called.
2026-03-22T16:15:09.1355505Z State: Starting, Action: PullingImage, LastError: ContainerTimeout, LastErrorTimestamp: 03/22/2026 16:14:56, LastErrorDetails: Container did not start within expected time limit of 230s. Please inspect your container logs for more details., Details: Pulling image 10.1.0.4:13209/appsvc/node:20-lts_20260115.4.tuxprod for card-social-api., DetailsLevel: INFO
2026-03-22T16:15:09.1357793Z Establishing network.
2026-03-22T16:15:09.1381635Z Pulling image: appsvc/node:20-lts_20260115.4.tuxprod.
2026-03-22T16:15:09.5958108Z Container is starting.
2026-03-22T16:15:09.5959536Z State: Starting, Action: MountingVolumes, LastError: ContainerTimeout, LastErrorTimestamp: 03/22/2026 16:14:56, LastErrorDetails: Container did not start within expected time limit of 230s. Please inspect your container logs for more details., Details: Mounting volumes for card-social-api., DetailsLevel: INFO
2026-03-22T16:15:09.5968605Z Establishing user namespace if not established already.
2026-03-22T16:15:09.5970009Z Establishing network if not established already.
2026-03-22T16:15:09.5971242Z Mounting volumes.
2026-03-22T16:15:09.6269925Z Nested mountpoint site/wwwroot
2026-03-22T16:15:09.6973146Z Nested mountpoint volatile/logs
2026-03-22T16:15:09.7447946Z Nested mountpoint 
2026-03-22T16:15:09.7933894Z Nested mountpoint 
2026-03-22T16:15:09.8516630Z Nested mountpoint 
2026-03-22T16:15:09.9134328Z Nested mountpoint 
2026-03-22T16:15:11.2644953Z State: Starting, Action: CreatingContainer, LastError: ContainerTimeout, LastErrorTimestamp: 03/22/2026 16:14:56, LastErrorDetails: Container did not start within expected time limit of 230s. Please inspect your container logs for more details., Details: Finished pulling container image and mounting volumes for card-social-api. Allocatinng the rest of the container resources to finish container creation., DetailsLevel: INFO
2026-03-22T16:15:11.2646382Z Creating container.
2026-03-22T16:15:11.2647424Z Creating pipes for streaming container io.
2026-03-22T16:15:11.2648724Z Creating stdout named pipe at /podr/container/pipe/8f076e5f3289_card-social-api/stdout_69924b4972a747f6a12be30fb2fa8661.
2026-03-22T16:15:11.2650887Z Successfully created stdout named pipe at: /podr/container/pipe/8f076e5f3289_card-social-api/stdout_69924b4972a747f6a12be30fb2fa8661.
2026-03-22T16:15:11.2651808Z Opening named pipe /podr/container/pipe/8f076e5f3289_card-social-api/stdout_69924b4972a747f6a12be30fb2fa8661 for reading in non-blocking mode.
2026-03-22T16:15:11.2653050Z Successfully opened named pipe: /podr/container/pipe/8f076e5f3289_card-social-api/stdout_69924b4972a747f6a12be30fb2fa8661.
2026-03-22T16:15:11.2654404Z Successfully removed non-blocking flag from /podr/container/pipe/8f076e5f3289_card-social-api/stdout_69924b4972a747f6a12be30fb2fa8661.
2026-03-22T16:15:11.2843490Z Creating stderr named pipe at /podr/container/pipe/8f076e5f3289_card-social-api/stderr_0a36dfea20b24d74805a07bcebb9e070.
2026-03-22T16:15:11.2845650Z Successfully created stderr named pipe at: /podr/container/pipe/8f076e5f3289_card-social-api/stderr_0a36dfea20b24d74805a07bcebb9e070.
2026-03-22T16:15:11.2846678Z Opening named pipe /podr/container/pipe/8f076e5f3289_card-social-api/stderr_0a36dfea20b24d74805a07bcebb9e070 for reading in non-blocking mode.
2026-03-22T16:15:11.2848035Z Successfully opened named pipe: /podr/container/pipe/8f076e5f3289_card-social-api/stderr_0a36dfea20b24d74805a07bcebb9e070.
2026-03-22T16:15:11.2849076Z Successfully removed non-blocking flag from /podr/container/pipe/8f076e5f3289_card-social-api/stderr_0a36dfea20b24d74805a07bcebb9e070.
2026-03-22T16:15:11.2850609Z Creating container with image: appsvc/node:20-lts_20260115.4.tuxprod from registry: 10.1.0.4:13209 and fully qualified image name: 10.1.0.4:13209/appsvc/node:20-lts_20260115.4.tuxprod
2026-03-22T16:15:11.6604210Z Container get mounts received unexpected exception.
2026-03-22T16:15:11.7000505Z Container get mounts received unexpected exception.
2026-03-22T16:15:11.8042374Z Container get processes received unexpected exception.
2026-03-22T16:15:11.8047454Z Container get processes received unexpected exception.
2026-03-22T16:15:12.2311990Z Starting container: 8f076e5f3289_card-social-api.
2026-03-22T16:15:12.3520428Z Starting watchers and probes.
2026-03-22T16:15:12.3580160Z Starting metrics collection.
2026-03-22T16:15:12.3586936Z Container is running.
2026-03-22T16:15:12.3588442Z State: Starting, Action: CreatingContainer, LastError: ContainerTimeout, LastErrorTimestamp: 03/22/2026 16:14:56, LastErrorDetails: Container did not start within expected time limit of 230s. Please inspect your container logs for more details., Details: Container card-social-api successfully created and is running., DetailsLevel: INFO
2026-03-22T16:15:12.6590718Z Container start method finished after 3523 ms.
2026-03-22T16:15:12.6598123Z State: Starting, Action: InitiatingSiteWarmUpProbe, LastError: ContainerTimeout, LastErrorTimestamp: 03/22/2026 16:14:56, LastErrorDetails: Container did not start within expected time limit of 230s. Please inspect your container logs for more details., Details: Container card-social-api successfully created and is running., DetailsLevel: INFO
2026-03-22T16:15:12.6598963Z State: Starting, Action: WaitingForSiteWarmUpProbeSuccess, LastError: ContainerTimeout, LastErrorTimestamp: 03/22/2026 16:14:56, LastErrorDetails: Container did not start within expected time limit of 230s. Please inspect your container logs for more details., Details: Pinging warmup path to ensure container is ready to receive requests., DetailsLevel: INFO
2026-03-22T16:15:42.3057454Z Container has finished running with exit code: 127.
2026-03-22T16:15:42.3058846Z Container is terminating. Grace period: 5 seconds.
2026-03-22T16:15:42.3130845Z Stop and delete container. Retry count = 0
2026-03-22T16:15:42.3132967Z Stopping container: 8f076e5f3289_card-social-api.
2026-03-22T16:15:42.4232905Z Deleting container: 8f076e5f3289_card-social-api. Retry count = 0
2026-03-22T16:15:42.6708185Z Container spec TerminationMessagePolicy  path 
2026-03-22T16:15:42.6710590Z Container is terminated. Total time elapsed: 364 ms.
2026-03-22T16:15:42.6711919Z Site container: card-social-api terminated during site startup.
2026-03-22T16:15:42.6717058Z State: Stopping, Action: CancellingStartup, LastError: ContainerTimeout, LastErrorTimestamp: 03/22/2026 16:14:56, LastErrorDetails: Container did not start within expected time limit of 230s. Please inspect your container logs for more details., Details: Site container: card-social-api terminated during site startup. Cancelling site startup., DetailsLevel: ERR
2026-03-22T16:15:42.7396378Z Site startup probe failed after 30.0694036 seconds.
2026-03-22T16:15:42.9799039Z State: Stopping, Action: CancellingStartup, LastError: ContainerTimeout, LastErrorTimestamp: 03/22/2026 16:15:42, LastErrorDetails: Container did not start within expected time limit of 230s. Please inspect your container logs for more details., Details: Site container: card-social-api terminated during site startup. Cancelling site startup., DetailsLevel: ERR
2026-03-22T16:15:43.0152424Z Failed to start site. Revert by stopping site.
2026-03-22T16:15:43.0155429Z State: Stopping, Action: StoppingSite, LastError: ContainerTimeout, LastErrorTimestamp: 03/22/2026 16:15:42, LastErrorDetails: Container did not start within expected time limit of 230s. Please inspect your container logs for more details., Details: Site container: card-social-api terminated during site startup. Cancelling site startup., DetailsLevel: ERR
2026-03-22T16:15:43.0341160Z State: Stopping, Action: StoppingSiteContainers, LastError: ContainerTimeout, LastErrorTimestamp: 03/22/2026 16:15:42, LastErrorDetails: Container did not start within expected time limit of 230s. Please inspect your container logs for more details., Details: Site container: card-social-api terminated during site startup. Cancelling site startup., DetailsLevel: ERR
2026-03-22T16:15:43.0341384Z Site: card-social-api stopped.
2026-03-22T16:15:43.0376466Z State: Stopping, Action: UnmountingVolumes, LastError: ContainerTimeout, LastErrorTimestamp: 03/22/2026 16:15:42, LastErrorDetails: Container did not start within expected time limit of 230s. Please inspect your container logs for more details., Details: Site container: card-social-api terminated during site startup. Cancelling site startup., DetailsLevel: ERR
2026-03-22T16:15:43.4769780Z State: Stopping, Action: StoppingSiteNetworks, LastError: ContainerTimeout, LastErrorTimestamp: 03/22/2026 16:15:42, LastErrorDetails: Container did not start within expected time limit of 230s. Please inspect your container logs for more details., Details: Site container: card-social-api terminated during site startup. Cancelling site startup., DetailsLevel: ERR
2026-03-22T16:15:43.9853751Z Site: card-social-api will be blocked for 1 minutes till 03/22/2026 16:16:43
2026-03-22T16:15:43.9931748Z State: Blocked, Action: StoppingSiteNetworks, LastError: ContainerTimeout, LastErrorTimestamp: 03/22/2026 16:15:42, LastErrorDetails: Container did not start within expected time limit of 230s. Please inspect your container logs for more details., Details: Site: card-social-api will be blocked for 1 minutes till 03/22/2026 16:16:43, DetailsLevel: WARN
2026-03-22T16:15:43.9950344Z State: Stopped, Action: None, LastError: ContainerTimeout, LastErrorTimestamp: 03/22/2026 16:15:42, LastErrorDetails: Container did not start within expected time limit of 230s. Please inspect your container logs for more details., Details: Site stopped at 03/22/2026 16:15:43 (UTC), DetailsLevel: WARN
2026-03-22T16:15:44.1662106Z State: Stopped, Action: None, LastError: ContainerTimeout, LastErrorTimestamp: 03/22/2026 16:15:42, LastErrorDetails: Container did not start within expected time limit of 230s. Please inspect your container logs for more details., Details: Site stopped at 03/22/2026 16:15:43 (UTC), DetailsLevel: WARN
2026-03-22T16:16:43.9857112Z Site: card-social-api is unblocked.
2026-03-22T16:16:58.1624900Z State: Starting, Action: EstablishingSiteNetworks, LastError: ContainerTimeout, LastErrorTimestamp: 03/22/2026 16:15:42, LastErrorDetails: Container did not start within expected time limit of 230s. Please inspect your container logs for more details., Details: Site stopped at 03/22/2026 16:15:43 (UTC), DetailsLevel: WARN
2026-03-22T16:17:00.9289767Z State: Starting, Action: StartingSiteContainers, LastError: ContainerTimeout, LastErrorTimestamp: 03/22/2026 16:15:42, LastErrorDetails: Container did not start within expected time limit of 230s. Please inspect your container logs for more details., Details: Site stopped at 03/22/2026 16:15:43 (UTC), DetailsLevel: WARN
2026-03-22T16:17:00.9292226Z Container start method called.
2026-03-22T16:17:00.9292768Z State: Starting, Action: PullingImage, LastError: ContainerTimeout, LastErrorTimestamp: 03/22/2026 16:15:42, LastErrorDetails: Container did not start within expected time limit of 230s. Please inspect your container logs for more details., Details: Pulling image 10.1.0.4:13209/appsvc/node:20-lts_20260115.4.tuxprod for card-social-api., DetailsLevel: INFO
2026-03-22T16:17:00.9293857Z Establishing network.
2026-03-22T16:17:00.9295377Z Pulling image: appsvc/node:20-lts_20260115.4.tuxprod.
2026-03-22T16:17:01.1824333Z Container is starting.
2026-03-22T16:17:01.1825362Z State: Starting, Action: MountingVolumes, LastError: ContainerTimeout, LastErrorTimestamp: 03/22/2026 16:15:42, LastErrorDetails: Container did not start within expected time limit of 230s. Please inspect your container logs for more details., Details: Mounting volumes for card-social-api., DetailsLevel: INFO
2026-03-22T16:17:01.1826757Z Establishing user namespace if not established already.
2026-03-22T16:17:01.2004296Z Establishing network if not established already.
2026-03-22T16:17:01.2006677Z Mounting volumes.
2026-03-22T16:17:01.2009395Z Nested mountpoint site/wwwroot
2026-03-22T16:17:01.2575256Z Nested mountpoint volatile/logs
2026-03-22T16:17:01.3174631Z Nested mountpoint 
2026-03-22T16:17:01.3181868Z Nested mountpoint 
2026-03-22T16:17:01.4624767Z Nested mountpoint 
2026-03-22T16:17:01.5779281Z Nested mountpoint 
2026-03-22T16:17:03.3233444Z State: Starting, Action: CreatingContainer, LastError: ContainerTimeout, LastErrorTimestamp: 03/22/2026 16:15:42, LastErrorDetails: Container did not start within expected time limit of 230s. Please inspect your container logs for more details., Details: Finished pulling container image and mounting volumes for card-social-api. Allocatinng the rest of the container resources to finish container creation., DetailsLevel: INFO
2026-03-22T16:17:03.3235175Z Creating container.
2026-03-22T16:17:03.3236308Z Creating pipes for streaming container io.
2026-03-22T16:17:03.3237655Z Creating stdout named pipe at /podr/container/pipe/75a2ceb55909_card-social-api/stdout_68b67236e93a4b949974be84c6a6f774.
2026-03-22T16:17:03.3320685Z Successfully created stdout named pipe at: /podr/container/pipe/75a2ceb55909_card-social-api/stdout_68b67236e93a4b949974be84c6a6f774.
2026-03-22T16:17:03.3321986Z Opening named pipe /podr/container/pipe/75a2ceb55909_card-social-api/stdout_68b67236e93a4b949974be84c6a6f774 for reading in non-blocking mode.
2026-03-22T16:17:03.3323405Z Successfully opened named pipe: /podr/container/pipe/75a2ceb55909_card-social-api/stdout_68b67236e93a4b949974be84c6a6f774.
2026-03-22T16:17:03.3324417Z Successfully removed non-blocking flag from /podr/container/pipe/75a2ceb55909_card-social-api/stdout_68b67236e93a4b949974be84c6a6f774.
2026-03-22T16:17:03.3326356Z Creating stderr named pipe at /podr/container/pipe/75a2ceb55909_card-social-api/stderr_cc8852c308f64ebfa98a8ceb47458bb8.
2026-03-22T16:17:03.3327908Z Successfully created stderr named pipe at: /podr/container/pipe/75a2ceb55909_card-social-api/stderr_cc8852c308f64ebfa98a8ceb47458bb8.
2026-03-22T16:17:03.3328915Z Opening named pipe /podr/container/pipe/75a2ceb55909_card-social-api/stderr_cc8852c308f64ebfa98a8ceb47458bb8 for reading in non-blocking mode.
2026-03-22T16:17:03.3330159Z Successfully opened named pipe: /podr/container/pipe/75a2ceb55909_card-social-api/stderr_cc8852c308f64ebfa98a8ceb47458bb8.
2026-03-22T16:17:03.3331313Z Successfully removed non-blocking flag from /podr/container/pipe/75a2ceb55909_card-social-api/stderr_cc8852c308f64ebfa98a8ceb47458bb8.
2026-03-22T16:17:03.3414230Z Creating container with image: appsvc/node:20-lts_20260115.4.tuxprod from registry: 10.1.0.4:13209 and fully qualified image name: 10.1.0.4:13209/appsvc/node:20-lts_20260115.4.tuxprod
2026-03-22T16:17:04.4851010Z Starting container: 75a2ceb55909_card-social-api.
2026-03-22T16:17:04.9550479Z Starting watchers and probes.
2026-03-22T16:17:04.9564195Z Starting metrics collection.
2026-03-22T16:17:04.9575952Z Container is running.
2026-03-22T16:17:04.9646747Z State: Starting, Action: CreatingContainer, LastError: ContainerTimeout, LastErrorTimestamp: 03/22/2026 16:15:42, LastErrorDetails: Container did not start within expected time limit of 230s. Please inspect your container logs for more details., Details: Container card-social-api successfully created and is running., DetailsLevel: INFO
2026-03-22T16:17:05.6004871Z Container start method finished after 4660 ms.
2026-03-22T16:17:05.6014996Z State: Starting, Action: InitiatingSiteWarmUpProbe, LastError: ContainerTimeout, LastErrorTimestamp: 03/22/2026 16:15:42, LastErrorDetails: Container did not start within expected time limit of 230s. Please inspect your container logs for more details., Details: Container card-social-api successfully created and is running., DetailsLevel: INFO
2026-03-22T16:17:05.6016950Z State: Starting, Action: WaitingForSiteWarmUpProbeSuccess, LastError: ContainerTimeout, LastErrorTimestamp: 03/22/2026 16:15:42, LastErrorDetails: Container did not start within expected time limit of 230s. Please inspect your container logs for more details., Details: Pinging warmup path to ensure container is ready to receive requests., DetailsLevel: INFO
2026-03-22T16:17:44.7612051Z Container has finished running with exit code: 127.
2026-03-22T16:17:44.7613554Z Container is terminating. Grace period: 5 seconds.
2026-03-22T16:17:44.7620412Z Stop and delete container. Retry count = 0
2026-03-22T16:17:44.7621901Z Stopping container: 75a2ceb55909_card-social-api.
2026-03-22T16:17:44.9457856Z Deleting container: 75a2ceb55909_card-social-api. Retry count = 0
2026-03-22T16:17:45.2948631Z Container spec TerminationMessagePolicy  path 
2026-03-22T16:17:45.2950843Z Container is terminated. Total time elapsed: 533 ms.
2026-03-22T16:17:45.2965500Z Site container: card-social-api terminated during site startup.
2026-03-22T16:17:45.2969351Z State: Stopping, Action: CancellingStartup, LastError: ContainerTimeout, LastErrorTimestamp: 03/22/2026 16:15:42, LastErrorDetails: Container did not start within expected time limit of 230s. Please inspect your container logs for more details., Details: Site container: card-social-api terminated during site startup. Cancelling site startup., DetailsLevel: ERR
2026-03-22T16:17:45.3241685Z Site startup probe failed after 39.7044851 seconds.
2026-03-22T16:17:45.7688987Z State: Stopping, Action: CancellingStartup, LastError: ContainerTimeout, LastErrorTimestamp: 03/22/2026 16:17:45, LastErrorDetails: Container did not start within expected time limit of 230s. Please inspect your container logs for more details., Details: Site container: card-social-api terminated during site startup. Cancelling site startup., DetailsLevel: ERR
2026-03-22T16:17:45.7706348Z Failed to start site. Revert by stopping site.
2026-03-22T16:17:45.7708441Z State: Stopping, Action: StoppingSite, LastError: ContainerTimeout, LastErrorTimestamp: 03/22/2026 16:17:45, LastErrorDetails: Container did not start within expected time limit of 230s. Please inspect your container logs for more details., Details: Site container: card-social-api terminated during site startup. Cancelling site startup., DetailsLevel: ERR
2026-03-22T16:17:45.7871821Z State: Stopping, Action: StoppingSiteContainers, LastError: ContainerTimeout, LastErrorTimestamp: 03/22/2026 16:17:45, LastErrorDetails: Container did not start within expected time limit of 230s. Please inspect your container logs for more details., Details: Site container: card-social-api terminated during site startup. Cancelling site startup., DetailsLevel: ERR
2026-03-22T16:17:45.7872045Z Site: card-social-api stopped.
2026-03-22T16:19:08.4631876Z State: Starting, Action: EstablishingSiteNetworks, LastError: ContainerTimeout, LastErrorTimestamp: 03/22/2026 16:17:45, LastErrorDetails: Container did not start within expected time limit of 230s. Please inspect your container logs for more details., Details: Site stopped at 03/22/2026 16:17:46 (UTC), DetailsLevel: WARN
2026-03-22T16:19:11.5018578Z State: Starting, Action: StartingSiteContainers, LastError: ContainerTimeout, LastErrorTimestamp: 03/22/2026 16:17:45, LastErrorDetails: Container did not start within expected time limit of 230s. Please inspect your container logs for more details., Details: Site stopped at 03/22/2026 16:17:46 (UTC), DetailsLevel: WARN
2026-03-22T16:19:11.5020219Z Container start method called.
2026-03-22T16:19:11.5020705Z State: Starting, Action: PullingImage, LastError: ContainerTimeout, LastErrorTimestamp: 03/22/2026 16:17:45, LastErrorDetails: Container did not start within expected time limit of 230s. Please inspect your container logs for more details., Details: Pulling image 10.1.0.5:13209/appsvc/node:20-lts_20260115.4.tuxprod for card-social-api., DetailsLevel: INFO
2026-03-22T16:19:11.5021961Z Establishing network.
2026-03-22T16:19:11.6954595Z Pulling image: appsvc/node:20-lts_20260115.4.tuxprod.
2026-03-22T16:19:11.9653249Z Container is starting.
2026-03-22T16:19:11.9663887Z State: Starting, Action: MountingVolumes, LastError: ContainerTimeout, LastErrorTimestamp: 03/22/2026 16:17:45, LastErrorDetails: Container did not start within expected time limit of 230s. Please inspect your container logs for more details., Details: Mounting volumes for card-social-api., DetailsLevel: INFO
2026-03-22T16:19:11.9677533Z Establishing user namespace if not established already.
2026-03-22T16:19:11.9685383Z Establishing network if not established already.
2026-03-22T16:19:11.9742530Z Mounting volumes.
2026-03-22T16:19:11.9749955Z Nested mountpoint site/wwwroot
2026-03-22T16:19:12.0158785Z Nested mountpoint volatile/logs
2026-03-22T16:19:12.0347576Z Nested mountpoint 
2026-03-22T16:19:12.0429227Z Nested mountpoint 
2026-03-22T16:19:12.0694437Z Nested mountpoint 
2026-03-22T16:19:12.0986565Z Nested mountpoint 
2026-03-22T16:19:12.8315022Z State: Starting, Action: CreatingContainer, LastError: ContainerTimeout, LastErrorTimestamp: 03/22/2026 16:17:45, LastErrorDetails: Container did not start within expected time limit of 230s. Please inspect your container logs for more details., Details: Finished pulling container image and mounting volumes for card-social-api. Allocatinng the rest of the container resources to finish container creation., DetailsLevel: INFO
2026-03-22T16:19:12.8323360Z Creating container.
2026-03-22T16:19:12.8325613Z Creating pipes for streaming container io.
2026-03-22T16:19:12.8328190Z Creating stdout named pipe at /podr/container/pipe/88a74238492c_card-social-api/stdout_56f4cc7ed8494708ae18663052d08115.
2026-03-22T16:19:12.8330941Z Successfully created stdout named pipe at: /podr/container/pipe/88a74238492c_card-social-api/stdout_56f4cc7ed8494708ae18663052d08115.
2026-03-22T16:19:12.8332492Z Opening named pipe /podr/container/pipe/88a74238492c_card-social-api/stdout_56f4cc7ed8494708ae18663052d08115 for reading in non-blocking mode.
2026-03-22T16:19:12.8334344Z Successfully opened named pipe: /podr/container/pipe/88a74238492c_card-social-api/stdout_56f4cc7ed8494708ae18663052d08115.
2026-03-22T16:19:12.8336032Z Successfully removed non-blocking flag from /podr/container/pipe/88a74238492c_card-social-api/stdout_56f4cc7ed8494708ae18663052d08115.
2026-03-22T16:19:12.8343027Z Creating stderr named pipe at /podr/container/pipe/88a74238492c_card-social-api/stderr_7fc65676dd2941019c4b11e326f1c4ff.
2026-03-22T16:19:12.8346335Z Successfully created stderr named pipe at: /podr/container/pipe/88a74238492c_card-social-api/stderr_7fc65676dd2941019c4b11e326f1c4ff.
2026-03-22T16:19:12.8533722Z Opening named pipe /podr/container/pipe/88a74238492c_card-social-api/stderr_7fc65676dd2941019c4b11e326f1c4ff for reading in non-blocking mode.
2026-03-22T16:19:12.8543888Z Successfully opened named pipe: /podr/container/pipe/88a74238492c_card-social-api/stderr_7fc65676dd2941019c4b11e326f1c4ff.
2026-03-22T16:19:12.8702811Z Successfully removed non-blocking flag from /podr/container/pipe/88a74238492c_card-social-api/stderr_7fc65676dd2941019c4b11e326f1c4ff.
2026-03-22T16:19:12.8715868Z Creating container with image: appsvc/node:20-lts_20260115.4.tuxprod from registry: 10.1.0.5:13209 and fully qualified image name: 10.1.0.5:13209/appsvc/node:20-lts_20260115.4.tuxprod
2026-03-22T16:19:13.3212697Z Starting container: 88a74238492c_card-social-api.
2026-03-22T16:19:13.3715365Z Starting watchers and probes.
2026-03-22T16:19:13.4095355Z Starting metrics collection.
2026-03-22T16:19:13.4099581Z Container is running.
2026-03-22T16:19:13.4100457Z State: Starting, Action: CreatingContainer, LastError: ContainerTimeout, LastErrorTimestamp: 03/22/2026 16:17:45, LastErrorDetails: Container did not start within expected time limit of 230s. Please inspect your container logs for more details., Details: Container card-social-api successfully created and is running., DetailsLevel: INFO
2026-03-22T16:19:13.5647026Z Container start method finished after 2061 ms.
2026-03-22T16:19:13.5658102Z State: Starting, Action: InitiatingSiteWarmUpProbe, LastError: ContainerTimeout, LastErrorTimestamp: 03/22/2026 16:17:45, LastErrorDetails: Container did not start within expected time limit of 230s. Please inspect your container logs for more details., Details: Container card-social-api successfully created and is running., DetailsLevel: INFO
2026-03-22T16:19:13.5658577Z State: Starting, Action: WaitingForSiteWarmUpProbeSuccess, LastError: ContainerTimeout, LastErrorTimestamp: 03/22/2026 16:17:45, LastErrorDetails: Container did not start within expected time limit of 230s. Please inspect your container logs for more details., Details: Pinging warmup path to ensure container is ready to receive requests., DetailsLevel: INFO
2026-03-22T16:19:38.0587835Z Container has finished running with exit code: 1.
2026-03-22T16:19:38.0617813Z Container is terminating. Grace period: 5 seconds.
2026-03-22T16:19:38.0783225Z Stop and delete container. Retry count = 0
2026-03-22T16:19:38.0789630Z Stopping container: 88a74238492c_card-social-api.
2026-03-22T16:19:38.1565367Z Deleting container: 88a74238492c_card-social-api. Retry count = 0
2026-03-22T16:19:38.3877658Z Container spec TerminationMessagePolicy  path 
2026-03-22T16:19:38.3890384Z Container is terminated. Total time elapsed: 326 ms.
2026-03-22T16:19:38.3898472Z Site container: card-social-api terminated during site startup.
2026-03-22T16:19:38.3902934Z State: Stopping, Action: CancellingStartup, LastError: ContainerTimeout, LastErrorTimestamp: 03/22/2026 16:17:45, LastErrorDetails: Container did not start within expected time limit of 230s. Please inspect your container logs for more details., Details: Site container: card-social-api terminated during site startup. Cancelling site startup., DetailsLevel: ERR
2026-03-22T16:19:38.4067352Z Site startup probe failed after 24.8315898 seconds.
2026-03-22T16:19:38.5470357Z State: Stopping, Action: CancellingStartup, LastError: ContainerTimeout, LastErrorTimestamp: 03/22/2026 16:19:38, LastErrorDetails: Container did not start within expected time limit of 230s. Please inspect your container logs for more details., Details: Site container: card-social-api terminated during site startup. Cancelling site startup., DetailsLevel: ERR
2026-03-22T16:19:38.5552723Z Failed to start site. Revert by stopping site.
2026-03-22T16:19:38.5554605Z State: Stopping, Action: StoppingSite, LastError: ContainerTimeout, LastErrorTimestamp: 03/22/2026 16:19:38, LastErrorDetails: Container did not start within expected time limit of 230s. Please inspect your container logs for more details., Details: Site container: card-social-api terminated during site startup. Cancelling site startup., DetailsLevel: ERR
2026-03-22T16:19:38.5557503Z State: Stopping, Action: StoppingSiteContainers, LastError: ContainerTimeout, LastErrorTimestamp: 03/22/2026 16:19:38, LastErrorDetails: Container did not start within expected time limit of 230s. Please inspect your container logs for more details., Details: Site container: card-social-api terminated during site startup. Cancelling site startup., DetailsLevel: ERR
2026-03-22T16:19:38.5557653Z Site: card-social-api stopped.
2026-03-22T16:20:47.3855319Z State: Starting, Action: EstablishingSiteNetworks, LastError: ContainerTimeout, LastErrorTimestamp: 03/22/2026 16:19:38, LastErrorDetails: Container did not start within expected time limit of 230s. Please inspect your container logs for more details., Details: Site stopped at 03/22/2026 16:19:39 (UTC), DetailsLevel: ERR
2026-03-22T16:20:49.8788863Z State: Starting, Action: StartingSiteContainers, LastError: ContainerTimeout, LastErrorTimestamp: 03/22/2026 16:19:38, LastErrorDetails: Container did not start within expected time limit of 230s. Please inspect your container logs for more details., Details: Site stopped at 03/22/2026 16:19:39 (UTC), DetailsLevel: ERR
2026-03-22T16:20:49.8790536Z Container start method called.
2026-03-22T16:20:49.8791048Z State: Starting, Action: PullingImage, LastError: ContainerTimeout, LastErrorTimestamp: 03/22/2026 16:19:38, LastErrorDetails: Container did not start within expected time limit of 230s. Please inspect your container logs for more details., Details: Pulling image 10.1.0.4:13209/appsvc/node:20-lts_20260115.4.tuxprod for card-social-api., DetailsLevel: INFO
2026-03-22T16:20:49.8792447Z Establishing network.
2026-03-22T16:20:49.8793549Z Pulling image: appsvc/node:20-lts_20260115.4.tuxprod.
2026-03-22T16:20:50.2125887Z Container is starting.
2026-03-22T16:20:50.2146349Z State: Starting, Action: MountingVolumes, LastError: ContainerTimeout, LastErrorTimestamp: 03/22/2026 16:19:38, LastErrorDetails: Container did not start within expected time limit of 230s. Please inspect your container logs for more details., Details: Mounting volumes for card-social-api., DetailsLevel: INFO
2026-03-22T16:20:50.2148226Z Establishing user namespace if not established already.
2026-03-22T16:20:50.2149444Z Establishing network if not established already.
2026-03-22T16:20:50.2320704Z Mounting volumes.
2026-03-22T16:20:50.2325308Z Nested mountpoint 
2026-03-22T16:20:50.2805465Z Nested mountpoint volatile/logs
2026-03-22T16:20:50.3119487Z Nested mountpoint 
2026-03-22T16:20:50.3579389Z Nested mountpoint 
2026-03-22T16:20:50.3669821Z Nested mountpoint 
2026-03-22T16:20:50.7603897Z State: Starting, Action: CreatingContainer, LastError: ContainerTimeout, LastErrorTimestamp: 03/22/2026 16:19:38, LastErrorDetails: Container did not start within expected time limit of 230s. Please inspect your container logs for more details., Details: Finished pulling container image and mounting volumes for card-social-api. Allocatinng the rest of the container resources to finish container creation., DetailsLevel: INFO
2026-03-22T16:20:50.7606342Z Creating container.
2026-03-22T16:20:50.7608145Z Creating pipes for streaming container io.
2026-03-22T16:20:50.7778746Z Creating stdout named pipe at /podr/container/pipe/d942b3cf1062_card-social-api/stdout_062cad8be6f24eacad31e646f8e092ba.
2026-03-22T16:20:50.7783604Z Successfully created stdout named pipe at: /podr/container/pipe/d942b3cf1062_card-social-api/stdout_062cad8be6f24eacad31e646f8e092ba.
2026-03-22T16:20:50.7785473Z Opening named pipe /podr/container/pipe/d942b3cf1062_card-social-api/stdout_062cad8be6f24eacad31e646f8e092ba for reading in non-blocking mode.
2026-03-22T16:20:50.7792804Z Successfully opened named pipe: /podr/container/pipe/d942b3cf1062_card-social-api/stdout_062cad8be6f24eacad31e646f8e092ba.
2026-03-22T16:20:50.7797025Z Successfully removed non-blocking flag from /podr/container/pipe/d942b3cf1062_card-social-api/stdout_062cad8be6f24eacad31e646f8e092ba.
2026-03-22T16:20:50.7804667Z Creating stderr named pipe at /podr/container/pipe/d942b3cf1062_card-social-api/stderr_631ab5d01679447a9849b6c5f6372688.
2026-03-22T16:20:50.8163344Z Successfully created stderr named pipe at: /podr/container/pipe/d942b3cf1062_card-social-api/stderr_631ab5d01679447a9849b6c5f6372688.
2026-03-22T16:20:50.8166635Z Opening named pipe /podr/container/pipe/d942b3cf1062_card-social-api/stderr_631ab5d01679447a9849b6c5f6372688 for reading in non-blocking mode.
2026-03-22T16:20:50.8168601Z Successfully opened named pipe: /podr/container/pipe/d942b3cf1062_card-social-api/stderr_631ab5d01679447a9849b6c5f6372688.
2026-03-22T16:20:50.8170033Z Successfully removed non-blocking flag from /podr/container/pipe/d942b3cf1062_card-social-api/stderr_631ab5d01679447a9849b6c5f6372688.
2026-03-22T16:20:50.8177322Z Creating container with image: appsvc/node:20-lts_20260115.4.tuxprod from registry: 10.1.0.4:13209 and fully qualified image name: 10.1.0.4:13209/appsvc/node:20-lts_20260115.4.tuxprod
2026-03-22T16:20:51.2751894Z Starting container: d942b3cf1062_card-social-api.
2026-03-22T16:20:51.3931769Z Starting watchers and probes.
2026-03-22T16:20:51.4007739Z Starting metrics collection.
2026-03-22T16:20:51.4010873Z Container is running.
2026-03-22T16:20:51.4024682Z State: Starting, Action: CreatingContainer, LastError: ContainerTimeout, LastErrorTimestamp: 03/22/2026 16:19:38, LastErrorDetails: Container did not start within expected time limit of 230s. Please inspect your container logs for more details., Details: Container card-social-api successfully created and is running., DetailsLevel: INFO
2026-03-22T16:20:51.7083743Z Container start method finished after 1810 ms.
2026-03-22T16:20:51.7088120Z State: Starting, Action: InitiatingSiteWarmUpProbe, LastError: ContainerTimeout, LastErrorTimestamp: 03/22/2026 16:19:38, LastErrorDetails: Container did not start within expected time limit of 230s. Please inspect your container logs for more details., Details: Container card-social-api successfully created and is running., DetailsLevel: INFO
2026-03-22T16:20:51.7089058Z State: Starting, Action: WaitingForSiteWarmUpProbeSuccess, LastError: ContainerTimeout, LastErrorTimestamp: 03/22/2026 16:19:38, LastErrorDetails: Container did not start within expected time limit of 230s. Please inspect your container logs for more details., Details: Pinging warmup path to ensure container is ready to receive requests., DetailsLevel: INFO
2026-03-22T16:21:33.7889003Z Site startup probe succeeded after 42.078712 seconds.
2026-03-22T16:21:33.9523145Z State: Starting, Action: WarmUpProbeSucceeded, LastError: ContainerTimeout, LastErrorTimestamp: 03/22/2026 16:19:38, LastErrorDetails: Container did not start within expected time limit of 230s. Please inspect your container logs for more details., Details: Site startup probe succeeded after 42.078712 seconds., DetailsLevel: INFO
2026-03-22T16:21:34.0392933Z State: Starting, Action: StartingAuthContainer, LastError: ContainerTimeout, LastErrorTimestamp: 03/22/2026 16:19:38, LastErrorDetails: Container did not start within expected time limit of 230s. Please inspect your container logs for more details., Details: Site startup probe succeeded after 42.078712 seconds., DetailsLevel: INFO
2026-03-22T16:21:39.1213933Z Site is running with deployment version: a64fa74d-d855-4c55-9095-4d50a9a5fb2b
2026-03-22T16:21:39.1216291Z Site started.
2026-03-22T16:21:39.1217240Z State: Started, Action: None, LastError: ContainerTimeout, LastErrorTimestamp: 03/22/2026 16:19:38, LastErrorDetails: Container did not start within expected time limit of 230s. Please inspect your container logs for more details., Details: Site started at 03/22/2026 16:21:39 (UTC), DetailsLevel: INFO
2026-03-22T16:21:39.1789504Z Site is running with patch version NODE 20.20.0
2026-03-22T16:37:31.3762734Z State: Starting, Action: EstablishingSiteNetworks, LastError: , LastErrorTimestamp: 01/01/0001 00:00:00, LastErrorDetails: , Details: , DetailsLevel: INFO
2026-03-22T16:37:34.3989469Z State: Starting, Action: StartingSiteContainers, LastError: , LastErrorTimestamp: 01/01/0001 00:00:00, LastErrorDetails: , Details: , DetailsLevel: INFO
2026-03-22T16:37:34.3999946Z Container start method called.
2026-03-22T16:37:34.4061724Z State: Starting, Action: PullingImage, LastError: , LastErrorTimestamp: 01/01/0001 00:00:00, LastErrorDetails: , Details: Pulling image 10.1.0.4:13209/appsvc/node:20-lts_20260115.4.tuxprod for card-social-api., DetailsLevel: INFO
2026-03-22T16:37:34.4064384Z Establishing network.
2026-03-22T16:37:34.4085531Z Pulling image: appsvc/node:20-lts_20260115.4.tuxprod.
2026-03-22T16:37:34.9168935Z Container is starting.
2026-03-22T16:37:34.9229206Z State: Starting, Action: MountingVolumes, LastError: , LastErrorTimestamp: 01/01/0001 00:00:00, LastErrorDetails: , Details: Mounting volumes for card-social-api., DetailsLevel: INFO
2026-03-22T16:37:34.9251184Z Establishing user namespace if not established already.
2026-03-22T16:37:34.9256604Z Establishing network if not established already.
2026-03-22T16:37:34.9260911Z Mounting volumes.
2026-03-22T16:37:34.9336771Z Nested mountpoint site/wwwroot
2026-03-22T16:37:35.0003413Z Nested mountpoint volatile/logs
2026-03-22T16:37:35.0402020Z Nested mountpoint 
2026-03-22T16:37:35.0815255Z Nested mountpoint 
2026-03-22T16:37:35.1220842Z Nested mountpoint 
2026-03-22T16:37:35.1706910Z Nested mountpoint 
2026-03-22T16:37:36.2081188Z State: Starting, Action: CreatingContainer, LastError: , LastErrorTimestamp: 01/01/0001 00:00:00, LastErrorDetails: , Details: Finished pulling container image and mounting volumes for card-social-api. Allocatinng the rest of the container resources to finish container creation., DetailsLevel: INFO
2026-03-22T16:37:36.2083553Z Creating container.
2026-03-22T16:37:36.2085380Z Creating pipes for streaming container io.
2026-03-22T16:37:36.2087050Z Creating stdout named pipe at /podr/container/pipe/441909255b32_card-social-api/stdout_4a311109cc7143b196d015699e642c80.
2026-03-22T16:37:36.2168388Z Successfully created stdout named pipe at: /podr/container/pipe/441909255b32_card-social-api/stdout_4a311109cc7143b196d015699e642c80.
2026-03-22T16:37:36.2170257Z Opening named pipe /podr/container/pipe/441909255b32_card-social-api/stdout_4a311109cc7143b196d015699e642c80 for reading in non-blocking mode.
2026-03-22T16:37:36.2340767Z Successfully opened named pipe: /podr/container/pipe/441909255b32_card-social-api/stdout_4a311109cc7143b196d015699e642c80.
2026-03-22T16:37:36.2359835Z Successfully removed non-blocking flag from /podr/container/pipe/441909255b32_card-social-api/stdout_4a311109cc7143b196d015699e642c80.
2026-03-22T16:37:36.2459250Z Creating stderr named pipe at /podr/container/pipe/441909255b32_card-social-api/stderr_478fa1ba00bb478a8219fdfc7e1df3db.
2026-03-22T16:37:36.2461619Z Successfully created stderr named pipe at: /podr/container/pipe/441909255b32_card-social-api/stderr_478fa1ba00bb478a8219fdfc7e1df3db.
2026-03-22T16:37:36.2462647Z Opening named pipe /podr/container/pipe/441909255b32_card-social-api/stderr_478fa1ba00bb478a8219fdfc7e1df3db for reading in non-blocking mode.
2026-03-22T16:37:36.2463953Z Successfully opened named pipe: /podr/container/pipe/441909255b32_card-social-api/stderr_478fa1ba00bb478a8219fdfc7e1df3db.
2026-03-22T16:37:36.2465156Z Successfully removed non-blocking flag from /podr/container/pipe/441909255b32_card-social-api/stderr_478fa1ba00bb478a8219fdfc7e1df3db.
2026-03-22T16:37:36.2646942Z Creating container with image: appsvc/node:20-lts_20260115.4.tuxprod from registry: 10.1.0.4:13209 and fully qualified image name: 10.1.0.4:13209/appsvc/node:20-lts_20260115.4.tuxprod
2026-03-22T16:37:37.1453335Z Starting container: 441909255b32_card-social-api.
2026-03-22T16:37:37.2520448Z Starting watchers and probes.
2026-03-22T16:37:37.2633704Z Starting metrics collection.
2026-03-22T16:37:37.2805443Z Container is running.
2026-03-22T16:37:37.2821682Z State: Starting, Action: CreatingContainer, LastError: , LastErrorTimestamp: 01/01/0001 00:00:00, LastErrorDetails: , Details: Container card-social-api successfully created and is running., DetailsLevel: INFO
2026-03-22T16:37:37.3956645Z Container start method finished after 2968 ms.
2026-03-22T16:37:37.4140618Z State: Starting, Action: InitiatingSiteWarmUpProbe, LastError: , LastErrorTimestamp: 01/01/0001 00:00:00, LastErrorDetails: , Details: Container card-social-api successfully created and is running., DetailsLevel: INFO
2026-03-22T16:37:37.4232018Z State: Starting, Action: WaitingForSiteWarmUpProbeSuccess, LastError: , LastErrorTimestamp: 01/01/0001 00:00:00, LastErrorDetails: , Details: Pinging warmup path to ensure container is ready to receive requests., DetailsLevel: INFO
2026-03-22T16:38:48.1245766Z Container has finished running with exit code: 1.
2026-03-22T16:38:48.1266772Z Container is terminating. Grace period: 5 seconds.
2026-03-22T16:38:48.1330748Z Stop and delete container. Retry count = 0
2026-03-22T16:38:48.1345740Z Stopping container: 441909255b32_card-social-api.
2026-03-22T16:38:48.3274575Z Deleting container: 441909255b32_card-social-api. Retry count = 0
2026-03-22T16:38:48.8787546Z Container spec TerminationMessagePolicy  path 
2026-03-22T16:38:48.9006857Z Container is terminated. Total time elapsed: 773 ms.
2026-03-22T16:38:48.9010727Z Site container: card-social-api terminated during site startup.
2026-03-22T16:38:48.9401515Z State: Stopping, Action: CancellingStartup, LastError: , LastErrorTimestamp: 01/01/0001 00:00:00, LastErrorDetails: , Details: Site container: card-social-api terminated during site startup. Cancelling site startup., DetailsLevel: ERR
2026-03-22T16:38:48.9661207Z Site startup probe failed after 71.5229811 seconds.
2026-03-22T16:38:49.1978099Z State: Stopping, Action: CancellingStartup, LastError: ContainerTimeout, LastErrorTimestamp: 03/22/2026 16:38:49, LastErrorDetails: Container did not start within expected time limit of 230s. Please inspect your container logs for more details., Details: Site container: card-social-api terminated during site startup. Cancelling site startup., DetailsLevel: ERR
2026-03-22T16:38:49.2077985Z Failed to start site. Revert by stopping site.
2026-03-22T16:38:49.2147686Z State: Stopping, Action: StoppingSite, LastError: ContainerTimeout, LastErrorTimestamp: 03/22/2026 16:38:49, LastErrorDetails: Container did not start within expected time limit of 230s. Please inspect your container logs for more details., Details: Site container: card-social-api terminated during site startup. Cancelling site startup., DetailsLevel: ERR
2026-03-22T16:38:49.2151393Z State: Stopping, Action: StoppingSiteContainers, LastError: ContainerTimeout, LastErrorTimestamp: 03/22/2026 16:38:49, LastErrorDetails: Container did not start within expected time limit of 230s. Please inspect your container logs for more details., Details: Site container: card-social-api terminated during site startup. Cancelling site startup., DetailsLevel: ERR
2026-03-22T16:38:49.2151548Z Site: card-social-api stopped.
2026-03-22T16:39:11.3750270Z State: Stopping, Action: StoppingSite, LastError: ContainerTimeout, LastErrorTimestamp: 03/22/2026 16:19:38, LastErrorDetails: Container did not start within expected time limit of 230s. Please inspect your container logs for more details., Details: Site started at 03/22/2026 16:21:39 (UTC), DetailsLevel: INFO
2026-03-22T16:39:11.3777761Z State: Stopping, Action: StoppingSiteContainers, LastError: ContainerTimeout, LastErrorTimestamp: 03/22/2026 16:19:38, LastErrorDetails: Container did not start within expected time limit of 230s. Please inspect your container logs for more details., Details: Site started at 03/22/2026 16:21:39 (UTC), DetailsLevel: INFO
2026-03-22T16:39:11.4044130Z Container is terminating. Grace period: 5 seconds.
2026-03-22T16:39:11.5525545Z Stop and delete container. Retry count = 0
2026-03-22T16:39:11.5731610Z Stopping container: d942b3cf1062_card-social-api.
2026-03-22T16:39:17.5231787Z Deleting container: d942b3cf1062_card-social-api. Retry count = 0
2026-03-22T16:39:18.6212005Z Container spec TerminationMessagePolicy  path 
2026-03-22T16:39:18.6220538Z Container is terminated. Total time elapsed: 7216 ms.
2026-03-22T16:39:18.6232748Z Site: card-social-api stopped.
2026-03-22T16:38:49.2359983Z State: Stopping, Action: UnmountingVolumes, LastError: ContainerTimeout, LastErrorTimestamp: 03/22/2026 16:38:49, LastErrorDetails: Container did not start within expected time limit of 230s. Please inspect your container logs for more details., Details: Site container: card-social-api terminated during site startup. Cancelling site startup., DetailsLevel: ERR
2026-03-22T16:38:50.2794531Z State: Stopping, Action: StoppingSiteNetworks, LastError: ContainerTimeout, LastErrorTimestamp: 03/22/2026 16:38:49, LastErrorDetails: Container did not start within expected time limit of 230s. Please inspect your container logs for more details., Details: Site container: card-social-api terminated during site startup. Cancelling site startup., DetailsLevel: ERR
2026-03-22T16:38:51.1136600Z State: Stopped, Action: None, LastError: ContainerTimeout, LastErrorTimestamp: 03/22/2026 16:38:49, LastErrorDetails: Container did not start within expected time limit of 230s. Please inspect your container logs for more details., Details: Site stopped at 03/22/2026 16:38:51 (UTC), DetailsLevel: ERR
2026-03-22T16:38:51.1238903Z State: Stopped, Action: None, LastError: ContainerTimeout, LastErrorTimestamp: 03/22/2026 16:38:49, LastErrorDetails: Container did not start within expected time limit of 230s. Please inspect your container logs for more details., Details: Site stopped at 03/22/2026 16:38:51 (UTC), DetailsLevel: ERR
2026-03-22T16:39:20.4716965Z State: Starting, Action: EstablishingSiteNetworks, LastError: ContainerTimeout, LastErrorTimestamp: 03/22/2026 16:38:49, LastErrorDetails: Container did not start within expected time limit of 230s. Please inspect your container logs for more details., Details: Site stopped at 03/22/2026 16:38:51 (UTC), DetailsLevel: ERR
2026-03-22T16:39:23.3712531Z State: Starting, Action: StartingSiteContainers, LastError: ContainerTimeout, LastErrorTimestamp: 03/22/2026 16:38:49, LastErrorDetails: Container did not start within expected time limit of 230s. Please inspect your container logs for more details., Details: Site stopped at 03/22/2026 16:38:51 (UTC), DetailsLevel: ERR
2026-03-22T16:39:23.3714128Z Container start method called.
2026-03-22T16:39:23.3714605Z State: Starting, Action: PullingImage, LastError: ContainerTimeout, LastErrorTimestamp: 03/22/2026 16:38:49, LastErrorDetails: Container did not start within expected time limit of 230s. Please inspect your container logs for more details., Details: Pulling image 10.1.0.4:13209/appsvc/node:20-lts_20260115.4.tuxprod for card-social-api., DetailsLevel: INFO
2026-03-22T16:39:23.3715748Z Establishing network.
2026-03-22T16:39:23.3717030Z Pulling image: appsvc/node:20-lts_20260115.4.tuxprod.
2026-03-22T16:39:23.5874086Z Container is starting.
2026-03-22T16:39:23.5874975Z State: Starting, Action: MountingVolumes, LastError: ContainerTimeout, LastErrorTimestamp: 03/22/2026 16:38:49, LastErrorDetails: Container did not start within expected time limit of 230s. Please inspect your container logs for more details., Details: Mounting volumes for card-social-api., DetailsLevel: INFO
2026-03-22T16:39:23.5876077Z Establishing user namespace if not established already.
2026-03-22T16:39:23.5878349Z Establishing network if not established already.
2026-03-22T16:39:23.5879901Z Mounting volumes.
2026-03-22T16:39:23.5954860Z Nested mountpoint site/wwwroot
2026-03-22T16:39:23.6268199Z Nested mountpoint volatile/logs
2026-03-22T16:39:23.6638461Z Nested mountpoint 
2026-03-22T16:39:23.6653695Z Nested mountpoint 
2026-03-22T16:39:23.7731892Z Nested mountpoint 
2026-03-22T16:39:23.7747616Z Nested mountpoint 
2026-03-22T16:39:24.6340845Z State: Starting, Action: CreatingContainer, LastError: ContainerTimeout, LastErrorTimestamp: 03/22/2026 16:38:49, LastErrorDetails: Container did not start within expected time limit of 230s. Please inspect your container logs for more details., Details: Finished pulling container image and mounting volumes for card-social-api. Allocatinng the rest of the container resources to finish container creation., DetailsLevel: INFO
2026-03-22T16:39:24.6348085Z Creating container.
2026-03-22T16:39:24.6356791Z Creating pipes for streaming container io.
2026-03-22T16:39:24.6365329Z Creating stdout named pipe at /podr/container/pipe/e51cdc55ee2e_card-social-api/stdout_194622a6d42c49d29d623b95803822d0.
2026-03-22T16:39:24.6376461Z Successfully created stdout named pipe at: /podr/container/pipe/e51cdc55ee2e_card-social-api/stdout_194622a6d42c49d29d623b95803822d0.
2026-03-22T16:39:24.6456100Z Opening named pipe /podr/container/pipe/e51cdc55ee2e_card-social-api/stdout_194622a6d42c49d29d623b95803822d0 for reading in non-blocking mode.
2026-03-22T16:39:24.6463586Z Successfully opened named pipe: /podr/container/pipe/e51cdc55ee2e_card-social-api/stdout_194622a6d42c49d29d623b95803822d0.
2026-03-22T16:39:24.6471300Z Successfully removed non-blocking flag from /podr/container/pipe/e51cdc55ee2e_card-social-api/stdout_194622a6d42c49d29d623b95803822d0.
2026-03-22T16:39:24.6544393Z Creating stderr named pipe at /podr/container/pipe/e51cdc55ee2e_card-social-api/stderr_cb5a89d35f724b3cbad478d7d612708c.
2026-03-22T16:39:24.6552753Z Successfully created stderr named pipe at: /podr/container/pipe/e51cdc55ee2e_card-social-api/stderr_cb5a89d35f724b3cbad478d7d612708c.
2026-03-22T16:39:24.6565867Z Opening named pipe /podr/container/pipe/e51cdc55ee2e_card-social-api/stderr_cb5a89d35f724b3cbad478d7d612708c for reading in non-blocking mode.
2026-03-22T16:39:24.6570745Z Successfully opened named pipe: /podr/container/pipe/e51cdc55ee2e_card-social-api/stderr_cb5a89d35f724b3cbad478d7d612708c.
2026-03-22T16:39:24.6647125Z Successfully removed non-blocking flag from /podr/container/pipe/e51cdc55ee2e_card-social-api/stderr_cb5a89d35f724b3cbad478d7d612708c.
2026-03-22T16:39:24.6655432Z Creating container with image: appsvc/node:20-lts_20260115.4.tuxprod from registry: 10.1.0.4:13209 and fully qualified image name: 10.1.0.4:13209/appsvc/node:20-lts_20260115.4.tuxprod
2026-03-22T16:39:25.2399009Z Starting container: e51cdc55ee2e_card-social-api.
2026-03-22T16:39:25.3186123Z Starting watchers and probes.
2026-03-22T16:39:25.3265771Z Starting metrics collection.
2026-03-22T16:39:25.3268536Z Container is running.
2026-03-22T16:39:25.3269933Z State: Starting, Action: CreatingContainer, LastError: ContainerTimeout, LastErrorTimestamp: 03/22/2026 16:38:49, LastErrorDetails: Container did not start within expected time limit of 230s. Please inspect your container logs for more details., Details: Container card-social-api successfully created and is running., DetailsLevel: INFO
2026-03-22T16:39:25.4570989Z Container start method finished after 2036 ms.
2026-03-22T16:39:25.5124043Z State: Starting, Action: InitiatingSiteWarmUpProbe, LastError: ContainerTimeout, LastErrorTimestamp: 03/22/2026 16:38:49, LastErrorDetails: Container did not start within expected time limit of 230s. Please inspect your container logs for more details., Details: Container card-social-api successfully created and is running., DetailsLevel: INFO
2026-03-22T16:39:25.5125448Z State: Starting, Action: WaitingForSiteWarmUpProbeSuccess, LastError: ContainerTimeout, LastErrorTimestamp: 03/22/2026 16:38:49, LastErrorDetails: Container did not start within expected time limit of 230s. Please inspect your container logs for more details., Details: Pinging warmup path to ensure container is ready to receive requests., DetailsLevel: INFO
2026-03-22T16:39:54.5665357Z Container has finished running with exit code: 1.
2026-03-22T16:39:54.5666724Z Container is terminating. Grace period: 5 seconds.
2026-03-22T16:39:54.5670082Z Stop and delete container. Retry count = 0
2026-03-22T16:39:54.5671170Z Stopping container: e51cdc55ee2e_card-social-api.
2026-03-22T16:39:54.6535221Z Deleting container: e51cdc55ee2e_card-social-api. Retry count = 0
2026-03-22T16:39:54.9420221Z Container spec TerminationMessagePolicy  path 
2026-03-22T16:39:54.9431106Z Container is terminated. Total time elapsed: 375 ms.
2026-03-22T16:39:54.9439845Z Site container: card-social-api terminated during site startup.
2026-03-22T16:39:54.9524199Z State: Stopping, Action: CancellingStartup, LastError: ContainerTimeout, LastErrorTimestamp: 03/22/2026 16:38:49, LastErrorDetails: Container did not start within expected time limit of 230s. Please inspect your container logs for more details., Details: Site container: card-social-api terminated during site startup. Cancelling site startup., DetailsLevel: ERR
2026-03-22T16:39:54.9798353Z Site startup probe failed after 29.4667066 seconds.
2026-03-22T16:39:55.2070035Z State: Stopping, Action: CancellingStartup, LastError: ContainerTimeout, LastErrorTimestamp: 03/22/2026 16:39:55, LastErrorDetails: Container did not start within expected time limit of 230s. Please inspect your container logs for more details., Details: Site container: card-social-api terminated during site startup. Cancelling site startup., DetailsLevel: ERR
2026-03-22T16:39:55.2173665Z Failed to start site. Revert by stopping site.
2026-03-22T16:39:55.2178197Z State: Stopping, Action: StoppingSite, LastError: ContainerTimeout, LastErrorTimestamp: 03/22/2026 16:39:55, LastErrorDetails: Container did not start within expected time limit of 230s. Please inspect your container logs for more details., Details: Site container: card-social-api terminated during site startup. Cancelling site startup., DetailsLevel: ERR
2026-03-22T16:39:55.2189972Z State: Stopping, Action: StoppingSiteContainers, LastError: ContainerTimeout, LastErrorTimestamp: 03/22/2026 16:39:55, LastErrorDetails: Container did not start within expected time limit of 230s. Please inspect your container logs for more details., Details: Site container: card-social-api terminated during site startup. Cancelling site startup., DetailsLevel: ERR
2026-03-22T16:39:55.2190160Z Site: card-social-api stopped.
2026-03-22T16:39:55.2353029Z State: Stopping, Action: UnmountingVolumes, LastError: ContainerTimeout, LastErrorTimestamp: 03/22/2026 16:39:55, LastErrorDetails: Container did not start within expected time limit of 230s. Please inspect your container logs for more details., Details: Site container: card-social-api terminated during site startup. Cancelling site startup., DetailsLevel: ERR
2026-03-22T16:39:55.6534706Z State: Stopping, Action: StoppingSiteNetworks, LastError: ContainerTimeout, LastErrorTimestamp: 03/22/2026 16:39:55, LastErrorDetails: Container did not start within expected time limit of 230s. Please inspect your container logs for more details., Details: Site container: card-social-api terminated during site startup. Cancelling site startup., DetailsLevel: ERR
2026-03-22T16:39:56.0845938Z Site: card-social-api will be blocked for 1 minutes till 03/22/2026 16:40:56
2026-03-22T16:39:56.1103764Z State: Blocked, Action: StoppingSiteNetworks, LastError: ContainerTimeout, LastErrorTimestamp: 03/22/2026 16:39:55, LastErrorDetails: Container did not start within expected time limit of 230s. Please inspect your container logs for more details., Details: Site: card-social-api will be blocked for 1 minutes till 03/22/2026 16:40:56, DetailsLevel: WARN
2026-03-22T16:39:56.1211010Z State: Stopped, Action: None, LastError: ContainerTimeout, LastErrorTimestamp: 03/22/2026 16:39:55, LastErrorDetails: Container did not start within expected time limit of 230s. Please inspect your container logs for more details., Details: Site stopped at 03/22/2026 16:39:56 (UTC), DetailsLevel: WARN
2026-03-22T16:39:56.2462196Z State: Stopped, Action: None, LastError: ContainerTimeout, LastErrorTimestamp: 03/22/2026 16:39:55, LastErrorDetails: Container did not start within expected time limit of 230s. Please inspect your container logs for more details., Details: Site stopped at 03/22/2026 16:39:56 (UTC), DetailsLevel: WARN
2026-03-22T16:40:00.5966786Z State: Blocked, Action: None, LastError: ContainerTimeout, LastErrorTimestamp: 03/22/2026 16:39:55, LastErrorDetails: Container did not start within expected time limit of 230s. Please inspect your container logs for more details., Details: Site is blocked due to multiple, consecutive cold start failures. Site scheduled to be unblocked at 03/22/2026 16:40:56, DetailsLevel: WARN
2026-03-22T16:40:00.5969919Z Start site prohibitted because the site is being blocked.
2026-03-22T16:40:04.8495625Z State: Blocked, Action: None, LastError: ContainerTimeout, LastErrorTimestamp: 03/22/2026 16:39:55, LastErrorDetails: Container did not start within expected time limit of 230s. Please inspect your container logs for more details., Details: Site is blocked due to multiple, consecutive cold start failures. Site scheduled to be unblocked at 03/22/2026 16:40:56, DetailsLevel: WARN
2026-03-22T16:40:04.8496640Z Start site prohibitted because the site is being blocked.
2026-03-22T16:40:09.1056963Z State: Blocked, Action: None, LastError: ContainerTimeout, LastErrorTimestamp: 03/22/2026 16:39:55, LastErrorDetails: Container did not start within expected time limit of 230s. Please inspect your container logs for more details., Details: Site is blocked due to multiple, consecutive cold start failures. Site scheduled to be unblocked at 03/22/2026 16:40:56, DetailsLevel: WARN
2026-03-22T16:40:09.1062267Z Start site prohibitted because the site is being blocked.
2026-03-22T16:40:13.3210368Z State: Blocked, Action: None, LastError: ContainerTimeout, LastErrorTimestamp: 03/22/2026 16:39:55, LastErrorDetails: Container did not start within expected time limit of 230s. Please inspect your container logs for more details., Details: Site is blocked due to multiple, consecutive cold start failures. Site scheduled to be unblocked at 03/22/2026 16:40:56, DetailsLevel: WARN
2026-03-22T16:40:13.3210733Z Start site prohibitted because the site is being blocked.
2026-03-22T16:40:17.5237363Z State: Blocked, Action: None, LastError: ContainerTimeout, LastErrorTimestamp: 03/22/2026 16:39:55, LastErrorDetails: Container did not start within expected time limit of 230s. Please inspect your container logs for more details., Details: Site is blocked due to multiple, consecutive cold start failures. Site scheduled to be unblocked at 03/22/2026 16:40:56, DetailsLevel: WARN
2026-03-22T16:40:17.5237800Z Start site prohibitted because the site is being blocked.
2026-03-22T16:40:21.7342416Z State: Blocked, Action: None, LastError: ContainerTimeout, LastErrorTimestamp: 03/22/2026 16:39:55, LastErrorDetails: Container did not start within expected time limit of 230s. Please inspect your container logs for more details., Details: Site is blocked due to multiple, consecutive cold start failures. Site scheduled to be unblocked at 03/22/2026 16:40:56, DetailsLevel: WARN
2026-03-22T16:40:21.7342784Z Start site prohibitted because the site is being blocked.
2026-03-22T16:40:25.9698158Z State: Blocked, Action: None, LastError: ContainerTimeout, LastErrorTimestamp: 03/22/2026 16:39:55, LastErrorDetails: Container did not start within expected time limit of 230s. Please inspect your container logs for more details., Details: Site is blocked due to multiple, consecutive cold start failures. Site scheduled to be unblocked at 03/22/2026 16:40:56, DetailsLevel: WARN
2026-03-22T16:40:25.9699153Z Start site prohibitted because the site is being blocked.
2026-03-22T16:40:30.1585113Z State: Blocked, Action: None, LastError: ContainerTimeout, LastErrorTimestamp: 03/22/2026 16:39:55, LastErrorDetails: Container did not start within expected time limit of 230s. Please inspect your container logs for more details., Details: Site is blocked due to multiple, consecutive cold start failures. Site scheduled to be unblocked at 03/22/2026 16:40:56, DetailsLevel: WARN
2026-03-22T16:40:30.1586413Z Start site prohibitted because the site is being blocked.
2026-03-22T16:40:34.3542789Z State: Blocked, Action: None, LastError: ContainerTimeout, LastErrorTimestamp: 03/22/2026 16:39:55, LastErrorDetails: Container did not start within expected time limit of 230s. Please inspect your container logs for more details., Details: Site is blocked due to multiple, consecutive cold start failures. Site scheduled to be unblocked at 03/22/2026 16:40:56, DetailsLevel: WARN
2026-03-22T16:40:34.3543472Z Start site prohibitted because the site is being blocked.
2026-03-22T16:40:38.5548188Z State: Blocked, Action: None, LastError: ContainerTimeout, LastErrorTimestamp: 03/22/2026 16:39:55, LastErrorDetails: Container did not start within expected time limit of 230s. Please inspect your container logs for more details., Details: Site is blocked due to multiple, consecutive cold start failures. Site scheduled to be unblocked at 03/22/2026 16:40:56, DetailsLevel: WARN
2026-03-22T16:40:38.5628046Z Start site prohibitted because the site is being blocked.
2026-03-22T16:40:43.6704204Z State: Blocked, Action: None, LastError: ContainerTimeout, LastErrorTimestamp: 03/22/2026 16:39:55, LastErrorDetails: Container did not start within expected time limit of 230s. Please inspect your container logs for more details., Details: Site is blocked due to multiple, consecutive cold start failures. Site scheduled to be unblocked at 03/22/2026 16:40:56, DetailsLevel: WARN
2026-03-22T16:40:43.6706542Z Start site prohibitted because the site is being blocked.
2026-03-22T16:40:47.8601393Z State: Blocked, Action: None, LastError: ContainerTimeout, LastErrorTimestamp: 03/22/2026 16:39:55, LastErrorDetails: Container did not start within expected time limit of 230s. Please inspect your container logs for more details., Details: Site is blocked due to multiple, consecutive cold start failures. Site scheduled to be unblocked at 03/22/2026 16:40:56, DetailsLevel: WARN
2026-03-22T16:40:47.8603522Z Start site prohibitted because the site is being blocked.
2026-03-22T16:40:56.0856288Z Site: card-social-api is unblocked.
2026-03-22T16:41:13.5855985Z State: Starting, Action: EstablishingSiteNetworks, LastError: ContainerTimeout, LastErrorTimestamp: 03/22/2026 16:39:55, LastErrorDetails: Container did not start within expected time limit of 230s. Please inspect your container logs for more details., Details: Site is blocked due to multiple, consecutive cold start failures. Site scheduled to be unblocked at 03/22/2026 16:40:56, DetailsLevel: WARN
2026-03-22T16:41:17.5970543Z State: Starting, Action: StartingSiteContainers, LastError: ContainerTimeout, LastErrorTimestamp: 03/22/2026 16:39:55, LastErrorDetails: Container did not start within expected time limit of 230s. Please inspect your container logs for more details., Details: Site is blocked due to multiple, consecutive cold start failures. Site scheduled to be unblocked at 03/22/2026 16:40:56, DetailsLevel: WARN
2026-03-22T16:41:17.5972533Z Container start method called.
2026-03-22T16:41:17.5973552Z State: Starting, Action: PullingImage, LastError: ContainerTimeout, LastErrorTimestamp: 03/22/2026 16:39:55, LastErrorDetails: Container did not start within expected time limit of 230s. Please inspect your container logs for more details., Details: Pulling image 10.1.0.4:13209/appsvc/node:20-lts_20260115.4.tuxprod for card-social-api., DetailsLevel: INFO
2026-03-22T16:41:17.5975202Z Establishing network.
2026-03-22T16:41:17.5990034Z Pulling image: appsvc/node:20-lts_20260115.4.tuxprod.
2026-03-22T16:41:18.0097356Z Container is starting.
2026-03-22T16:41:18.0098231Z State: Starting, Action: MountingVolumes, LastError: ContainerTimeout, LastErrorTimestamp: 03/22/2026 16:39:55, LastErrorDetails: Container did not start within expected time limit of 230s. Please inspect your container logs for more details., Details: Mounting volumes for card-social-api., DetailsLevel: INFO
2026-03-22T16:41:18.0099312Z Establishing user namespace if not established already.
2026-03-22T16:41:18.0100317Z Establishing network if not established already.
2026-03-22T16:41:18.0101619Z Mounting volumes.
2026-03-22T16:41:18.0103079Z Nested mountpoint site/wwwroot
2026-03-22T16:41:18.1067537Z Nested mountpoint volatile/logs
2026-03-22T16:41:18.1651633Z Nested mountpoint 
2026-03-22T16:41:18.2420700Z Nested mountpoint 
2026-03-22T16:41:18.3486943Z Nested mountpoint 
2026-03-22T16:41:18.4742940Z Nested mountpoint 
2026-03-22T16:41:19.5220173Z State: Starting, Action: CreatingContainer, LastError: ContainerTimeout, LastErrorTimestamp: 03/22/2026 16:39:55, LastErrorDetails: Container did not start within expected time limit of 230s. Please inspect your container logs for more details., Details: Finished pulling container image and mounting volumes for card-social-api. Allocatinng the rest of the container resources to finish container creation., DetailsLevel: INFO
2026-03-22T16:41:19.5221449Z Creating container.
2026-03-22T16:41:19.5222468Z Creating pipes for streaming container io.
2026-03-22T16:41:19.5223674Z Creating stdout named pipe at /podr/container/pipe/3c4393e20486_card-social-api/stdout_85d3c1e3579644c093f856a1094f0307.
2026-03-22T16:41:19.5226113Z Successfully created stdout named pipe at: /podr/container/pipe/3c4393e20486_card-social-api/stdout_85d3c1e3579644c093f856a1094f0307.
2026-03-22T16:41:19.5228561Z Opening named pipe /podr/container/pipe/3c4393e20486_card-social-api/stdout_85d3c1e3579644c093f856a1094f0307 for reading in non-blocking mode.
2026-03-22T16:41:19.5230130Z Successfully opened named pipe: /podr/container/pipe/3c4393e20486_card-social-api/stdout_85d3c1e3579644c093f856a1094f0307.
2026-03-22T16:41:19.5231450Z Successfully removed non-blocking flag from /podr/container/pipe/3c4393e20486_card-social-api/stdout_85d3c1e3579644c093f856a1094f0307.
2026-03-22T16:41:19.5328148Z Creating stderr named pipe at /podr/container/pipe/3c4393e20486_card-social-api/stderr_8ac39275b112443c8298199becd9b83f.
2026-03-22T16:41:19.5330639Z Successfully created stderr named pipe at: /podr/container/pipe/3c4393e20486_card-social-api/stderr_8ac39275b112443c8298199becd9b83f.
2026-03-22T16:41:19.5331726Z Opening named pipe /podr/container/pipe/3c4393e20486_card-social-api/stderr_8ac39275b112443c8298199becd9b83f for reading in non-blocking mode.
2026-03-22T16:41:19.5333037Z Successfully opened named pipe: /podr/container/pipe/3c4393e20486_card-social-api/stderr_8ac39275b112443c8298199becd9b83f.
2026-03-22T16:41:19.5334061Z Successfully removed non-blocking flag from /podr/container/pipe/3c4393e20486_card-social-api/stderr_8ac39275b112443c8298199becd9b83f.
2026-03-22T16:41:19.5916281Z Creating container with image: appsvc/node:20-lts_20260115.4.tuxprod from registry: 10.1.0.4:13209 and fully qualified image name: 10.1.0.4:13209/appsvc/node:20-lts_20260115.4.tuxprod
2026-03-22T16:41:20.3714815Z Starting container: 3c4393e20486_card-social-api.
2026-03-22T16:41:20.6066917Z Starting watchers and probes.
2026-03-22T16:41:20.6262934Z Starting metrics collection.
2026-03-22T16:41:20.6911043Z Container is running.
2026-03-22T16:41:20.6913808Z State: Starting, Action: CreatingContainer, LastError: ContainerTimeout, LastErrorTimestamp: 03/22/2026 16:39:55, LastErrorDetails: Container did not start within expected time limit of 230s. Please inspect your container logs for more details., Details: Container card-social-api successfully created and is running., DetailsLevel: INFO
2026-03-22T16:41:21.2396000Z Container start method finished after 3642 ms.
2026-03-22T16:41:21.2398072Z State: Starting, Action: InitiatingSiteWarmUpProbe, LastError: ContainerTimeout, LastErrorTimestamp: 03/22/2026 16:39:55, LastErrorDetails: Container did not start within expected time limit of 230s. Please inspect your container logs for more details., Details: Container card-social-api successfully created and is running., DetailsLevel: INFO
2026-03-22T16:41:21.2398377Z State: Starting, Action: WaitingForSiteWarmUpProbeSuccess, LastError: ContainerTimeout, LastErrorTimestamp: 03/22/2026 16:39:55, LastErrorDetails: Container did not start within expected time limit of 230s. Please inspect your container logs for more details., Details: Pinging warmup path to ensure container is ready to receive requests., DetailsLevel: INFO
2026-03-22T16:41:49.8057894Z Container has finished running with exit code: 1.
2026-03-22T16:41:49.8059187Z Container is terminating. Grace period: 5 seconds.
2026-03-22T16:41:49.8164870Z Stop and delete container. Retry count = 0
2026-03-22T16:41:49.8227166Z Stopping container: 3c4393e20486_card-social-api.
2026-03-22T16:41:49.9033801Z Deleting container: 3c4393e20486_card-social-api. Retry count = 0
2026-03-22T16:41:50.2251060Z Container spec TerminationMessagePolicy  path 
2026-03-22T16:41:50.2342801Z Container is terminated. Total time elapsed: 419 ms.
2026-03-22T16:41:50.2346773Z Site container: card-social-api terminated during site startup.
2026-03-22T16:41:50.2351220Z State: Stopping, Action: CancellingStartup, LastError: ContainerTimeout, LastErrorTimestamp: 03/22/2026 16:39:55, LastErrorDetails: Container did not start within expected time limit of 230s. Please inspect your container logs for more details., Details: Site container: card-social-api terminated during site startup. Cancelling site startup., DetailsLevel: ERR
2026-03-22T16:41:50.2446254Z Site startup probe failed after 28.9056893 seconds.
2026-03-22T16:41:50.6197614Z State: Stopping, Action: CancellingStartup, LastError: ContainerTimeout, LastErrorTimestamp: 03/22/2026 16:41:50, LastErrorDetails: Container did not start within expected time limit of 230s. Please inspect your container logs for more details., Details: Site container: card-social-api terminated during site startup. Cancelling site startup., DetailsLevel: ERR
2026-03-22T16:41:50.6375396Z Failed to start site. Revert by stopping site.
2026-03-22T16:41:50.6377688Z State: Stopping, Action: StoppingSite, LastError: ContainerTimeout, LastErrorTimestamp: 03/22/2026 16:41:50, LastErrorDetails: Container did not start within expected time limit of 230s. Please inspect your container logs for more details., Details: Site container: card-social-api terminated during site startup. Cancelling site startup., DetailsLevel: ERR
2026-03-22T16:41:50.6456410Z State: Stopping, Action: StoppingSiteContainers, LastError: ContainerTimeout, LastErrorTimestamp: 03/22/2026 16:41:50, LastErrorDetails: Container did not start within expected time limit of 230s. Please inspect your container logs for more details., Details: Site container: card-social-api terminated during site startup. Cancelling site startup., DetailsLevel: ERR
2026-03-22T16:41:50.6456624Z Site: card-social-api stopped.
2026-03-22T16:43:17.6996766Z State: Starting, Action: EstablishingSiteNetworks, LastError: ContainerTimeout, LastErrorTimestamp: 03/22/2026 16:41:50, LastErrorDetails: Container did not start within expected time limit of 230s. Please inspect your container logs for more details., Details: Site stopped at 03/22/2026 16:41:51 (UTC), DetailsLevel: WARN
2026-03-22T16:43:20.4378724Z State: Starting, Action: StartingSiteContainers, LastError: ContainerTimeout, LastErrorTimestamp: 03/22/2026 16:41:50, LastErrorDetails: Container did not start within expected time limit of 230s. Please inspect your container logs for more details., Details: Site stopped at 03/22/2026 16:41:51 (UTC), DetailsLevel: WARN
2026-03-22T16:43:20.4380201Z Container start method called.
2026-03-22T16:43:20.4380934Z State: Starting, Action: PullingImage, LastError: ContainerTimeout, LastErrorTimestamp: 03/22/2026 16:41:50, LastErrorDetails: Container did not start within expected time limit of 230s. Please inspect your container logs for more details., Details: Pulling image 10.1.0.4:13209/appsvc/node:20-lts_20260115.4.tuxprod for card-social-api., DetailsLevel: INFO
2026-03-22T16:43:20.4382063Z Establishing network.
2026-03-22T16:43:20.4383344Z Pulling image: appsvc/node:20-lts_20260115.4.tuxprod.
2026-03-22T16:43:20.7326643Z Container is starting.
2026-03-22T16:43:20.7327499Z State: Starting, Action: MountingVolumes, LastError: ContainerTimeout, LastErrorTimestamp: 03/22/2026 16:41:50, LastErrorDetails: Container did not start within expected time limit of 230s. Please inspect your container logs for more details., Details: Mounting volumes for card-social-api., DetailsLevel: INFO
2026-03-22T16:43:20.7525206Z Establishing user namespace if not established already.
2026-03-22T16:43:20.7706897Z Establishing network if not established already.
2026-03-22T16:43:20.7709705Z Mounting volumes.
2026-03-22T16:43:20.7972420Z Nested mountpoint 
2026-03-22T16:43:20.8556859Z Nested mountpoint volatile/logs
2026-03-22T16:43:20.8918228Z Nested mountpoint 
2026-03-22T16:43:20.9020170Z Nested mountpoint 
2026-03-22T16:43:20.9424533Z Nested mountpoint 
2026-03-22T16:43:21.2832473Z State: Starting, Action: CreatingContainer, LastError: ContainerTimeout, LastErrorTimestamp: 03/22/2026 16:41:50, LastErrorDetails: Container did not start within expected time limit of 230s. Please inspect your container logs for more details., Details: Finished pulling container image and mounting volumes for card-social-api. Allocatinng the rest of the container resources to finish container creation., DetailsLevel: INFO
2026-03-22T16:43:21.2833705Z Creating container.
2026-03-22T16:43:21.2836074Z Creating pipes for streaming container io.
2026-03-22T16:43:21.2849997Z Creating stdout named pipe at /podr/container/pipe/867c0b6dc55d_card-social-api/stdout_41018188cadc4fe780c8ec4558524fab.
2026-03-22T16:43:21.2858520Z Successfully created stdout named pipe at: /podr/container/pipe/867c0b6dc55d_card-social-api/stdout_41018188cadc4fe780c8ec4558524fab.
2026-03-22T16:43:21.2860582Z Opening named pipe /podr/container/pipe/867c0b6dc55d_card-social-api/stdout_41018188cadc4fe780c8ec4558524fab for reading in non-blocking mode.
2026-03-22T16:43:21.2862117Z Successfully opened named pipe: /podr/container/pipe/867c0b6dc55d_card-social-api/stdout_41018188cadc4fe780c8ec4558524fab.
2026-03-22T16:43:21.2863297Z Successfully removed non-blocking flag from /podr/container/pipe/867c0b6dc55d_card-social-api/stdout_41018188cadc4fe780c8ec4558524fab.
2026-03-22T16:43:21.2867510Z Creating stderr named pipe at /podr/container/pipe/867c0b6dc55d_card-social-api/stderr_be9f8f7bc95f400ba4d19a00c03ba85d.
2026-03-22T16:43:21.2869204Z Successfully created stderr named pipe at: /podr/container/pipe/867c0b6dc55d_card-social-api/stderr_be9f8f7bc95f400ba4d19a00c03ba85d.
2026-03-22T16:43:21.2962617Z Opening named pipe /podr/container/pipe/867c0b6dc55d_card-social-api/stderr_be9f8f7bc95f400ba4d19a00c03ba85d for reading in non-blocking mode.
2026-03-22T16:43:21.2965844Z Successfully opened named pipe: /podr/container/pipe/867c0b6dc55d_card-social-api/stderr_be9f8f7bc95f400ba4d19a00c03ba85d.
2026-03-22T16:43:21.3043209Z Successfully removed non-blocking flag from /podr/container/pipe/867c0b6dc55d_card-social-api/stderr_be9f8f7bc95f400ba4d19a00c03ba85d.
2026-03-22T16:43:21.3058276Z Creating container with image: appsvc/node:20-lts_20260115.4.tuxprod from registry: 10.1.0.4:13209 and fully qualified image name: 10.1.0.4:13209/appsvc/node:20-lts_20260115.4.tuxprod
2026-03-22T16:43:21.8434961Z Starting container: 867c0b6dc55d_card-social-api.
2026-03-22T16:43:21.9408838Z Starting watchers and probes.
2026-03-22T16:43:21.9411899Z Starting metrics collection.
2026-03-22T16:43:21.9417159Z Container is running.
2026-03-22T16:43:21.9418142Z State: Starting, Action: CreatingContainer, LastError: ContainerTimeout, LastErrorTimestamp: 03/22/2026 16:41:50, LastErrorDetails: Container did not start within expected time limit of 230s. Please inspect your container logs for more details., Details: Container card-social-api successfully created and is running., DetailsLevel: INFO
2026-03-22T16:43:22.2393981Z Container start method finished after 1793 ms.
2026-03-22T16:43:22.2399110Z State: Starting, Action: InitiatingSiteWarmUpProbe, LastError: ContainerTimeout, LastErrorTimestamp: 03/22/2026 16:41:50, LastErrorDetails: Container did not start within expected time limit of 230s. Please inspect your container logs for more details., Details: Container card-social-api successfully created and is running., DetailsLevel: INFO
2026-03-22T16:43:22.2399398Z State: Starting, Action: WaitingForSiteWarmUpProbeSuccess, LastError: ContainerTimeout, LastErrorTimestamp: 03/22/2026 16:41:50, LastErrorDetails: Container did not start within expected time limit of 230s. Please inspect your container logs for more details., Details: Pinging warmup path to ensure container is ready to receive requests., DetailsLevel: INFO
2026-03-22T16:44:00.3103068Z Site startup probe succeeded after 38.0682241 seconds.
2026-03-22T16:44:00.4300952Z State: Starting, Action: WarmUpProbeSucceeded, LastError: ContainerTimeout, LastErrorTimestamp: 03/22/2026 16:41:50, LastErrorDetails: Container did not start within expected time limit of 230s. Please inspect your container logs for more details., Details: Site startup probe succeeded after 38.0682241 seconds., DetailsLevel: INFO
2026-03-22T16:44:00.4987051Z State: Starting, Action: StartingAuthContainer, LastError: ContainerTimeout, LastErrorTimestamp: 03/22/2026 16:41:50, LastErrorDetails: Container did not start within expected time limit of 230s. Please inspect your container logs for more details., Details: Site startup probe succeeded after 38.0682241 seconds., DetailsLevel: INFO
2026-03-22T16:44:08.6673205Z Site is running with deployment version: a64fa74d-d855-4c55-9095-4d50a9a5fb2b
2026-03-22T16:44:08.6678222Z Site started.
2026-03-22T16:44:08.6693618Z State: Started, Action: None, LastError: ContainerTimeout, LastErrorTimestamp: 03/22/2026 16:41:50, LastErrorDetails: Container did not start within expected time limit of 230s. Please inspect your container logs for more details., Details: Site started at 03/22/2026 16:44:08 (UTC), DetailsLevel: INFO
2026-03-22T16:44:08.7052182Z Site is running with patch version NODE 20.20.0
2026-03-22T16:58:20.8275181Z State: Starting, Action: EstablishingSiteNetworks, LastError: , LastErrorTimestamp: 01/01/0001 00:00:00, LastErrorDetails: , Details: , DetailsLevel: INFO
2026-03-22T16:58:23.9163440Z State: Starting, Action: StartingSiteContainers, LastError: , LastErrorTimestamp: 01/01/0001 00:00:00, LastErrorDetails: , Details: , DetailsLevel: INFO
2026-03-22T16:58:23.9165149Z Container start method called.
2026-03-22T16:58:23.9165608Z State: Starting, Action: PullingImage, LastError: , LastErrorTimestamp: 01/01/0001 00:00:00, LastErrorDetails: , Details: Pulling image 10.1.0.4:13209/appsvc/node:20-lts_20260115.4.tuxprod for card-social-api., DetailsLevel: INFO
2026-03-22T16:58:23.9166840Z Establishing network.
2026-03-22T16:58:23.9191319Z Pulling image: appsvc/node:20-lts_20260115.4.tuxprod.
2026-03-22T16:58:24.3072026Z Container is starting.
2026-03-22T16:58:24.3072837Z State: Starting, Action: MountingVolumes, LastError: , LastErrorTimestamp: 01/01/0001 00:00:00, LastErrorDetails: , Details: Mounting volumes for card-social-api., DetailsLevel: INFO
2026-03-22T16:58:24.3073973Z Establishing user namespace if not established already.
2026-03-22T16:58:24.3075036Z Establishing network if not established already.
2026-03-22T16:58:24.3076456Z Mounting volumes.
2026-03-22T16:58:24.3171545Z Nested mountpoint 
2026-03-22T16:58:24.3874709Z Nested mountpoint volatile/logs
2026-03-22T16:58:24.4280926Z Nested mountpoint 
2026-03-22T16:58:24.4642186Z Nested mountpoint 
2026-03-22T16:58:24.6861637Z Nested mountpoint 
2026-03-22T16:58:24.9498882Z State: Starting, Action: CreatingContainer, LastError: , LastErrorTimestamp: 01/01/0001 00:00:00, LastErrorDetails: , Details: Finished pulling container image and mounting volumes for card-social-api. Allocatinng the rest of the container resources to finish container creation., DetailsLevel: INFO
2026-03-22T16:58:24.9504510Z Creating container.
2026-03-22T16:58:24.9509324Z Creating pipes for streaming container io.
2026-03-22T16:58:24.9516598Z Creating stdout named pipe at /podr/container/pipe/ff0915bc2e3b_card-social-api/stdout_2ba9d02dd3974190839b8eed7de670eb.
2026-03-22T16:58:24.9797473Z Successfully created stdout named pipe at: /podr/container/pipe/ff0915bc2e3b_card-social-api/stdout_2ba9d02dd3974190839b8eed7de670eb.
2026-03-22T16:58:24.9802447Z Opening named pipe /podr/container/pipe/ff0915bc2e3b_card-social-api/stdout_2ba9d02dd3974190839b8eed7de670eb for reading in non-blocking mode.
2026-03-22T16:58:24.9804618Z Successfully opened named pipe: /podr/container/pipe/ff0915bc2e3b_card-social-api/stdout_2ba9d02dd3974190839b8eed7de670eb.
2026-03-22T16:58:24.9807364Z Successfully removed non-blocking flag from /podr/container/pipe/ff0915bc2e3b_card-social-api/stdout_2ba9d02dd3974190839b8eed7de670eb.
2026-03-22T16:58:24.9818381Z Creating stderr named pipe at /podr/container/pipe/ff0915bc2e3b_card-social-api/stderr_1c5129124c364475aaecdaa94f8a0ed6.
2026-03-22T16:58:24.9822440Z Successfully created stderr named pipe at: /podr/container/pipe/ff0915bc2e3b_card-social-api/stderr_1c5129124c364475aaecdaa94f8a0ed6.
2026-03-22T16:58:24.9888743Z Opening named pipe /podr/container/pipe/ff0915bc2e3b_card-social-api/stderr_1c5129124c364475aaecdaa94f8a0ed6 for reading in non-blocking mode.
2026-03-22T16:58:24.9898615Z Successfully opened named pipe: /podr/container/pipe/ff0915bc2e3b_card-social-api/stderr_1c5129124c364475aaecdaa94f8a0ed6.
2026-03-22T16:58:24.9901097Z Successfully removed non-blocking flag from /podr/container/pipe/ff0915bc2e3b_card-social-api/stderr_1c5129124c364475aaecdaa94f8a0ed6.
2026-03-22T16:58:24.9910456Z Creating container with image: appsvc/node:20-lts_20260115.4.tuxprod from registry: 10.1.0.4:13209 and fully qualified image name: 10.1.0.4:13209/appsvc/node:20-lts_20260115.4.tuxprod
2026-03-22T16:58:26.2022918Z Starting container: ff0915bc2e3b_card-social-api.
2026-03-22T16:58:26.2701956Z Starting watchers and probes.
2026-03-22T16:58:26.2712581Z Starting metrics collection.
2026-03-22T16:58:26.2714021Z Container is running.
2026-03-22T16:58:26.2714883Z State: Starting, Action: CreatingContainer, LastError: , LastErrorTimestamp: 01/01/0001 00:00:00, LastErrorDetails: , Details: Container card-social-api successfully created and is running., DetailsLevel: INFO
2026-03-22T16:58:26.5946361Z Container start method finished after 2677 ms.
2026-03-22T16:58:26.6351217Z State: Starting, Action: InitiatingSiteWarmUpProbe, LastError: , LastErrorTimestamp: 01/01/0001 00:00:00, LastErrorDetails: , Details: Container card-social-api successfully created and is running., DetailsLevel: INFO
2026-03-22T16:58:26.6354480Z State: Starting, Action: WaitingForSiteWarmUpProbeSuccess, LastError: , LastErrorTimestamp: 01/01/0001 00:00:00, LastErrorDetails: , Details: Pinging warmup path to ensure container is ready to receive requests., DetailsLevel: INFO
2026-03-22T16:59:22.8438850Z Site startup probe succeeded after 56.0825962 seconds.
2026-03-22T16:59:23.0334732Z State: Starting, Action: WarmUpProbeSucceeded, LastError: , LastErrorTimestamp: 01/01/0001 00:00:00, LastErrorDetails: , Details: Site startup probe succeeded after 56.0825962 seconds., DetailsLevel: INFO
2026-03-22T16:59:23.1098049Z State: Starting, Action: StartingAuthContainer, LastError: , LastErrorTimestamp: 01/01/0001 00:00:00, LastErrorDetails: , Details: Site startup probe succeeded after 56.0825962 seconds., DetailsLevel: INFO
2026-03-22T16:59:29.9481106Z Site is running with deployment version: 92eb0c44f984148bef5cb3341bcb9d9e98bee5b6
2026-03-22T16:59:29.9693775Z Site started.
2026-03-22T16:59:29.9698432Z State: Started, Action: None, LastError: , LastErrorTimestamp: 01/01/0001 00:00:00, LastErrorDetails: , Details: Site started at 03/22/2026 16:59:29 (UTC), DetailsLevel: INFO
2026-03-22T16:59:29.9894596Z Site is running with patch version NODE 20.20.0
2026-03-22T16:59:50.0975419Z State: Stopping, Action: StoppingSite, LastError: ContainerTimeout, LastErrorTimestamp: 03/22/2026 16:41:50, LastErrorDetails: Container did not start within expected time limit of 230s. Please inspect your container logs for more details., Details: Site started at 03/22/2026 16:44:08 (UTC), DetailsLevel: INFO
2026-03-22T16:59:50.1004698Z State: Stopping, Action: StoppingSiteContainers, LastError: ContainerTimeout, LastErrorTimestamp: 03/22/2026 16:41:50, LastErrorDetails: Container did not start within expected time limit of 230s. Please inspect your container logs for more details., Details: Site started at 03/22/2026 16:44:08 (UTC), DetailsLevel: INFO
2026-03-22T16:59:50.1062855Z Container is terminating. Grace period: 5 seconds.
2026-03-22T16:59:50.1955746Z Stop and delete container. Retry count = 0
2026-03-22T16:59:50.1976046Z Stopping container: 867c0b6dc55d_card-social-api.
2026-03-22T16:59:55.3746359Z Deleting container: 867c0b6dc55d_card-social-api. Retry count = 0
2026-03-22T16:59:58.4230836Z Container spec TerminationMessagePolicy  path 
2026-03-22T16:59:58.4309495Z Container is terminated. Total time elapsed: 8318 ms.
2026-03-22T16:59:58.4334194Z Site: card-social-api stopped.
2026-03-22T17:00:03.1476770Z State: Starting, Action: EstablishingSiteNetworks, LastError: , LastErrorTimestamp: 01/01/0001 00:00:00, LastErrorDetails: , Details: , DetailsLevel: INFO
2026-03-22T17:00:10.3277499Z State: Starting, Action: StartingSiteContainers, LastError: , LastErrorTimestamp: 01/01/0001 00:00:00, LastErrorDetails: , Details: , DetailsLevel: INFO
2026-03-22T17:00:10.3284074Z Container start method called.
2026-03-22T17:00:10.3356679Z State: Starting, Action: PullingImage, LastError: , LastErrorTimestamp: 01/01/0001 00:00:00, LastErrorDetails: , Details: Pulling image 10.1.0.4:13209/appsvc/node:20-lts_20260115.4.tuxprod for card-social-api., DetailsLevel: INFO
2026-03-22T17:00:10.3358499Z Establishing network.
2026-03-22T17:00:10.3359803Z Pulling image: appsvc/node:20-lts_20260115.4.tuxprod.
2026-03-22T17:00:11.3836205Z Container is starting.
2026-03-22T17:00:11.3837229Z State: Starting, Action: MountingVolumes, LastError: , LastErrorTimestamp: 01/01/0001 00:00:00, LastErrorDetails: , Details: Mounting volumes for card-social-api., DetailsLevel: INFO
2026-03-22T17:00:11.3838320Z Establishing user namespace if not established already.
2026-03-22T17:00:11.3839798Z Establishing network if not established already.
2026-03-22T17:00:11.4174339Z Mounting volumes.
2026-03-22T17:00:11.4178483Z Nested mountpoint 
2026-03-22T17:00:12.0590024Z Nested mountpoint volatile/logs
2026-03-22T17:00:12.6096644Z Nested mountpoint 
2026-03-22T17:00:12.6944247Z Nested mountpoint 
2026-03-22T17:00:12.8698643Z Nested mountpoint 
2026-03-22T17:00:17.1296981Z State: Starting, Action: CreatingContainer, LastError: , LastErrorTimestamp: 01/01/0001 00:00:00, LastErrorDetails: , Details: Finished pulling container image and mounting volumes for card-social-api. Allocatinng the rest of the container resources to finish container creation., DetailsLevel: INFO
2026-03-22T17:00:17.1299676Z Creating container.
2026-03-22T17:00:17.1315076Z Creating pipes for streaming container io.
2026-03-22T17:00:17.1392699Z Creating stdout named pipe at /podr/container/pipe/7769f584dcc0_card-social-api/stdout_043eb5edae654767ab771ea43601eb4a.
2026-03-22T17:00:17.1693584Z Successfully created stdout named pipe at: /podr/container/pipe/7769f584dcc0_card-social-api/stdout_043eb5edae654767ab771ea43601eb4a.
2026-03-22T17:00:17.1703850Z Opening named pipe /podr/container/pipe/7769f584dcc0_card-social-api/stdout_043eb5edae654767ab771ea43601eb4a for reading in non-blocking mode.
2026-03-22T17:00:17.1706704Z Successfully opened named pipe: /podr/container/pipe/7769f584dcc0_card-social-api/stdout_043eb5edae654767ab771ea43601eb4a.
2026-03-22T17:00:17.1718486Z Successfully removed non-blocking flag from /podr/container/pipe/7769f584dcc0_card-social-api/stdout_043eb5edae654767ab771ea43601eb4a.
2026-03-22T17:00:17.1722253Z Creating stderr named pipe at /podr/container/pipe/7769f584dcc0_card-social-api/stderr_e8193b350e3a499a9cb5304bc66ff756.
2026-03-22T17:00:17.1793970Z Successfully created stderr named pipe at: /podr/container/pipe/7769f584dcc0_card-social-api/stderr_e8193b350e3a499a9cb5304bc66ff756.
2026-03-22T17:00:17.1797086Z Opening named pipe /podr/container/pipe/7769f584dcc0_card-social-api/stderr_e8193b350e3a499a9cb5304bc66ff756 for reading in non-blocking mode.
2026-03-22T17:00:17.1798958Z Successfully opened named pipe: /podr/container/pipe/7769f584dcc0_card-social-api/stderr_e8193b350e3a499a9cb5304bc66ff756.
2026-03-22T17:00:17.1821601Z Successfully removed non-blocking flag from /podr/container/pipe/7769f584dcc0_card-social-api/stderr_e8193b350e3a499a9cb5304bc66ff756.
2026-03-22T17:00:17.1825203Z Creating container with image: appsvc/node:20-lts_20260115.4.tuxprod from registry: 10.1.0.4:13209 and fully qualified image name: 10.1.0.4:13209/appsvc/node:20-lts_20260115.4.tuxprod
2026-03-22T17:00:19.7849807Z Starting container: 7769f584dcc0_card-social-api.
2026-03-22T17:00:19.9814798Z Starting watchers and probes.
2026-03-22T17:00:19.9824516Z Starting metrics collection.
2026-03-22T17:00:19.9826692Z Container is running.
2026-03-22T17:00:19.9903868Z State: Starting, Action: CreatingContainer, LastError: , LastErrorTimestamp: 01/01/0001 00:00:00, LastErrorDetails: , Details: Container card-social-api successfully created and is running., DetailsLevel: INFO
2026-03-22T17:00:20.4529791Z Container start method finished after 10094 ms.
2026-03-22T17:00:20.4814627Z State: Starting, Action: InitiatingSiteWarmUpProbe, LastError: , LastErrorTimestamp: 01/01/0001 00:00:00, LastErrorDetails: , Details: Container card-social-api successfully created and is running., DetailsLevel: INFO
2026-03-22T17:00:20.5841843Z State: Starting, Action: WaitingForSiteWarmUpProbeSuccess, LastError: , LastErrorTimestamp: 01/01/0001 00:00:00, LastErrorDetails: , Details: Pinging warmup path to ensure container is ready to receive requests., DetailsLevel: INFO
2026-03-22T17:01:22.9785284Z Container has finished running with exit code: 1.
2026-03-22T17:01:22.9792118Z Container is terminating. Grace period: 5 seconds.
2026-03-22T17:01:22.9801803Z Stop and delete container. Retry count = 0
2026-03-22T17:01:22.9985490Z Stopping container: 7769f584dcc0_card-social-api.
2026-03-22T17:01:23.1818523Z Deleting container: 7769f584dcc0_card-social-api. Retry count = 0
2026-03-22T17:01:24.0227535Z Container spec TerminationMessagePolicy  path 
2026-03-22T17:01:24.0251111Z Container is terminated. Total time elapsed: 1045 ms.
2026-03-22T17:01:24.0258569Z Site container: card-social-api terminated during site startup.
2026-03-22T17:01:24.1191167Z State: Stopping, Action: CancellingStartup, LastError: , LastErrorTimestamp: 01/01/0001 00:00:00, LastErrorDetails: , Details: Site container: card-social-api terminated during site startup. Cancelling site startup., DetailsLevel: ERR
2026-03-22T17:01:24.1580599Z Site startup probe failed after 63.5732414 seconds.
2026-03-22T17:01:24.8191512Z State: Stopping, Action: CancellingStartup, LastError: ContainerTimeout, LastErrorTimestamp: 03/22/2026 17:01:24, LastErrorDetails: Container did not start within expected time limit of 230s. Please inspect your container logs for more details., Details: Site container: card-social-api terminated during site startup. Cancelling site startup., DetailsLevel: ERR
2026-03-22T17:01:24.8570782Z Failed to start site. Revert by stopping site.
2026-03-22T17:01:24.8576929Z State: Stopping, Action: StoppingSite, LastError: ContainerTimeout, LastErrorTimestamp: 03/22/2026 17:01:24, LastErrorDetails: Container did not start within expected time limit of 230s. Please inspect your container logs for more details., Details: Site container: card-social-api terminated during site startup. Cancelling site startup., DetailsLevel: ERR
2026-03-22T17:01:24.8584587Z State: Stopping, Action: StoppingSiteContainers, LastError: ContainerTimeout, LastErrorTimestamp: 03/22/2026 17:01:24, LastErrorDetails: Container did not start within expected time limit of 230s. Please inspect your container logs for more details., Details: Site container: card-social-api terminated during site startup. Cancelling site startup., DetailsLevel: ERR
2026-03-22T17:01:24.8584755Z Site: card-social-api stopped.
2026-03-22T17:01:46.8952060Z State: Stopping, Action: StoppingSite, LastError: ContainerTimeout, LastErrorTimestamp: 03/22/2026 16:41:50, LastErrorDetails: Container did not start within expected time limit of 230s. Please inspect your container logs for more details., Details: Site started at 03/22/2026 16:59:29 (UTC), DetailsLevel: INFO
2026-03-22T17:01:46.9021700Z State: Stopping, Action: StoppingSiteContainers, LastError: ContainerTimeout, LastErrorTimestamp: 03/22/2026 16:41:50, LastErrorDetails: Container did not start within expected time limit of 230s. Please inspect your container logs for more details., Details: Site started at 03/22/2026 16:59:29 (UTC), DetailsLevel: INFO
2026-03-22T17:01:46.9027497Z Container is terminating. Grace period: 5 seconds.
2026-03-22T17:01:46.9206756Z Stop and delete container. Retry count = 0
2026-03-22T17:01:46.9210943Z Stopping container: ff0915bc2e3b_card-social-api.
2026-03-22T17:01:52.0634008Z Deleting container: ff0915bc2e3b_card-social-api. Retry count = 0
2026-03-22T17:01:53.0761366Z Container spec TerminationMessagePolicy  path 
2026-03-22T17:01:53.0777809Z Container is terminated. Total time elapsed: 6173 ms.
2026-03-22T17:01:53.0779028Z Site: card-social-api stopped.
2026-03-22T17:01:24.8986318Z State: Stopping, Action: UnmountingVolumes, LastError: ContainerTimeout, LastErrorTimestamp: 03/22/2026 17:01:24, LastErrorDetails: Container did not start within expected time limit of 230s. Please inspect your container logs for more details., Details: Site container: card-social-api terminated during site startup. Cancelling site startup., DetailsLevel: ERR
2026-03-22T17:01:25.7875853Z State: Stopping, Action: StoppingSiteNetworks, LastError: ContainerTimeout, LastErrorTimestamp: 03/22/2026 17:01:24, LastErrorDetails: Container did not start within expected time limit of 230s. Please inspect your container logs for more details., Details: Site container: card-social-api terminated during site startup. Cancelling site startup., DetailsLevel: ERR
2026-03-22T17:01:26.6527564Z State: Stopped, Action: None, LastError: ContainerTimeout, LastErrorTimestamp: 03/22/2026 17:01:24, LastErrorDetails: Container did not start within expected time limit of 230s. Please inspect your container logs for more details., Details: Site stopped at 03/22/2026 17:01:26 (UTC), DetailsLevel: ERR
2026-03-22T17:01:26.6747867Z State: Stopped, Action: None, LastError: ContainerTimeout, LastErrorTimestamp: 03/22/2026 17:01:24, LastErrorDetails: Container did not start within expected time limit of 230s. Please inspect your container logs for more details., Details: Site stopped at 03/22/2026 17:01:26 (UTC), DetailsLevel: ERR
2026-03-22T17:09:03.7386491Z State: Starting, Action: EstablishingSiteNetworks, LastError: ContainerTimeout, LastErrorTimestamp: 03/22/2026 17:01:24, LastErrorDetails: Container did not start within expected time limit of 230s. Please inspect your container logs for more details., Details: Site stopped at 03/22/2026 17:01:26 (UTC), DetailsLevel: ERR
2026-03-22T17:09:06.6845146Z State: Starting, Action: StartingSiteContainers, LastError: ContainerTimeout, LastErrorTimestamp: 03/22/2026 17:01:24, LastErrorDetails: Container did not start within expected time limit of 230s. Please inspect your container logs for more details., Details: Site stopped at 03/22/2026 17:01:26 (UTC), DetailsLevel: ERR
2026-03-22T17:09:06.6869398Z Container start method called.
2026-03-22T17:09:06.6967721Z State: Starting, Action: PullingImage, LastError: ContainerTimeout, LastErrorTimestamp: 03/22/2026 17:01:24, LastErrorDetails: Container did not start within expected time limit of 230s. Please inspect your container logs for more details., Details: Pulling image 10.1.0.4:13209/appsvc/node:20-lts_20260115.4.tuxprod for card-social-api., DetailsLevel: INFO
2026-03-22T17:09:06.6970023Z Establishing network.
2026-03-22T17:09:06.6975563Z Pulling image: appsvc/node:20-lts_20260115.4.tuxprod.
2026-03-22T17:09:07.1372028Z Container is starting.
2026-03-22T17:09:07.1376977Z State: Starting, Action: MountingVolumes, LastError: ContainerTimeout, LastErrorTimestamp: 03/22/2026 17:01:24, LastErrorDetails: Container did not start within expected time limit of 230s. Please inspect your container logs for more details., Details: Mounting volumes for card-social-api., DetailsLevel: INFO
2026-03-22T17:09:07.1389311Z Establishing user namespace if not established already.
2026-03-22T17:09:07.1398542Z Establishing network if not established already.
2026-03-22T17:09:07.1404989Z Mounting volumes.
2026-03-22T17:09:07.1469116Z Nested mountpoint 
2026-03-22T17:09:07.2177739Z Nested mountpoint volatile/logs
2026-03-22T17:09:07.2289720Z Nested mountpoint 
2026-03-22T17:09:07.2830046Z Nested mountpoint 
2026-03-22T17:09:07.3217459Z Nested mountpoint 
2026-03-22T17:09:07.7286459Z State: Starting, Action: CreatingContainer, LastError: ContainerTimeout, LastErrorTimestamp: 03/22/2026 17:01:24, LastErrorDetails: Container did not start within expected time limit of 230s. Please inspect your container logs for more details., Details: Finished pulling container image and mounting volumes for card-social-api. Allocatinng the rest of the container resources to finish container creation., DetailsLevel: INFO
2026-03-22T17:09:07.7288117Z Creating container.
2026-03-22T17:09:07.7290939Z Creating pipes for streaming container io.
2026-03-22T17:09:07.7292242Z Creating stdout named pipe at /podr/container/pipe/3d0b41e3e464_card-social-api/stdout_1753814c173b40ea9911fb23efe9ba0a.
2026-03-22T17:09:07.7380070Z Successfully created stdout named pipe at: /podr/container/pipe/3d0b41e3e464_card-social-api/stdout_1753814c173b40ea9911fb23efe9ba0a.
2026-03-22T17:09:07.7385276Z Opening named pipe /podr/container/pipe/3d0b41e3e464_card-social-api/stdout_1753814c173b40ea9911fb23efe9ba0a for reading in non-blocking mode.
2026-03-22T17:09:07.7390686Z Successfully opened named pipe: /podr/container/pipe/3d0b41e3e464_card-social-api/stdout_1753814c173b40ea9911fb23efe9ba0a.
2026-03-22T17:09:07.7463131Z Successfully removed non-blocking flag from /podr/container/pipe/3d0b41e3e464_card-social-api/stdout_1753814c173b40ea9911fb23efe9ba0a.
2026-03-22T17:09:07.7468103Z Creating stderr named pipe at /podr/container/pipe/3d0b41e3e464_card-social-api/stderr_c637451b31094dc685bf6d316e3e01af.
2026-03-22T17:09:07.7469940Z Successfully created stderr named pipe at: /podr/container/pipe/3d0b41e3e464_card-social-api/stderr_c637451b31094dc685bf6d316e3e01af.
2026-03-22T17:09:07.7473610Z Opening named pipe /podr/container/pipe/3d0b41e3e464_card-social-api/stderr_c637451b31094dc685bf6d316e3e01af for reading in non-blocking mode.
2026-03-22T17:09:07.7476224Z Successfully opened named pipe: /podr/container/pipe/3d0b41e3e464_card-social-api/stderr_c637451b31094dc685bf6d316e3e01af.
2026-03-22T17:09:07.7478173Z Successfully removed non-blocking flag from /podr/container/pipe/3d0b41e3e464_card-social-api/stderr_c637451b31094dc685bf6d316e3e01af.
2026-03-22T17:09:07.7562961Z Creating container with image: appsvc/node:20-lts_20260115.4.tuxprod from registry: 10.1.0.4:13209 and fully qualified image name: 10.1.0.4:13209/appsvc/node:20-lts_20260115.4.tuxprod
2026-03-22T17:09:08.6007130Z Starting container: 3d0b41e3e464_card-social-api.
2026-03-22T17:09:08.7046433Z Starting watchers and probes.
2026-03-22T17:09:08.7055789Z Starting metrics collection.
2026-03-22T17:09:08.7066693Z Container is running.
2026-03-22T17:09:08.7067741Z State: Starting, Action: CreatingContainer, LastError: ContainerTimeout, LastErrorTimestamp: 03/22/2026 17:01:24, LastErrorDetails: Container did not start within expected time limit of 230s. Please inspect your container logs for more details., Details: Container card-social-api successfully created and is running., DetailsLevel: INFO
2026-03-22T17:09:08.9882363Z Container start method finished after 2273 ms.
2026-03-22T17:09:09.0064126Z State: Starting, Action: InitiatingSiteWarmUpProbe, LastError: ContainerTimeout, LastErrorTimestamp: 03/22/2026 17:01:24, LastErrorDetails: Container did not start within expected time limit of 230s. Please inspect your container logs for more details., Details: Container card-social-api successfully created and is running., DetailsLevel: INFO
2026-03-22T17:09:09.0064557Z State: Starting, Action: WaitingForSiteWarmUpProbeSuccess, LastError: ContainerTimeout, LastErrorTimestamp: 03/22/2026 17:01:24, LastErrorDetails: Container did not start within expected time limit of 230s. Please inspect your container logs for more details., Details: Pinging warmup path to ensure container is ready to receive requests., DetailsLevel: INFO
2026-03-22T17:09:37.0859964Z Container has finished running with exit code: 1.
2026-03-22T17:09:37.0871643Z Container is terminating. Grace period: 5 seconds.
2026-03-22T17:09:37.1051919Z Stop and delete container. Retry count = 0
2026-03-22T17:09:37.1058599Z Stopping container: 3d0b41e3e464_card-social-api.
2026-03-22T17:09:37.2352993Z Deleting container: 3d0b41e3e464_card-social-api. Retry count = 0
2026-03-22T17:09:37.6880364Z Container spec TerminationMessagePolicy  path 
2026-03-22T17:09:37.7049569Z Container is terminated. Total time elapsed: 600 ms.
2026-03-22T17:09:37.7052761Z Site container: card-social-api terminated during site startup.
2026-03-22T17:09:37.7063454Z State: Stopping, Action: CancellingStartup, LastError: ContainerTimeout, LastErrorTimestamp: 03/22/2026 17:01:24, LastErrorDetails: Container did not start within expected time limit of 230s. Please inspect your container logs for more details., Details: Site container: card-social-api terminated during site startup. Cancelling site startup., DetailsLevel: ERR
2026-03-22T17:09:37.7851745Z Site startup probe failed after 28.6847267 seconds.
2026-03-22T17:09:38.3796756Z State: Stopping, Action: CancellingStartup, LastError: ContainerTimeout, LastErrorTimestamp: 03/22/2026 17:09:38, LastErrorDetails: Container did not start within expected time limit of 230s. Please inspect your container logs for more details., Details: Site container: card-social-api terminated during site startup. Cancelling site startup., DetailsLevel: ERR
2026-03-22T17:09:38.4432275Z Failed to start site. Revert by stopping site.
2026-03-22T17:09:38.4461823Z State: Stopping, Action: StoppingSite, LastError: ContainerTimeout, LastErrorTimestamp: 03/22/2026 17:09:38, LastErrorDetails: Container did not start within expected time limit of 230s. Please inspect your container logs for more details., Details: Site container: card-social-api terminated during site startup. Cancelling site startup., DetailsLevel: ERR
2026-03-22T17:09:38.4533803Z State: Stopping, Action: StoppingSiteContainers, LastError: ContainerTimeout, LastErrorTimestamp: 03/22/2026 17:09:38, LastErrorDetails: Container did not start within expected time limit of 230s. Please inspect your container logs for more details., Details: Site container: card-social-api terminated during site startup. Cancelling site startup., DetailsLevel: ERR
2026-03-22T17:09:38.4534013Z Site: card-social-api stopped.
2026-03-22T17:09:38.4641081Z State: Stopping, Action: UnmountingVolumes, LastError: ContainerTimeout, LastErrorTimestamp: 03/22/2026 17:09:38, LastErrorDetails: Container did not start within expected time limit of 230s. Please inspect your container logs for more details., Details: Site container: card-social-api terminated during site startup. Cancelling site startup., DetailsLevel: ERR
2026-03-22T17:09:38.8778484Z State: Stopping, Action: StoppingSiteNetworks, LastError: ContainerTimeout, LastErrorTimestamp: 03/22/2026 17:09:38, LastErrorDetails: Container did not start within expected time limit of 230s. Please inspect your container logs for more details., Details: Site container: card-social-api terminated during site startup. Cancelling site startup., DetailsLevel: ERR
2026-03-22T17:09:39.1466473Z Site: card-social-api will be blocked for 1 minutes till 03/22/2026 17:10:39
2026-03-22T17:09:39.1521690Z State: Blocked, Action: StoppingSiteNetworks, LastError: ContainerTimeout, LastErrorTimestamp: 03/22/2026 17:09:38, LastErrorDetails: Container did not start within expected time limit of 230s. Please inspect your container logs for more details., Details: Site: card-social-api will be blocked for 1 minutes till 03/22/2026 17:10:39, DetailsLevel: WARN
2026-03-22T17:09:39.1652719Z State: Stopped, Action: None, LastError: ContainerTimeout, LastErrorTimestamp: 03/22/2026 17:09:38, LastErrorDetails: Container did not start within expected time limit of 230s. Please inspect your container logs for more details., Details: Site stopped at 03/22/2026 17:09:39 (UTC), DetailsLevel: WARN
2026-03-22T17:09:39.2784710Z State: Stopped, Action: None, LastError: ContainerTimeout, LastErrorTimestamp: 03/22/2026 17:09:38, LastErrorDetails: Container did not start within expected time limit of 230s. Please inspect your container logs for more details., Details: Site stopped at 03/22/2026 17:09:39 (UTC), DetailsLevel: WARN
2026-03-22T17:10:39.1485580Z Site: card-social-api is unblocked.
2026-03-22T17:12:07.5626884Z State: Starting, Action: EstablishingSiteNetworks, LastError: ContainerTimeout, LastErrorTimestamp: 03/22/2026 17:09:38, LastErrorDetails: Container did not start within expected time limit of 230s. Please inspect your container logs for more details., Details: Site stopped at 03/22/2026 17:09:39 (UTC), DetailsLevel: WARN
2026-03-22T17:12:10.9202804Z State: Starting, Action: StartingSiteContainers, LastError: ContainerTimeout, LastErrorTimestamp: 03/22/2026 17:09:38, LastErrorDetails: Container did not start within expected time limit of 230s. Please inspect your container logs for more details., Details: Site stopped at 03/22/2026 17:09:39 (UTC), DetailsLevel: WARN
2026-03-22T17:12:10.9204881Z Container start method called.
2026-03-22T17:12:10.9205401Z State: Starting, Action: PullingImage, LastError: ContainerTimeout, LastErrorTimestamp: 03/22/2026 17:09:38, LastErrorDetails: Container did not start within expected time limit of 230s. Please inspect your container logs for more details., Details: Pulling image 10.1.0.4:13209/appsvc/node:20-lts_20260115.4.tuxprod for card-social-api., DetailsLevel: INFO
2026-03-22T17:12:10.9206501Z Establishing network.
2026-03-22T17:12:10.9207866Z Pulling image: appsvc/node:20-lts_20260115.4.tuxprod.
2026-03-22T17:12:12.0350558Z Container is starting.
2026-03-22T17:12:12.0352466Z State: Starting, Action: MountingVolumes, LastError: ContainerTimeout, LastErrorTimestamp: 03/22/2026 17:09:38, LastErrorDetails: Container did not start within expected time limit of 230s. Please inspect your container logs for more details., Details: Mounting volumes for card-social-api., DetailsLevel: INFO
2026-03-22T17:12:12.0368624Z Establishing user namespace if not established already.
2026-03-22T17:12:12.0448528Z Establishing network if not established already.
2026-03-22T17:12:12.0457687Z Mounting volumes.
2026-03-22T17:12:12.0530200Z Nested mountpoint 
2026-03-22T17:12:12.1194709Z Nested mountpoint volatile/logs
2026-03-22T17:12:12.1679316Z Nested mountpoint 
2026-03-22T17:12:12.2018515Z Nested mountpoint 
2026-03-22T17:12:12.3783685Z Nested mountpoint 
2026-03-22T17:12:12.9053738Z State: Starting, Action: CreatingContainer, LastError: ContainerTimeout, LastErrorTimestamp: 03/22/2026 17:09:38, LastErrorDetails: Container did not start within expected time limit of 230s. Please inspect your container logs for more details., Details: Finished pulling container image and mounting volumes for card-social-api. Allocatinng the rest of the container resources to finish container creation., DetailsLevel: INFO
2026-03-22T17:12:12.9056082Z Creating container.
2026-03-22T17:12:12.9059926Z Creating pipes for streaming container io.
2026-03-22T17:12:12.9063387Z Creating stdout named pipe at /podr/container/pipe/12c615209757_card-social-api/stdout_9499391d9d7e446dbef7f60032c28d70.
2026-03-22T17:12:12.9137283Z Successfully created stdout named pipe at: /podr/container/pipe/12c615209757_card-social-api/stdout_9499391d9d7e446dbef7f60032c28d70.
2026-03-22T17:12:12.9140631Z Opening named pipe /podr/container/pipe/12c615209757_card-social-api/stdout_9499391d9d7e446dbef7f60032c28d70 for reading in non-blocking mode.
2026-03-22T17:12:12.9150194Z Successfully opened named pipe: /podr/container/pipe/12c615209757_card-social-api/stdout_9499391d9d7e446dbef7f60032c28d70.
2026-03-22T17:12:12.9152210Z Successfully removed non-blocking flag from /podr/container/pipe/12c615209757_card-social-api/stdout_9499391d9d7e446dbef7f60032c28d70.
2026-03-22T17:12:12.9354891Z Creating stderr named pipe at /podr/container/pipe/12c615209757_card-social-api/stderr_0cad02f3ad4f46c7bf5d75721f908f2f.
2026-03-22T17:12:12.9520450Z Successfully created stderr named pipe at: /podr/container/pipe/12c615209757_card-social-api/stderr_0cad02f3ad4f46c7bf5d75721f908f2f.
2026-03-22T17:12:12.9530788Z Opening named pipe /podr/container/pipe/12c615209757_card-social-api/stderr_0cad02f3ad4f46c7bf5d75721f908f2f for reading in non-blocking mode.
2026-03-22T17:12:12.9540829Z Successfully opened named pipe: /podr/container/pipe/12c615209757_card-social-api/stderr_0cad02f3ad4f46c7bf5d75721f908f2f.
2026-03-22T17:12:12.9542512Z Successfully removed non-blocking flag from /podr/container/pipe/12c615209757_card-social-api/stderr_0cad02f3ad4f46c7bf5d75721f908f2f.
2026-03-22T17:12:12.9547078Z Creating container with image: appsvc/node:20-lts_20260115.4.tuxprod from registry: 10.1.0.4:13209 and fully qualified image name: 10.1.0.4:13209/appsvc/node:20-lts_20260115.4.tuxprod
2026-03-22T17:12:14.4310560Z Starting container: 12c615209757_card-social-api.
2026-03-22T17:12:14.7107290Z Starting watchers and probes.
2026-03-22T17:12:14.7124062Z Starting metrics collection.
2026-03-22T17:12:14.7298059Z Container is running.
2026-03-22T17:12:14.7299923Z State: Starting, Action: CreatingContainer, LastError: ContainerTimeout, LastErrorTimestamp: 03/22/2026 17:09:38, LastErrorDetails: Container did not start within expected time limit of 230s. Please inspect your container logs for more details., Details: Container card-social-api successfully created and is running., DetailsLevel: INFO
2026-03-22T17:12:14.9848558Z Container start method finished after 4064 ms.
2026-03-22T17:12:15.1087304Z State: Starting, Action: InitiatingSiteWarmUpProbe, LastError: ContainerTimeout, LastErrorTimestamp: 03/22/2026 17:09:38, LastErrorDetails: Container did not start within expected time limit of 230s. Please inspect your container logs for more details., Details: Container card-social-api successfully created and is running., DetailsLevel: INFO
2026-03-22T17:12:15.1088205Z State: Starting, Action: WaitingForSiteWarmUpProbeSuccess, LastError: ContainerTimeout, LastErrorTimestamp: 03/22/2026 17:09:38, LastErrorDetails: Container did not start within expected time limit of 230s. Please inspect your container logs for more details., Details: Pinging warmup path to ensure container is ready to receive requests., DetailsLevel: INFO
2026-03-22T17:12:53.7870616Z Container has finished running with exit code: 1.
2026-03-22T17:12:53.7874399Z Container is terminating. Grace period: 5 seconds.
2026-03-22T17:12:53.8067166Z Stop and delete container. Retry count = 0
2026-03-22T17:12:53.8137637Z Stopping container: 12c615209757_card-social-api.
2026-03-22T17:12:53.8837334Z Deleting container: 12c615209757_card-social-api. Retry count = 0
2026-03-22T17:12:54.1934144Z Container spec TerminationMessagePolicy  path 
2026-03-22T17:12:54.1940686Z Container is terminated. Total time elapsed: 396 ms.
2026-03-22T17:12:54.1944691Z Site container: card-social-api terminated during site startup.
2026-03-22T17:12:54.1950107Z State: Stopping, Action: CancellingStartup, LastError: ContainerTimeout, LastErrorTimestamp: 03/22/2026 17:09:38, LastErrorDetails: Container did not start within expected time limit of 230s. Please inspect your container logs for more details., Details: Site container: card-social-api terminated during site startup. Cancelling site startup., DetailsLevel: ERR
2026-03-22T17:12:54.2236697Z Site startup probe failed after 39.1139691 seconds.
2026-03-22T17:12:54.4564257Z State: Stopping, Action: CancellingStartup, LastError: ContainerTimeout, LastErrorTimestamp: 03/22/2026 17:12:54, LastErrorDetails: Container did not start within expected time limit of 230s. Please inspect your container logs for more details., Details: Site container: card-social-api terminated during site startup. Cancelling site startup., DetailsLevel: ERR
2026-03-22T17:12:54.4923505Z Failed to start site. Revert by stopping site.
2026-03-22T17:12:54.4924869Z State: Stopping, Action: StoppingSite, LastError: ContainerTimeout, LastErrorTimestamp: 03/22/2026 17:12:54, LastErrorDetails: Container did not start within expected time limit of 230s. Please inspect your container logs for more details., Details: Site container: card-social-api terminated during site startup. Cancelling site startup., DetailsLevel: ERR
2026-03-22T17:12:54.4927211Z State: Stopping, Action: StoppingSiteContainers, LastError: ContainerTimeout, LastErrorTimestamp: 03/22/2026 17:12:54, LastErrorDetails: Container did not start within expected time limit of 230s. Please inspect your container logs for more details., Details: Site container: card-social-api terminated during site startup. Cancelling site startup., DetailsLevel: ERR
2026-03-22T17:12:54.4927342Z Site: card-social-api stopped.
2026-03-22T17:12:54.4964876Z State: Stopping, Action: UnmountingVolumes, LastError: ContainerTimeout, LastErrorTimestamp: 03/22/2026 17:12:54, LastErrorDetails: Container did not start within expected time limit of 230s. Please inspect your container logs for more details., Details: Site container: card-social-api terminated during site startup. Cancelling site startup., DetailsLevel: ERR
2026-03-22T17:12:54.9645363Z State: Stopping, Action: StoppingSiteNetworks, LastError: ContainerTimeout, LastErrorTimestamp: 03/22/2026 17:12:54, LastErrorDetails: Container did not start within expected time limit of 230s. Please inspect your container logs for more details., Details: Site container: card-social-api terminated during site startup. Cancelling site startup., DetailsLevel: ERR
2026-03-22T17:12:55.5303717Z Site: card-social-api will be blocked for 1 minutes till 03/22/2026 17:13:55
2026-03-22T17:12:55.5317865Z State: Blocked, Action: StoppingSiteNetworks, LastError: ContainerTimeout, LastErrorTimestamp: 03/22/2026 17:12:54, LastErrorDetails: Container did not start within expected time limit of 230s. Please inspect your container logs for more details., Details: Site: card-social-api will be blocked for 1 minutes till 03/22/2026 17:13:55, DetailsLevel: WARN
2026-03-22T17:12:55.5489580Z State: Stopped, Action: None, LastError: ContainerTimeout, LastErrorTimestamp: 03/22/2026 17:12:54, LastErrorDetails: Container did not start within expected time limit of 230s. Please inspect your container logs for more details., Details: Site stopped at 03/22/2026 17:12:55 (UTC), DetailsLevel: WARN
2026-03-22T17:12:55.7428903Z State: Stopped, Action: None, LastError: ContainerTimeout, LastErrorTimestamp: 03/22/2026 17:12:54, LastErrorDetails: Container did not start within expected time limit of 230s. Please inspect your container logs for more details., Details: Site stopped at 03/22/2026 17:12:55 (UTC), DetailsLevel: WARN
2026-03-22T17:13:55.5269834Z Site: card-social-api is unblocked.
2026-03-22T17:18:07.1426236Z State: Starting, Action: EstablishingSiteNetworks, LastError: ContainerTimeout, LastErrorTimestamp: 03/22/2026 17:12:54, LastErrorDetails: Container did not start within expected time limit of 230s. Please inspect your container logs for more details., Details: Site stopped at 03/22/2026 17:12:55 (UTC), DetailsLevel: WARN
2026-03-22T17:18:10.0344158Z State: Starting, Action: StartingSiteContainers, LastError: ContainerTimeout, LastErrorTimestamp: 03/22/2026 17:12:54, LastErrorDetails: Container did not start within expected time limit of 230s. Please inspect your container logs for more details., Details: Site stopped at 03/22/2026 17:12:55 (UTC), DetailsLevel: WARN
2026-03-22T17:18:10.0345401Z Container start method called.
2026-03-22T17:18:10.0345870Z State: Starting, Action: PullingImage, LastError: ContainerTimeout, LastErrorTimestamp: 03/22/2026 17:12:54, LastErrorDetails: Container did not start within expected time limit of 230s. Please inspect your container logs for more details., Details: Pulling image 10.1.0.4:13209/appsvc/node:20-lts_20260115.4.tuxprod for card-social-api., DetailsLevel: INFO
2026-03-22T17:18:10.0346864Z Establishing network.
2026-03-22T17:18:10.0348419Z Pulling image: appsvc/node:20-lts_20260115.4.tuxprod.
2026-03-22T17:18:10.2927942Z Container is starting.
2026-03-22T17:18:10.2928940Z State: Starting, Action: MountingVolumes, LastError: ContainerTimeout, LastErrorTimestamp: 03/22/2026 17:12:54, LastErrorDetails: Container did not start within expected time limit of 230s. Please inspect your container logs for more details., Details: Mounting volumes for card-social-api., DetailsLevel: INFO
2026-03-22T17:18:10.2930046Z Establishing user namespace if not established already.
2026-03-22T17:18:10.2931279Z Establishing network if not established already.
2026-03-22T17:18:10.2932478Z Mounting volumes.
2026-03-22T17:18:10.2934042Z Nested mountpoint 
2026-03-22T17:18:10.4295867Z Nested mountpoint volatile/logs
2026-03-22T17:18:10.4490673Z Nested mountpoint 
2026-03-22T17:18:10.4515429Z Nested mountpoint 
2026-03-22T17:18:10.4703405Z Nested mountpoint 
2026-03-22T17:18:11.7940559Z State: Starting, Action: CreatingContainer, LastError: ContainerTimeout, LastErrorTimestamp: 03/22/2026 17:12:54, LastErrorDetails: Container did not start within expected time limit of 230s. Please inspect your container logs for more details., Details: Finished pulling container image and mounting volumes for card-social-api. Allocatinng the rest of the container resources to finish container creation., DetailsLevel: INFO
2026-03-22T17:18:11.7943539Z Creating container.
2026-03-22T17:18:11.7947939Z Creating pipes for streaming container io.
2026-03-22T17:18:11.7952151Z Creating stdout named pipe at /podr/container/pipe/16bf1f50ba9f_card-social-api/stdout_7d60ac9b3713418bb9e00ec4b40a8a4f.
2026-03-22T17:18:11.7969180Z Successfully created stdout named pipe at: /podr/container/pipe/16bf1f50ba9f_card-social-api/stdout_7d60ac9b3713418bb9e00ec4b40a8a4f.
2026-03-22T17:18:11.8238262Z Opening named pipe /podr/container/pipe/16bf1f50ba9f_card-social-api/stdout_7d60ac9b3713418bb9e00ec4b40a8a4f for reading in non-blocking mode.
2026-03-22T17:18:11.8241898Z Successfully opened named pipe: /podr/container/pipe/16bf1f50ba9f_card-social-api/stdout_7d60ac9b3713418bb9e00ec4b40a8a4f.
2026-03-22T17:18:11.8245783Z Successfully removed non-blocking flag from /podr/container/pipe/16bf1f50ba9f_card-social-api/stdout_7d60ac9b3713418bb9e00ec4b40a8a4f.
2026-03-22T17:18:11.8256593Z Creating stderr named pipe at /podr/container/pipe/16bf1f50ba9f_card-social-api/stderr_e4c4fc1a7a4b469d868538421021234e.
2026-03-22T17:18:11.8261074Z Successfully created stderr named pipe at: /podr/container/pipe/16bf1f50ba9f_card-social-api/stderr_e4c4fc1a7a4b469d868538421021234e.
2026-03-22T17:18:11.8266727Z Opening named pipe /podr/container/pipe/16bf1f50ba9f_card-social-api/stderr_e4c4fc1a7a4b469d868538421021234e for reading in non-blocking mode.
2026-03-22T17:18:11.8271990Z Successfully opened named pipe: /podr/container/pipe/16bf1f50ba9f_card-social-api/stderr_e4c4fc1a7a4b469d868538421021234e.
2026-03-22T17:18:11.8438489Z Successfully removed non-blocking flag from /podr/container/pipe/16bf1f50ba9f_card-social-api/stderr_e4c4fc1a7a4b469d868538421021234e.
2026-03-22T17:18:11.8460957Z Creating container with image: appsvc/node:20-lts_20260115.4.tuxprod from registry: 10.1.0.4:13209 and fully qualified image name: 10.1.0.4:13209/appsvc/node:20-lts_20260115.4.tuxprod
2026-03-22T17:18:12.9047891Z Starting container: 16bf1f50ba9f_card-social-api.
2026-03-22T17:18:13.0888214Z Starting watchers and probes.
2026-03-22T17:18:13.0907875Z Starting metrics collection.
2026-03-22T17:18:13.0910340Z Container is running.
2026-03-22T17:18:13.0911764Z State: Starting, Action: CreatingContainer, LastError: ContainerTimeout, LastErrorTimestamp: 03/22/2026 17:12:54, LastErrorDetails: Container did not start within expected time limit of 230s. Please inspect your container logs for more details., Details: Container card-social-api successfully created and is running., DetailsLevel: INFO
2026-03-22T17:18:13.3175832Z Container start method finished after 3282 ms.
2026-03-22T17:18:13.3562559Z State: Starting, Action: InitiatingSiteWarmUpProbe, LastError: ContainerTimeout, LastErrorTimestamp: 03/22/2026 17:12:54, LastErrorDetails: Container did not start within expected time limit of 230s. Please inspect your container logs for more details., Details: Container card-social-api successfully created and is running., DetailsLevel: INFO
2026-03-22T17:18:13.3563149Z State: Starting, Action: WaitingForSiteWarmUpProbeSuccess, LastError: ContainerTimeout, LastErrorTimestamp: 03/22/2026 17:12:54, LastErrorDetails: Container did not start within expected time limit of 230s. Please inspect your container logs for more details., Details: Pinging warmup path to ensure container is ready to receive requests., DetailsLevel: INFO
2026-03-22T17:18:40.2156454Z Container has finished running with exit code: 1.
2026-03-22T17:18:40.2217324Z Container is terminating. Grace period: 5 seconds.
2026-03-22T17:18:40.2241424Z Stop and delete container. Retry count = 0
2026-03-22T17:18:40.2250218Z Stopping container: 16bf1f50ba9f_card-social-api.
2026-03-22T17:18:40.2927574Z Deleting container: 16bf1f50ba9f_card-social-api. Retry count = 0
2026-03-22T17:18:40.5950753Z Container spec TerminationMessagePolicy  path 
2026-03-22T17:18:40.6026578Z Container is terminated. Total time elapsed: 380 ms.
2026-03-22T17:18:40.6031742Z Site container: card-social-api terminated during site startup.
2026-03-22T17:18:40.6033084Z State: Stopping, Action: CancellingStartup, LastError: ContainerTimeout, LastErrorTimestamp: 03/22/2026 17:12:54, LastErrorDetails: Container did not start within expected time limit of 230s. Please inspect your container logs for more details., Details: Site container: card-social-api terminated during site startup. Cancelling site startup., DetailsLevel: ERR
2026-03-22T17:18:40.6324681Z Site startup probe failed after 27.2749188 seconds.
2026-03-22T17:18:40.8716888Z State: Stopping, Action: CancellingStartup, LastError: ContainerTimeout, LastErrorTimestamp: 03/22/2026 17:18:40, LastErrorDetails: Container did not start within expected time limit of 230s. Please inspect your container logs for more details., Details: Site container: card-social-api terminated during site startup. Cancelling site startup., DetailsLevel: ERR
2026-03-22T17:18:40.8903190Z Failed to start site. Revert by stopping site.
2026-03-22T17:18:40.8905128Z State: Stopping, Action: StoppingSite, LastError: ContainerTimeout, LastErrorTimestamp: 03/22/2026 17:18:40, LastErrorDetails: Container did not start within expected time limit of 230s. Please inspect your container logs for more details., Details: Site container: card-social-api terminated during site startup. Cancelling site startup., DetailsLevel: ERR
2026-03-22T17:18:40.9094374Z State: Stopping, Action: StoppingSiteContainers, LastError: ContainerTimeout, LastErrorTimestamp: 03/22/2026 17:18:40, LastErrorDetails: Container did not start within expected time limit of 230s. Please inspect your container logs for more details., Details: Site container: card-social-api terminated during site startup. Cancelling site startup., DetailsLevel: ERR
2026-03-22T17:18:40.9094777Z Site: card-social-api stopped.
2026-03-22T17:18:40.9206918Z State: Stopping, Action: UnmountingVolumes, LastError: ContainerTimeout, LastErrorTimestamp: 03/22/2026 17:18:40, LastErrorDetails: Container did not start within expected time limit of 230s. Please inspect your container logs for more details., Details: Site container: card-social-api terminated during site startup. Cancelling site startup., DetailsLevel: ERR
2026-03-22T17:18:41.3676294Z State: Stopping, Action: StoppingSiteNetworks, LastError: ContainerTimeout, LastErrorTimestamp: 03/22/2026 17:18:40, LastErrorDetails: Container did not start within expected time limit of 230s. Please inspect your container logs for more details., Details: Site container: card-social-api terminated during site startup. Cancelling site startup., DetailsLevel: ERR
2026-03-22T17:18:41.9508008Z Site: card-social-api will be blocked for 2 minutes till 03/22/2026 17:20:41
2026-03-22T17:18:41.9512321Z State: Blocked, Action: StoppingSiteNetworks, LastError: ContainerTimeout, LastErrorTimestamp: 03/22/2026 17:18:40, LastErrorDetails: Container did not start within expected time limit of 230s. Please inspect your container logs for more details., Details: Site: card-social-api will be blocked for 2 minutes till 03/22/2026 17:20:41, DetailsLevel: WARN
2026-03-22T17:18:41.9519330Z State: Stopped, Action: None, LastError: ContainerTimeout, LastErrorTimestamp: 03/22/2026 17:18:40, LastErrorDetails: Container did not start within expected time limit of 230s. Please inspect your container logs for more details., Details: Site stopped at 03/22/2026 17:18:41 (UTC), DetailsLevel: WARN
2026-03-22T17:18:42.1249429Z State: Stopped, Action: None, LastError: ContainerTimeout, LastErrorTimestamp: 03/22/2026 17:18:40, LastErrorDetails: Container did not start within expected time limit of 230s. Please inspect your container logs for more details., Details: Site stopped at 03/22/2026 17:18:41 (UTC), DetailsLevel: WARN
2026-03-22T17:20:41.9525017Z Site: card-social-api is unblocked.
2026-03-22T17:28:03.6063197Z State: Starting, Action: EstablishingSiteNetworks, LastError: ContainerTimeout, LastErrorTimestamp: 03/22/2026 17:18:40, LastErrorDetails: Container did not start within expected time limit of 230s. Please inspect your container logs for more details., Details: Site stopped at 03/22/2026 17:18:41 (UTC), DetailsLevel: WARN
2026-03-22T17:28:06.4151955Z State: Starting, Action: StartingSiteContainers, LastError: ContainerTimeout, LastErrorTimestamp: 03/22/2026 17:18:40, LastErrorDetails: Container did not start within expected time limit of 230s. Please inspect your container logs for more details., Details: Site stopped at 03/22/2026 17:18:41 (UTC), DetailsLevel: WARN
2026-03-22T17:28:06.4164588Z Container start method called.
2026-03-22T17:28:06.4228868Z State: Starting, Action: PullingImage, LastError: ContainerTimeout, LastErrorTimestamp: 03/22/2026 17:18:40, LastErrorDetails: Container did not start within expected time limit of 230s. Please inspect your container logs for more details., Details: Pulling image 10.1.0.4:13209/appsvc/node:20-lts_20260115.4.tuxprod for card-social-api., DetailsLevel: INFO
2026-03-22T17:28:06.4236740Z Establishing network.
2026-03-22T17:28:06.4240669Z Pulling image: appsvc/node:20-lts_20260115.4.tuxprod.
2026-03-22T17:28:06.7572577Z Container is starting.
2026-03-22T17:28:06.7573453Z State: Starting, Action: MountingVolumes, LastError: ContainerTimeout, LastErrorTimestamp: 03/22/2026 17:18:40, LastErrorDetails: Container did not start within expected time limit of 230s. Please inspect your container logs for more details., Details: Mounting volumes for card-social-api., DetailsLevel: INFO
2026-03-22T17:28:06.7574787Z Establishing user namespace if not established already.
2026-03-22T17:28:06.7576057Z Establishing network if not established already.
2026-03-22T17:28:06.7577425Z Mounting volumes.
2026-03-22T17:28:06.7579122Z Nested mountpoint 
2026-03-22T17:28:06.7957493Z Nested mountpoint volatile/logs
2026-03-22T17:28:06.8541276Z Nested mountpoint 
2026-03-22T17:28:06.8548193Z Nested mountpoint 
2026-03-22T17:28:06.9425832Z Nested mountpoint 
2026-03-22T17:28:07.3778429Z State: Starting, Action: CreatingContainer, LastError: ContainerTimeout, LastErrorTimestamp: 03/22/2026 17:18:40, LastErrorDetails: Container did not start within expected time limit of 230s. Please inspect your container logs for more details., Details: Finished pulling container image and mounting volumes for card-social-api. Allocatinng the rest of the container resources to finish container creation., DetailsLevel: INFO
2026-03-22T17:28:07.3784599Z Creating container.
2026-03-22T17:28:07.3793034Z Creating pipes for streaming container io.
2026-03-22T17:28:07.3797180Z Creating stdout named pipe at /podr/container/pipe/678a144be985_card-social-api/stdout_d328c7261105412dac04bd76b4689fff.
2026-03-22T17:28:07.3882615Z Successfully created stdout named pipe at: /podr/container/pipe/678a144be985_card-social-api/stdout_d328c7261105412dac04bd76b4689fff.
2026-03-22T17:28:07.3885815Z Opening named pipe /podr/container/pipe/678a144be985_card-social-api/stdout_d328c7261105412dac04bd76b4689fff for reading in non-blocking mode.
2026-03-22T17:28:07.3890205Z Successfully opened named pipe: /podr/container/pipe/678a144be985_card-social-api/stdout_d328c7261105412dac04bd76b4689fff.
2026-03-22T17:28:07.3896136Z Successfully removed non-blocking flag from /podr/container/pipe/678a144be985_card-social-api/stdout_d328c7261105412dac04bd76b4689fff.
2026-03-22T17:28:07.3998584Z Creating stderr named pipe at /podr/container/pipe/678a144be985_card-social-api/stderr_7861532847eb4e21be50afaf399484e8.
2026-03-22T17:28:07.4008935Z Successfully created stderr named pipe at: /podr/container/pipe/678a144be985_card-social-api/stderr_7861532847eb4e21be50afaf399484e8.
2026-03-22T17:28:07.4016832Z Opening named pipe /podr/container/pipe/678a144be985_card-social-api/stderr_7861532847eb4e21be50afaf399484e8 for reading in non-blocking mode.
2026-03-22T17:28:07.4062403Z Successfully opened named pipe: /podr/container/pipe/678a144be985_card-social-api/stderr_7861532847eb4e21be50afaf399484e8.
2026-03-22T17:28:07.4072051Z Successfully removed non-blocking flag from /podr/container/pipe/678a144be985_card-social-api/stderr_7861532847eb4e21be50afaf399484e8.
2026-03-22T17:28:07.4089392Z Creating container with image: appsvc/node:20-lts_20260115.4.tuxprod from registry: 10.1.0.4:13209 and fully qualified image name: 10.1.0.4:13209/appsvc/node:20-lts_20260115.4.tuxprod
2026-03-22T17:28:08.0439478Z Starting container: 678a144be985_card-social-api.
2026-03-22T17:28:08.1403874Z Starting watchers and probes.
2026-03-22T17:28:08.1598076Z Starting metrics collection.
2026-03-22T17:28:08.1614103Z Container is running.
2026-03-22T17:28:08.1616080Z State: Starting, Action: CreatingContainer, LastError: ContainerTimeout, LastErrorTimestamp: 03/22/2026 17:18:40, LastErrorDetails: Container did not start within expected time limit of 230s. Please inspect your container logs for more details., Details: Container card-social-api successfully created and is running., DetailsLevel: INFO
2026-03-22T17:28:08.4724755Z Container start method finished after 2055 ms.
2026-03-22T17:28:08.4943736Z State: Starting, Action: InitiatingSiteWarmUpProbe, LastError: ContainerTimeout, LastErrorTimestamp: 03/22/2026 17:18:40, LastErrorDetails: Container did not start within expected time limit of 230s. Please inspect your container logs for more details., Details: Container card-social-api successfully created and is running., DetailsLevel: INFO
2026-03-22T17:28:08.5016075Z State: Starting, Action: WaitingForSiteWarmUpProbeSuccess, LastError: ContainerTimeout, LastErrorTimestamp: 03/22/2026 17:18:40, LastErrorDetails: Container did not start within expected time limit of 230s. Please inspect your container logs for more details., Details: Pinging warmup path to ensure container is ready to receive requests., DetailsLevel: INFO
2026-03-22T17:28:40.3262069Z Container has finished running with exit code: 1.
2026-03-22T17:28:40.3275559Z Container is terminating. Grace period: 5 seconds.
2026-03-22T17:28:40.3367182Z Stop and delete container. Retry count = 0
2026-03-22T17:28:40.3370885Z Stopping container: 678a144be985_card-social-api.
2026-03-22T17:28:40.4143748Z Deleting container: 678a144be985_card-social-api. Retry count = 0
2026-03-22T17:28:40.7741346Z Container spec TerminationMessagePolicy  path 
2026-03-22T17:28:40.7749819Z Container is terminated. Total time elapsed: 446 ms.
2026-03-22T17:28:40.7753665Z Site container: card-social-api terminated during site startup.
2026-03-22T17:28:40.7755354Z State: Stopping, Action: CancellingStartup, LastError: ContainerTimeout, LastErrorTimestamp: 03/22/2026 17:18:40, LastErrorDetails: Container did not start within expected time limit of 230s. Please inspect your container logs for more details., Details: Site container: card-social-api terminated during site startup. Cancelling site startup., DetailsLevel: ERR
2026-03-22T17:28:40.8147763Z Site startup probe failed after 32.3122796 seconds.
2026-03-22T17:28:41.0418633Z State: Stopping, Action: CancellingStartup, LastError: ContainerTimeout, LastErrorTimestamp: 03/22/2026 17:28:41, LastErrorDetails: Container did not start within expected time limit of 230s. Please inspect your container logs for more details., Details: Site container: card-social-api terminated during site startup. Cancelling site startup., DetailsLevel: ERR
2026-03-22T17:28:41.0785733Z Failed to start site. Revert by stopping site.
2026-03-22T17:28:41.0789611Z State: Stopping, Action: StoppingSite, LastError: ContainerTimeout, LastErrorTimestamp: 03/22/2026 17:28:41, LastErrorDetails: Container did not start within expected time limit of 230s. Please inspect your container logs for more details., Details: Site container: card-social-api terminated during site startup. Cancelling site startup., DetailsLevel: ERR
2026-03-22T17:28:41.0794353Z State: Stopping, Action: StoppingSiteContainers, LastError: ContainerTimeout, LastErrorTimestamp: 03/22/2026 17:28:41, LastErrorDetails: Container did not start within expected time limit of 230s. Please inspect your container logs for more details., Details: Site container: card-social-api terminated during site startup. Cancelling site startup., DetailsLevel: ERR
2026-03-22T17:28:41.0794690Z Site: card-social-api stopped.
2026-03-22T18:35:25.1543213Z State: Starting, Action: EstablishingSiteNetworks, LastError: ContainerTimeout, LastErrorTimestamp: 03/22/2026 17:28:41, LastErrorDetails: Container did not start within expected time limit of 230s. Please inspect your container logs for more details., Details: Site stopped at 03/22/2026 17:28:41 (UTC), DetailsLevel: WARN
2026-03-22T18:35:28.5971167Z State: Starting, Action: StartingSiteContainers, LastError: ContainerTimeout, LastErrorTimestamp: 03/22/2026 17:28:41, LastErrorDetails: Container did not start within expected time limit of 230s. Please inspect your container logs for more details., Details: Site stopped at 03/22/2026 17:28:41 (UTC), DetailsLevel: WARN
2026-03-22T18:35:28.5978120Z Container start method called.
2026-03-22T18:35:28.5989929Z State: Starting, Action: PullingImage, LastError: ContainerTimeout, LastErrorTimestamp: 03/22/2026 17:28:41, LastErrorDetails: Container did not start within expected time limit of 230s. Please inspect your container logs for more details., Details: Pulling image 10.1.0.4:13209/appsvc/node:20-lts_20260115.4.tuxprod for card-social-api., DetailsLevel: INFO
2026-03-22T18:35:28.6051237Z Establishing network.
2026-03-22T18:35:28.6058366Z Pulling image: appsvc/node:20-lts_20260115.4.tuxprod.
2026-03-22T18:35:29.1242339Z Container is starting.
2026-03-22T18:35:29.1249847Z State: Starting, Action: MountingVolumes, LastError: ContainerTimeout, LastErrorTimestamp: 03/22/2026 17:28:41, LastErrorDetails: Container did not start within expected time limit of 230s. Please inspect your container logs for more details., Details: Mounting volumes for card-social-api., DetailsLevel: INFO
2026-03-22T18:35:29.1252018Z Establishing user namespace if not established already.
2026-03-22T18:35:29.1327795Z Establishing network if not established already.
2026-03-22T18:35:29.1333066Z Mounting volumes.
2026-03-22T18:35:29.1382999Z Nested mountpoint 
2026-03-22T18:35:29.2098736Z Nested mountpoint volatile/logs
2026-03-22T18:35:29.2439462Z Nested mountpoint 
2026-03-22T18:35:29.2642843Z Nested mountpoint 
2026-03-22T18:35:29.3378538Z Nested mountpoint 
2026-03-22T18:35:29.8454965Z State: Starting, Action: CreatingContainer, LastError: ContainerTimeout, LastErrorTimestamp: 03/22/2026 17:28:41, LastErrorDetails: Container did not start within expected time limit of 230s. Please inspect your container logs for more details., Details: Finished pulling container image and mounting volumes for card-social-api. Allocatinng the rest of the container resources to finish container creation., DetailsLevel: INFO
2026-03-22T18:35:29.8550633Z Creating container.
2026-03-22T18:35:29.8815097Z Creating pipes for streaming container io.
2026-03-22T18:35:29.8838649Z Creating stdout named pipe at /podr/container/pipe/e006d7990683_card-social-api/stdout_20034fd6cedb4ee9acfba8077b5768b4.
2026-03-22T18:35:29.9105881Z Successfully created stdout named pipe at: /podr/container/pipe/e006d7990683_card-social-api/stdout_20034fd6cedb4ee9acfba8077b5768b4.
2026-03-22T18:35:29.9108185Z Opening named pipe /podr/container/pipe/e006d7990683_card-social-api/stdout_20034fd6cedb4ee9acfba8077b5768b4 for reading in non-blocking mode.
2026-03-22T18:35:29.9163216Z Successfully opened named pipe: /podr/container/pipe/e006d7990683_card-social-api/stdout_20034fd6cedb4ee9acfba8077b5768b4.
2026-03-22T18:35:29.9174129Z Successfully removed non-blocking flag from /podr/container/pipe/e006d7990683_card-social-api/stdout_20034fd6cedb4ee9acfba8077b5768b4.
2026-03-22T18:35:29.9185366Z Creating stderr named pipe at /podr/container/pipe/e006d7990683_card-social-api/stderr_0b7e581d6a114a378296313fae0e205f.
2026-03-22T18:35:29.9258741Z Successfully created stderr named pipe at: /podr/container/pipe/e006d7990683_card-social-api/stderr_0b7e581d6a114a378296313fae0e205f.
2026-03-22T18:35:29.9261622Z Opening named pipe /podr/container/pipe/e006d7990683_card-social-api/stderr_0b7e581d6a114a378296313fae0e205f for reading in non-blocking mode.
2026-03-22T18:35:29.9263165Z Successfully opened named pipe: /podr/container/pipe/e006d7990683_card-social-api/stderr_0b7e581d6a114a378296313fae0e205f.
2026-03-22T18:35:29.9264528Z Successfully removed non-blocking flag from /podr/container/pipe/e006d7990683_card-social-api/stderr_0b7e581d6a114a378296313fae0e205f.
2026-03-22T18:35:29.9300090Z Creating container with image: appsvc/node:20-lts_20260115.4.tuxprod from registry: 10.1.0.4:13209 and fully qualified image name: 10.1.0.4:13209/appsvc/node:20-lts_20260115.4.tuxprod
2026-03-22T18:35:31.1884328Z Starting container: e006d7990683_card-social-api.
2026-03-22T18:35:31.2797375Z Starting watchers and probes.
2026-03-22T18:35:31.2913612Z Starting metrics collection.
2026-03-22T18:35:31.2925611Z Container is running.
2026-03-22T18:35:31.2993454Z State: Starting, Action: CreatingContainer, LastError: ContainerTimeout, LastErrorTimestamp: 03/22/2026 17:28:41, LastErrorDetails: Container did not start within expected time limit of 230s. Please inspect your container logs for more details., Details: Container card-social-api successfully created and is running., DetailsLevel: INFO
2026-03-22T18:35:31.5042309Z Container start method finished after 2898 ms.
2026-03-22T18:35:31.5051473Z State: Starting, Action: InitiatingSiteWarmUpProbe, LastError: ContainerTimeout, LastErrorTimestamp: 03/22/2026 17:28:41, LastErrorDetails: Container did not start within expected time limit of 230s. Please inspect your container logs for more details., Details: Container card-social-api successfully created and is running., DetailsLevel: INFO
2026-03-22T18:35:31.5163483Z State: Starting, Action: WaitingForSiteWarmUpProbeSuccess, LastError: ContainerTimeout, LastErrorTimestamp: 03/22/2026 17:28:41, LastErrorDetails: Container did not start within expected time limit of 230s. Please inspect your container logs for more details., Details: Pinging warmup path to ensure container is ready to receive requests., DetailsLevel: INFO
2026-03-22T18:36:04.7108159Z Container has finished running with exit code: 1.
2026-03-22T18:36:04.7115631Z Container is terminating. Grace period: 5 seconds.
2026-03-22T18:36:04.7126577Z Stop and delete container. Retry count = 0
2026-03-22T18:36:04.7128508Z Stopping container: e006d7990683_card-social-api.
2026-03-22T18:36:04.9303980Z Deleting container: e006d7990683_card-social-api. Retry count = 0
2026-03-22T18:36:05.6979135Z Container spec TerminationMessagePolicy  path 
2026-03-22T18:36:05.7443803Z Container is terminated. Total time elapsed: 987 ms.
2026-03-22T18:36:05.7525315Z Site container: card-social-api terminated during site startup.
2026-03-22T18:36:05.7621392Z State: Stopping, Action: CancellingStartup, LastError: ContainerTimeout, LastErrorTimestamp: 03/22/2026 17:28:41, LastErrorDetails: Container did not start within expected time limit of 230s. Please inspect your container logs for more details., Details: Site container: card-social-api terminated during site startup. Cancelling site startup., DetailsLevel: ERR
2026-03-22T18:36:05.8407969Z Site startup probe failed after 34.2497046 seconds.
2026-03-22T18:36:06.1459934Z State: Stopping, Action: CancellingStartup, LastError: ContainerTimeout, LastErrorTimestamp: 03/22/2026 18:36:06, LastErrorDetails: Container did not start within expected time limit of 230s. Please inspect your container logs for more details., Details: Site container: card-social-api terminated during site startup. Cancelling site startup., DetailsLevel: ERR
2026-03-22T18:36:06.2223684Z Failed to start site. Revert by stopping site.
2026-03-22T18:36:06.2227490Z State: Stopping, Action: StoppingSite, LastError: ContainerTimeout, LastErrorTimestamp: 03/22/2026 18:36:06, LastErrorDetails: Container did not start within expected time limit of 230s. Please inspect your container logs for more details., Details: Site container: card-social-api terminated during site startup. Cancelling site startup., DetailsLevel: ERR
2026-03-22T18:36:06.2234269Z State: Stopping, Action: StoppingSiteContainers, LastError: ContainerTimeout, LastErrorTimestamp: 03/22/2026 18:36:06, LastErrorDetails: Container did not start within expected time limit of 230s. Please inspect your container logs for more details., Details: Site container: card-social-api terminated during site startup. Cancelling site startup., DetailsLevel: ERR
2026-03-22T18:36:06.2234450Z Site: card-social-api stopped.
2026-03-22T18:36:06.2517337Z State: Stopping, Action: UnmountingVolumes, LastError: ContainerTimeout, LastErrorTimestamp: 03/22/2026 18:36:06, LastErrorDetails: Container did not start within expected time limit of 230s. Please inspect your container logs for more details., Details: Site container: card-social-api terminated during site startup. Cancelling site startup., DetailsLevel: ERR
2026-03-22T18:36:06.9468761Z State: Stopping, Action: StoppingSiteNetworks, LastError: ContainerTimeout, LastErrorTimestamp: 03/22/2026 18:36:06, LastErrorDetails: Container did not start within expected time limit of 230s. Please inspect your container logs for more details., Details: Site container: card-social-api terminated during site startup. Cancelling site startup., DetailsLevel: ERR
2026-03-22T18:36:07.8572478Z State: Stopped, Action: None, LastError: ContainerTimeout, LastErrorTimestamp: 03/22/2026 18:36:06, LastErrorDetails: Container did not start within expected time limit of 230s. Please inspect your container logs for more details., Details: Site stopped at 03/22/2026 18:36:07 (UTC), DetailsLevel: ERR
2026-03-22T18:36:08.3194228Z State: Stopped, Action: None, LastError: ContainerTimeout, LastErrorTimestamp: 03/22/2026 18:36:06, LastErrorDetails: Container did not start within expected time limit of 230s. Please inspect your container logs for more details., Details: Site stopped at 03/22/2026 18:36:07 (UTC), DetailsLevel: ERR
2026-03-22T18:36:08.9958658Z State: Starting, Action: EstablishingSiteNetworks, LastError: ContainerTimeout, LastErrorTimestamp: 03/22/2026 18:36:06, LastErrorDetails: Container did not start within expected time limit of 230s. Please inspect your container logs for more details., Details: Site stopped at 03/22/2026 18:36:07 (UTC), DetailsLevel: ERR
2026-03-22T18:36:12.0814118Z State: Starting, Action: StartingSiteContainers, LastError: ContainerTimeout, LastErrorTimestamp: 03/22/2026 18:36:06, LastErrorDetails: Container did not start within expected time limit of 230s. Please inspect your container logs for more details., Details: Site stopped at 03/22/2026 18:36:07 (UTC), DetailsLevel: ERR
2026-03-22T18:36:12.0815467Z Container start method called.
2026-03-22T18:36:12.0815967Z State: Starting, Action: PullingImage, LastError: ContainerTimeout, LastErrorTimestamp: 03/22/2026 18:36:06, LastErrorDetails: Container did not start within expected time limit of 230s. Please inspect your container logs for more details., Details: Pulling image 10.1.0.4:13209/appsvc/node:20-lts_20260115.4.tuxprod for card-social-api., DetailsLevel: INFO
2026-03-22T18:36:12.0817124Z Establishing network.
2026-03-22T18:36:12.0819147Z Pulling image: appsvc/node:20-lts_20260115.4.tuxprod.
2026-03-22T18:36:12.4497505Z Container is starting.
2026-03-22T18:36:12.4498621Z State: Starting, Action: MountingVolumes, LastError: ContainerTimeout, LastErrorTimestamp: 03/22/2026 18:36:06, LastErrorDetails: Container did not start within expected time limit of 230s. Please inspect your container logs for more details., Details: Mounting volumes for card-social-api., DetailsLevel: INFO
2026-03-22T18:36:12.4499707Z Establishing user namespace if not established already.
2026-03-22T18:36:12.4500941Z Establishing network if not established already.
2026-03-22T18:36:12.4502187Z Mounting volumes.
2026-03-22T18:36:12.4503636Z Nested mountpoint 
2026-03-22T18:36:12.5645625Z Nested mountpoint volatile/logs
2026-03-22T18:36:12.6673758Z Nested mountpoint 
2026-03-22T18:36:12.6862062Z Nested mountpoint 
2026-03-22T18:36:12.7918991Z Nested mountpoint 
2026-03-22T18:36:13.2613055Z State: Starting, Action: CreatingContainer, LastError: ContainerTimeout, LastErrorTimestamp: 03/22/2026 18:36:06, LastErrorDetails: Container did not start within expected time limit of 230s. Please inspect your container logs for more details., Details: Finished pulling container image and mounting volumes for card-social-api. Allocatinng the rest of the container resources to finish container creation., DetailsLevel: INFO
2026-03-22T18:36:13.3473397Z Creating container.
2026-03-22T18:36:13.3475261Z Creating pipes for streaming container io.
2026-03-22T18:36:13.3476422Z Creating stdout named pipe at /podr/container/pipe/f74742827dbf_card-social-api/stdout_e7916bf8b0254212b7cdd91c8ca8565f.
2026-03-22T18:36:13.3479031Z Successfully created stdout named pipe at: /podr/container/pipe/f74742827dbf_card-social-api/stdout_e7916bf8b0254212b7cdd91c8ca8565f.
2026-03-22T18:36:13.3498455Z Opening named pipe /podr/container/pipe/f74742827dbf_card-social-api/stdout_e7916bf8b0254212b7cdd91c8ca8565f for reading in non-blocking mode.
2026-03-22T18:36:13.3500957Z Successfully opened named pipe: /podr/container/pipe/f74742827dbf_card-social-api/stdout_e7916bf8b0254212b7cdd91c8ca8565f.
2026-03-22T18:36:13.3502113Z Successfully removed non-blocking flag from /podr/container/pipe/f74742827dbf_card-social-api/stdout_e7916bf8b0254212b7cdd91c8ca8565f.
2026-03-22T18:36:13.3503867Z Creating stderr named pipe at /podr/container/pipe/f74742827dbf_card-social-api/stderr_5552aa0ecb124a9db60888304b36005b.
2026-03-22T18:36:13.3758701Z Successfully created stderr named pipe at: /podr/container/pipe/f74742827dbf_card-social-api/stderr_5552aa0ecb124a9db60888304b36005b.
2026-03-22T18:36:13.3772136Z Opening named pipe /podr/container/pipe/f74742827dbf_card-social-api/stderr_5552aa0ecb124a9db60888304b36005b for reading in non-blocking mode.
2026-03-22T18:36:13.3866964Z Successfully opened named pipe: /podr/container/pipe/f74742827dbf_card-social-api/stderr_5552aa0ecb124a9db60888304b36005b.
2026-03-22T18:36:13.3872950Z Successfully removed non-blocking flag from /podr/container/pipe/f74742827dbf_card-social-api/stderr_5552aa0ecb124a9db60888304b36005b.
2026-03-22T18:36:13.4053877Z Creating container with image: appsvc/node:20-lts_20260115.4.tuxprod from registry: 10.1.0.4:13209 and fully qualified image name: 10.1.0.4:13209/appsvc/node:20-lts_20260115.4.tuxprod
2026-03-22T18:36:15.1318376Z Starting container: f74742827dbf_card-social-api.
2026-03-22T18:36:15.2955283Z Starting watchers and probes.
2026-03-22T18:36:15.3105425Z Starting metrics collection.
2026-03-22T18:36:15.3128690Z Container is running.
2026-03-22T18:36:15.3202118Z State: Starting, Action: CreatingContainer, LastError: ContainerTimeout, LastErrorTimestamp: 03/22/2026 18:36:06, LastErrorDetails: Container did not start within expected time limit of 230s. Please inspect your container logs for more details., Details: Container card-social-api successfully created and is running., DetailsLevel: INFO
2026-03-22T18:36:15.7898331Z Container start method finished after 3596 ms.
2026-03-22T18:36:15.7914469Z State: Starting, Action: InitiatingSiteWarmUpProbe, LastError: ContainerTimeout, LastErrorTimestamp: 03/22/2026 18:36:06, LastErrorDetails: Container did not start within expected time limit of 230s. Please inspect your container logs for more details., Details: Container card-social-api successfully created and is running., DetailsLevel: INFO
2026-03-22T18:36:15.8262798Z State: Starting, Action: WaitingForSiteWarmUpProbeSuccess, LastError: ContainerTimeout, LastErrorTimestamp: 03/22/2026 18:36:06, LastErrorDetails: Container did not start within expected time limit of 230s. Please inspect your container logs for more details., Details: Pinging warmup path to ensure container is ready to receive requests., DetailsLevel: INFO
2026-03-22T18:36:50.1566413Z Container has finished running with exit code: 1.
2026-03-22T18:36:50.1568248Z Container is terminating. Grace period: 5 seconds.
2026-03-22T18:36:50.1573169Z Stop and delete container. Retry count = 0
2026-03-22T18:36:50.1574329Z Stopping container: f74742827dbf_card-social-api.
2026-03-22T18:36:50.2725206Z Deleting container: f74742827dbf_card-social-api. Retry count = 0
2026-03-22T18:36:50.6216662Z Container spec TerminationMessagePolicy  path 
2026-03-22T18:36:50.6494477Z Container is terminated. Total time elapsed: 464 ms.
2026-03-22T18:36:50.6502217Z Site container: card-social-api terminated during site startup.
2026-03-22T18:36:50.6511016Z State: Stopping, Action: CancellingStartup, LastError: ContainerTimeout, LastErrorTimestamp: 03/22/2026 18:36:06, LastErrorDetails: Container did not start within expected time limit of 230s. Please inspect your container logs for more details., Details: Site container: card-social-api terminated during site startup. Cancelling site startup., DetailsLevel: ERR
2026-03-22T18:36:50.6606624Z Site startup probe failed after 34.833955 seconds.
2026-03-22T18:36:50.9019108Z State: Stopping, Action: CancellingStartup, LastError: ContainerTimeout, LastErrorTimestamp: 03/22/2026 18:36:50, LastErrorDetails: Container did not start within expected time limit of 230s. Please inspect your container logs for more details., Details: Site container: card-social-api terminated during site startup. Cancelling site startup., DetailsLevel: ERR
2026-03-22T18:36:50.9232813Z Failed to start site. Revert by stopping site.
2026-03-22T18:36:50.9234410Z State: Stopping, Action: StoppingSite, LastError: ContainerTimeout, LastErrorTimestamp: 03/22/2026 18:36:50, LastErrorDetails: Container did not start within expected time limit of 230s. Please inspect your container logs for more details., Details: Site container: card-social-api terminated during site startup. Cancelling site startup., DetailsLevel: ERR
2026-03-22T18:36:50.9237425Z State: Stopping, Action: StoppingSiteContainers, LastError: ContainerTimeout, LastErrorTimestamp: 03/22/2026 18:36:50, LastErrorDetails: Container did not start within expected time limit of 230s. Please inspect your container logs for more details., Details: Site container: card-social-api terminated during site startup. Cancelling site startup., DetailsLevel: ERR
2026-03-22T18:36:50.9237570Z Site: card-social-api stopped.
